# https://github.com/mikedh/trimesh
v -0.00620992 0.02661827 -0.00406329
v -0.00624018 0.02661311 -0.00398822
v -0.00629357 0.02663001 -0.00392716
v -0.00634334 0.02656929 -0.00386656
v -0.00639776 0.02647600 -0.00381598
v -0.00646311 0.02638578 -0.00378226
v -0.00653304 0.02628695 -0.00376426
v -0.00660797 0.02619513 -0.00376462
v -0.00667352 0.02606789 -0.00377598
v -0.00672920 0.02591862 -0.00379931
v -0.00676922 0.02573936 -0.00383133
v -0.00680579 0.02559148 -0.00387958
v -0.00683224 0.02545912 -0.00393883
v -0.00685169 0.02536391 -0.00400949
v -0.00685316 0.02526854 -0.00408245
v -0.00684099 0.02519477 -0.00415718
v -0.00682559 0.02518494 -0.00423795
v -0.00678053 0.02513129 -0.00430383
v -0.00674012 0.02516587 -0.00437302
v -0.00668422 0.02520143 -0.00442949
v -0.00662687 0.02528356 -0.00447833
v -0.00655822 0.02536120 -0.00451008
v -0.00649398 0.02548279 -0.00453170
v -0.00642682 0.02560633 -0.00453640
v -0.00635746 0.02571841 -0.00452258
v -0.00629567 0.02584098 -0.00449531
v -0.00626076 0.02604049 -0.00446652
v -0.00621857 0.02616752 -0.00441459
v -0.00618649 0.02627761 -0.00435169
v -0.00616761 0.02637477 -0.00428156
v -0.00617654 0.02651121 -0.00421544
v -0.00618843 0.02658410 -0.00414008
v -0.00644036 0.02594152 -0.00367456
v -0.00652103 0.02584255 -0.00367493
v -0.00606908 0.02626161 -0.00407928
v -0.00609218 0.02629839 -0.00399670
v -0.00625134 0.02532912 -0.00449116
v -0.00618450 0.02546194 -0.00446164
v -0.00610163 0.02581281 -0.00437494
v -0.00606709 0.02593141 -0.00430723
v -0.00673388 0.02519303 -0.00379872
v -0.00676239 0.02505034 -0.00386259
v -0.00605630 0.02618345 -0.00416015
v -0.00678491 0.02484526 -0.00401708
v -0.00677177 0.02476564 -0.00409784
v -0.00670673 0.02469745 -0.00425549
v -0.00666310 0.02473461 -0.00433015
v -0.00618238 0.02631111 -0.00384988
v -0.00623575 0.02624596 -0.00378487
v -0.00654120 0.02486126 -0.00444347
v -0.00646733 0.02494486 -0.00447763
v -0.00636495 0.02604819 -0.00369395
v -0.00632588 0.02520865 -0.00450598
v -0.00659148 0.02570576 -0.00368715
v -0.00665130 0.02554540 -0.00371220
v -0.00614686 0.02567672 -0.00443063
v -0.00669442 0.02535248 -0.00374669
v -0.00604672 0.02603648 -0.00423145
v -0.00678334 0.02494771 -0.00393871
v -0.00675523 0.02475504 -0.00418459
v -0.00612488 0.02629295 -0.00391566
v -0.00660295 0.02477289 -0.00439088
v -0.00629447 0.02614542 -0.00373032
v -0.00639804 0.02507590 -0.00450094
v -0.00644528 0.02629054 -0.00414236
v -0.00645577 0.02628887 -0.00411631
v -0.00647437 0.02629459 -0.00409502
v -0.00649189 0.02627336 -0.00407372
v -0.00651080 0.02624094 -0.00405613
v -0.00653352 0.02620956 -0.00404440
v -0.00655784 0.02617522 -0.00403815
v -0.00658397 0.02614312 -0.00403828
v -0.00660693 0.02609864 -0.00404227
v -0.00662643 0.02604624 -0.00405043
v -0.00664042 0.02598377 -0.00406160
v -0.00665312 0.02593232 -0.00407837
v -0.00666233 0.02588626 -0.00409900
v -0.00666909 0.02585304 -0.00412362
v -0.00666962 0.02581965 -0.00414921
v -0.00666543 0.02579413 -0.00417509
v -0.00665995 0.02579047 -0.00420338
v -0.00664428 0.02577192 -0.00422644
v -0.00663022 0.02578384 -0.00425043
v -0.00661071 0.02579639 -0.00427020
v -0.00659067 0.02582495 -0.00428721
v -0.00656673 0.02585217 -0.00429833
v -0.00654436 0.02589442 -0.00430583
v -0.00652083 0.02593772 -0.00430748
v -0.00649655 0.02597694 -0.00430264
v -0.00647523 0.02601926 -0.00429325
v -0.00646303 0.02608860 -0.00428315
v -0.00644821 0.02613357 -0.00426492
v -0.00643702 0.02617191 -0.00424297
v -0.00643048 0.02620562 -0.00421869
v -0.00643357 0.02625293 -0.00419566
v -0.00643777 0.02627866 -0.00416921
v -0.00656092 0.02607368 -0.00417823
v 0.00679500 -0.02536852 0.00424306
v 0.00672156 -0.02536102 0.00436435
v 0.00649500 -0.02560940 0.00449827
v 0.00643487 -0.02571454 0.00450137
v 0.00628349 -0.02607664 0.00443570
v 0.00624931 -0.02619935 0.00439200
v 0.00621291 -0.02641754 0.00428047
v 0.00624320 -0.02660446 0.00408395
v 0.00627616 -0.02662667 0.00402164
v 0.00636840 -0.02659634 0.00391500
v 0.00648231 -0.02646568 0.00384518
v 0.00670852 -0.02601584 0.00385413
v 0.00675346 -0.02589393 0.00388808
v 0.00681397 -0.02566190 0.00398597
v 0.00661618 -0.02544625 0.00445414
v 0.00637816 -0.02583024 0.00449158
v 0.00665781 -0.02614172 0.00383259
v 0.00622502 -0.02631177 0.00433911
v 0.00621145 -0.02650072 0.00421621
v 0.00676296 -0.02535241 0.00430644
v 0.00660186 -0.02626217 0.00382382
v 0.00660134 -0.02581431 0.00418789
v 0.00682879 -0.02556569 0.00404675
v 0.00632689 -0.02595163 0.00446922
v 0.00642315 -0.02653994 0.00387440
v 0.00667248 -0.02539424 0.00441462
v 0.00682917 -0.02547881 0.00411103
v 0.00678849 -0.02577255 0.00393239
v 0.00631837 -0.02662357 0.00396454
v 0.00681833 -0.02541380 0.00417761
v 0.00622166 -0.02656371 0.00414983
v 0.00654278 -0.02637240 0.00382814
v 0.00655605 -0.02551828 0.00448220
v 0.00657979 -0.02581205 0.00422344
v 0.00651323 -0.02588386 0.00426307
v 0.00649589 -0.02591625 0.00426435
v 0.00645042 -0.02602069 0.00424487
v 0.00644026 -0.02605673 0.00423190
v 0.00642847 -0.02611701 0.00419822
v 0.00643679 -0.02616993 0.00413971
v 0.00644645 -0.02617550 0.00412121
v 0.00647423 -0.02616745 0.00409019
v 0.00650870 -0.02613242 0.00407038
v 0.00657611 -0.02600413 0.00407379
v 0.00658909 -0.02596798 0.00408380
v 0.00660641 -0.02589881 0.00411235
v 0.00654813 -0.02583331 0.00424941
v 0.00647935 -0.02595121 0.00426171
v 0.00656028 -0.02603721 0.00406675
v 0.00643231 -0.02608731 0.00421585
v 0.00642730 -0.02613893 0.00417877
v 0.00659193 -0.02580950 0.00420646
v 0.00654385 -0.02607259 0.00406418
v 0.00661026 -0.02586929 0.00412995
v 0.00646352 -0.02598461 0.00425489
v 0.00649043 -0.02615117 0.00407830
v 0.00656525 -0.02582111 0.00423806
v 0.00661069 -0.02584478 0.00414889
v 0.00659928 -0.02593221 0.00409679
v 0.00645942 -0.02617582 0.00410470
v 0.00660768 -0.02582620 0.00416846
v 0.00643019 -0.02615710 0.00415907
v 0.00652649 -0.02610498 0.00406544
v 0.00653085 -0.02585573 0.00425802
v 0.00651699 -0.02598297 0.00416242
v -0.00620390 0.02661433 -0.00408265
v -0.00619814 0.02660659 -0.00410182
v -0.00619288 0.02659613 -0.00412093
v -0.00618495 0.02657103 -0.00415939
v -0.00618209 0.02655573 -0.00417861
v -0.00617943 0.02653634 -0.00419739
v -0.00616789 0.02640785 -0.00426503
v -0.00617003 0.02644389 -0.00424883
v -0.00617319 0.02647949 -0.00423247
v -0.00616980 0.02634705 -0.00429879
v -0.00617409 0.02632321 -0.00431651
v -0.00617986 0.02630083 -0.00433430
v -0.00619350 0.02625178 -0.00436835
v -0.00620101 0.02622399 -0.00438429
v -0.00620927 0.02619551 -0.00439965
v -0.00622900 0.02614054 -0.00442917
v -0.00624002 0.02611230 -0.00444303
v -0.00625087 0.02607992 -0.00445565
v -0.00628550 0.02588797 -0.00448894
v -0.00627707 0.02594016 -0.00448251
v -0.00626922 0.02599266 -0.00447530
v -0.00630849 0.02580263 -0.00450220
v -0.00632355 0.02577129 -0.00450935
v -0.00634014 0.02574414 -0.00451630
v -0.00637489 0.02569185 -0.00452777
v -0.00639228 0.02566417 -0.00453180
v -0.00640959 0.02563558 -0.00453467
v -0.00644396 0.02557653 -0.00453700
v -0.00646093 0.02554610 -0.00453643
v -0.00647763 0.02551490 -0.00453467
v -0.00654171 0.02538762 -0.00451647
v -0.00652572 0.02541774 -0.00452237
v -0.00650993 0.02544999 -0.00452752
v -0.00657548 0.02533937 -0.00450335
v -0.00659305 0.02532055 -0.00449605
v -0.00661039 0.02530266 -0.00448781
v -0.00664208 0.02526191 -0.00446741
v -0.00665633 0.02523943 -0.00445535
v -0.00667019 0.02521848 -0.00444257
v -0.00669878 0.02518982 -0.00441633
v -0.00671342 0.02518180 -0.00440280
v -0.00672745 0.02517469 -0.00438850
v -0.00675098 0.02515381 -0.00435621
v -0.00676067 0.02514133 -0.00433863
v -0.00677021 0.02513251 -0.00432094
v -0.00679228 0.02514018 -0.00428766
v -0.00680459 0.02515548 -0.00427182
v -0.00681613 0.02517215 -0.00425551
v -0.00683197 0.02519024 -0.00421869
v -0.00683594 0.02519076 -0.00419832
v -0.00683858 0.02519083 -0.00417756
v -0.00684400 0.02520586 -0.00413768
v -0.00684736 0.02522318 -0.00411891
v -0.00685058 0.02524473 -0.00410058
v -0.00685467 0.02529283 -0.00406428
v -0.00685496 0.02531703 -0.00404606
v -0.00685400 0.02534080 -0.00402780
v -0.00684807 0.02538623 -0.00399122
v -0.00684340 0.02540871 -0.00397319
v -0.00683801 0.02543262 -0.00395564
v -0.00682632 0.02548910 -0.00392292
v -0.00682010 0.02552190 -0.00390782
v -0.00681333 0.02555638 -0.00389342
v -0.00679733 0.02562645 -0.00386626
v -0.00678819 0.02566201 -0.00385362
v -0.00677872 0.02569927 -0.00384191
v -0.00675989 0.02578290 -0.00382202
v -0.00675040 0.02582861 -0.00381376
v -0.00674032 0.02587448 -0.00380628
v -0.00668861 0.02603313 -0.00378082
v -0.00670310 0.02599730 -0.00378644
v -0.00671673 0.02595940 -0.00379265
v -0.00665805 0.02610216 -0.00377204
v -0.00664208 0.02613538 -0.00376892
v -0.00662544 0.02616668 -0.00376648
v -0.00658962 0.02622016 -0.00376328
v -0.00657073 0.02624285 -0.00376260
v -0.00655173 0.02626464 -0.00376285
v -0.00651494 0.02631087 -0.00376702
v -0.00649737 0.02633590 -0.00377103
v -0.00648015 0.02636117 -0.00377616
v -0.00641328 0.02645359 -0.00380600
v -0.00642949 0.02643152 -0.00379711
v -0.00644618 0.02640910 -0.00378924
v -0.00638307 0.02649922 -0.00382711
v -0.00636916 0.02652289 -0.00383932
v -0.00635596 0.02654642 -0.00385251
v -0.00633117 0.02659073 -0.00388134
v -0.00631909 0.02660917 -0.00389656
v -0.00630669 0.02662287 -0.00391195
v -0.00627960 0.02662970 -0.00394199
v -0.00626544 0.02662447 -0.00395678
v -0.00625201 0.02661781 -0.00397202
v -0.00623054 0.02661276 -0.00400576
v -0.00622270 0.02661520 -0.00402443
v -0.00621603 0.02661788 -0.00404376
v -0.00654969 0.02595532 -0.00368327
v -0.00657562 0.02605855 -0.00369723
v -0.00659601 0.02614200 -0.00372252
v -0.00611190 0.02642068 -0.00401174
v -0.00613554 0.02652630 -0.00402744
v -0.00616699 0.02659808 -0.00404443
v -0.00620615 0.02556677 -0.00448639
v -0.00623029 0.02566772 -0.00450469
v -0.00625938 0.02576066 -0.00450988
v -0.00608627 0.02604607 -0.00432874
v -0.00610974 0.02614974 -0.00434614
v -0.00614178 0.02623093 -0.00435521
v -0.00679609 0.02514659 -0.00387485
v -0.00682337 0.02524542 -0.00388984
v -0.00683764 0.02534903 -0.00391028
v -0.00680566 0.02485593 -0.00411499
v -0.00683301 0.02495319 -0.00413122
v -0.00684706 0.02506411 -0.00414562
v -0.00669474 0.02482424 -0.00435216
v -0.00672150 0.02492132 -0.00436969
v -0.00673835 0.02503302 -0.00437818
v -0.00625847 0.02636713 -0.00379549
v -0.00628291 0.02647241 -0.00381003
v -0.00631072 0.02654541 -0.00383243
v -0.00649487 0.02503887 -0.00450271
v -0.00652055 0.02513711 -0.00452107
v -0.00654236 0.02524344 -0.00452584
v -0.00668268 0.02565197 -0.00372132
v -0.00670939 0.02575341 -0.00373551
v -0.00672655 0.02584426 -0.00375986
v -0.00614529 0.02641510 -0.00392902
v -0.00616907 0.02652069 -0.00394431
v -0.00619964 0.02659254 -0.00396344
v -0.00646733 0.02605635 -0.00368288
v -0.00649282 0.02616006 -0.00369686
v -0.00651527 0.02624097 -0.00372214
v -0.00608833 0.02638310 -0.00409604
v -0.00611181 0.02648855 -0.00411222
v -0.00614383 0.02656124 -0.00412714
v -0.00627437 0.02543120 -0.00451652
v -0.00629881 0.02553163 -0.00453495
v -0.00632608 0.02562826 -0.00453933
v -0.00612154 0.02592496 -0.00439787
v -0.00614520 0.02602801 -0.00441564
v -0.00617635 0.02611227 -0.00442299
v -0.00676697 0.02529221 -0.00380964
v -0.00679411 0.02539180 -0.00382429
v -0.00680912 0.02549171 -0.00384641
v -0.00607527 0.02630330 -0.00417863
v -0.00609870 0.02640827 -0.00419530
v -0.00613103 0.02648283 -0.00420825
v -0.00681907 0.02493722 -0.00403257
v -0.00684648 0.02503487 -0.00404843
v -0.00686019 0.02514367 -0.00406498
v -0.00673927 0.02478631 -0.00427594
v -0.00676624 0.02488315 -0.00429309
v -0.00678193 0.02499575 -0.00430355
v -0.00620397 0.02643365 -0.00386187
v -0.00622808 0.02653934 -0.00387681
v -0.00625717 0.02661077 -0.00389764
v -0.00657029 0.02495357 -0.00446783
v -0.00659637 0.02505132 -0.00448600
v -0.00661632 0.02515977 -0.00449163
v -0.00639035 0.02616522 -0.00370269
v -0.00641546 0.02626949 -0.00371676
v -0.00643989 0.02634761 -0.00374155
v -0.00635048 0.02530817 -0.00453165
v -0.00637535 0.02540787 -0.00455017
v -0.00640078 0.02550754 -0.00455421
v -0.00662161 0.02581567 -0.00369575
v -0.00664797 0.02591806 -0.00370979
v -0.00666661 0.02600497 -0.00373475
v -0.00616773 0.02578601 -0.00445474
v -0.00619167 0.02588815 -0.00447287
v -0.00622174 0.02597565 -0.00447888
v -0.00672670 0.02545500 -0.00375653
v -0.00675363 0.02555537 -0.00377091
v -0.00676968 0.02565113 -0.00379438
v -0.00606549 0.02615326 -0.00425140
v -0.00608886 0.02625743 -0.00426844
v -0.00612142 0.02633576 -0.00427953
v -0.00681747 0.02504184 -0.00395255
v -0.00684486 0.02514007 -0.00396794
v -0.00685860 0.02524636 -0.00398644
v -0.00678878 0.02484512 -0.00420356
v -0.00681603 0.02494231 -0.00422033
v -0.00683048 0.02505352 -0.00423259
v -0.00663333 0.02486332 -0.00441414
v -0.00665975 0.02496058 -0.00443203
v -0.00667810 0.02507126 -0.00443900
v -0.00631841 0.02626450 -0.00373980
v -0.00634316 0.02636926 -0.00375407
v -0.00636941 0.02644484 -0.00377789
v -0.00642415 0.02517267 -0.00452650
v -0.00644946 0.02527157 -0.00454500
v -0.00647308 0.02537451 -0.00454915
v -0.00646054 0.02591740 -0.00367302
v -0.00648101 0.02589390 -0.00367275
v -0.00650133 0.02586946 -0.00367347
v -0.00607388 0.02627461 -0.00405863
v -0.00607953 0.02628584 -0.00403807
v -0.00608573 0.02629417 -0.00401748
v -0.00623268 0.02535684 -0.00448441
v -0.00621477 0.02538623 -0.00447689
v -0.00619844 0.02542025 -0.00446914
v -0.00609160 0.02584304 -0.00435883
v -0.00608270 0.02587375 -0.00434227
v -0.00607462 0.02590363 -0.00432512
v -0.00674199 0.02515524 -0.00381361
v -0.00674929 0.02511808 -0.00382913
v -0.00675600 0.02508273 -0.00384541
v -0.00605940 0.02621033 -0.00414086
v -0.00606226 0.02623107 -0.00412070
v -0.00606533 0.02624756 -0.00410006
v -0.00678214 0.02481967 -0.00403661
v -0.00677867 0.02479642 -0.00405639
v -0.00677502 0.02477770 -0.00407670
v -0.00669551 0.02469874 -0.00427408
v -0.00668519 0.02470826 -0.00429320
v -0.00667474 0.02472161 -0.00431214
v -0.00619639 0.02630344 -0.00383360
v -0.00620967 0.02628880 -0.00381713
v -0.00622265 0.02626900 -0.00380077
v -0.00652353 0.02488172 -0.00445363
v -0.00650491 0.02490097 -0.00446248
v -0.00648596 0.02492122 -0.00447037
v -0.00638329 0.02602166 -0.00368737
v -0.00640186 0.02599440 -0.00368185
v -0.00642082 0.02596735 -0.00367753
v -0.00630736 0.02524009 -0.00450414
v -0.00628876 0.02527080 -0.00450105
v -0.00627009 0.02530054 -0.00449674
v -0.00660772 0.02566839 -0.00369235
v -0.00662331 0.02562983 -0.00369839
v -0.00663793 0.02558918 -0.00370507
v -0.00613631 0.02571873 -0.00441904
v -0.00612472 0.02575338 -0.00440553
v -0.00611288 0.02578371 -0.00439064
v -0.00670469 0.02530918 -0.00375812
v -0.00671492 0.02526895 -0.00377076
v -0.00672477 0.02523064 -0.00378438
v -0.00604701 0.02607228 -0.00421353
v -0.00604932 0.02611119 -0.00419603
v -0.00605271 0.02614946 -0.00417841
v -0.00678581 0.02492293 -0.00395836
v -0.00678684 0.02489738 -0.00397798
v -0.00678653 0.02487137 -0.00399755
v -0.00674516 0.02474137 -0.00420331
v -0.00673277 0.02472349 -0.00422080
v -0.00671949 0.02470700 -0.00423791
v -0.00609875 0.02629804 -0.00397571
v -0.00610594 0.02629518 -0.00395487
v -0.00611444 0.02629256 -0.00393469
v -0.00613770 0.02629800 -0.00389810
v -0.00615219 0.02630518 -0.00388165
v -0.00616740 0.02631076 -0.00386575
v -0.00658779 0.02479126 -0.00440503
v -0.00657284 0.02481385 -0.00441880
v -0.00655750 0.02483804 -0.00443175
v -0.00631123 0.02612123 -0.00371955
v -0.00632873 0.02609742 -0.00370996
v -0.00634670 0.02607329 -0.00370146
v -0.00638050 0.02511037 -0.00450414
v -0.00636255 0.02514387 -0.00450602
v -0.00634432 0.02517661 -0.00450662
v -0.00653978 0.02581201 -0.00367693
v -0.00655765 0.02577841 -0.00367955
v -0.00657483 0.02574267 -0.00368291
v -0.00617343 0.02551291 -0.00445472
v -0.00616431 0.02556924 -0.00444778
v -0.00615588 0.02562561 -0.00444001
v -0.00666324 0.02549809 -0.00371967
v -0.00667410 0.02544876 -0.00372771
v -0.00668433 0.02539951 -0.00373662
v -0.00605995 0.02595640 -0.00428851
v -0.00605373 0.02598056 -0.00426933
v -0.00604910 0.02600639 -0.00425016
v -0.00676862 0.02502172 -0.00388075
v -0.00677443 0.02499593 -0.00389966
v -0.00677944 0.02497170 -0.00391908
v -0.00676915 0.02476131 -0.00411989
v -0.00676629 0.02476121 -0.00414223
v -0.00676203 0.02476065 -0.00416406
v -0.00664954 0.02474406 -0.00434671
v -0.00663447 0.02475166 -0.00436208
v -0.00661870 0.02476030 -0.00437665
v -0.00624934 0.02622134 -0.00376973
v -0.00626360 0.02619600 -0.00375551
v -0.00627861 0.02617048 -0.00374234
v -0.00644947 0.02497341 -0.00448453
v -0.00643222 0.02500590 -0.00449089
v -0.00641519 0.02504062 -0.00449645
v -0.00645212 0.02628936 -0.00412222
v -0.00644909 0.02629075 -0.00412849
v -0.00644710 0.02629107 -0.00413533
v -0.00646913 0.02629511 -0.00410006
v -0.00646392 0.02629396 -0.00410502
v -0.00645958 0.02629110 -0.00411049
v -0.00648740 0.02628148 -0.00407862
v -0.00648294 0.02628852 -0.00408367
v -0.00647880 0.02629270 -0.00408934
v -0.00650551 0.02624955 -0.00405968
v -0.00650052 0.02625823 -0.00406357
v -0.00649612 0.02626586 -0.00406846
v -0.00651609 0.02623355 -0.00405227
v -0.00652158 0.02622633 -0.00404883
v -0.00652748 0.02621814 -0.00404647
v -0.00655150 0.02618387 -0.00403871
v -0.00654537 0.02619283 -0.00403968
v -0.00653944 0.02620126 -0.00404187
v -0.00657753 0.02615222 -0.00403739
v -0.00657099 0.02616034 -0.00403675
v -0.00656438 0.02616769 -0.00403725
v -0.00660160 0.02611077 -0.00404047
v -0.00659614 0.02612248 -0.00403898
v -0.00659023 0.02613325 -0.00403853
v -0.00661239 0.02608643 -0.00404358
v -0.00661760 0.02607392 -0.00404514
v -0.00662219 0.02606067 -0.00404769
v -0.00663737 0.02599873 -0.00405800
v -0.00663429 0.02601438 -0.00405478
v -0.00663057 0.02603052 -0.00405252
v -0.00665040 0.02594424 -0.00407338
v -0.00664748 0.02595623 -0.00406869
v -0.00664396 0.02596944 -0.00406495
v -0.00666055 0.02589620 -0.00409318
v -0.00665867 0.02590704 -0.00408771
v -0.00665604 0.02591949 -0.00408296
v -0.00666813 0.02586029 -0.00411700
v -0.00666681 0.02586751 -0.00411053
v -0.00666465 0.02587643 -0.00410465
v -0.00667047 0.02582749 -0.00414269
v -0.00667089 0.02583523 -0.00413622
v -0.00667023 0.02584422 -0.00412995
v -0.00666676 0.02579713 -0.00416830
v -0.00666822 0.02580225 -0.00416180
v -0.00666902 0.02581051 -0.00415551
v -0.00666253 0.02579158 -0.00419654
v -0.00666424 0.02579099 -0.00418942
v -0.00666488 0.02579190 -0.00418219
v -0.00664858 0.02577408 -0.00422098
v -0.00665308 0.02577844 -0.00421560
v -0.00665684 0.02578506 -0.00420977
v -0.00663428 0.02577872 -0.00424467
v -0.00663788 0.02577353 -0.00423873
v -0.00664094 0.02577143 -0.00423249
v -0.00661594 0.02579151 -0.00426586
v -0.00662118 0.02578785 -0.00426140
v -0.00662590 0.02578618 -0.00425616
v -0.00659616 0.02581654 -0.00428364
v -0.00660125 0.02580797 -0.00427973
v -0.00660595 0.02580152 -0.00427503
v -0.00657277 0.02584384 -0.00429632
v -0.00657891 0.02583662 -0.00429411
v -0.00658490 0.02583105 -0.00429090
v -0.00656097 0.02586071 -0.00430090
v -0.00655541 0.02587051 -0.00430330
v -0.00654995 0.02588229 -0.00430472
v -0.00652677 0.02592677 -0.00430806
v -0.00653261 0.02591569 -0.00430824
v -0.00653853 0.02590526 -0.00430725
v -0.00650252 0.02596725 -0.00430483
v -0.00650843 0.02595728 -0.00430660
v -0.00651462 0.02594765 -0.00430724
v -0.00647939 0.02600584 -0.00429596
v -0.00648430 0.02599486 -0.00429874
v -0.00649024 0.02598572 -0.00430079
v -0.00647145 0.02603533 -0.00429137
v -0.00646825 0.02605321 -0.00428946
v -0.00646577 0.02607151 -0.00428661
v -0.00645156 0.02612419 -0.00427030
v -0.00645509 0.02611439 -0.00427540
v -0.00645919 0.02610282 -0.00427956
v -0.00643914 0.02616306 -0.00424905
v -0.00644140 0.02615361 -0.00425481
v -0.00644462 0.02614354 -0.00425992
v -0.00643085 0.02619635 -0.00422479
v -0.00643194 0.02618844 -0.00423101
v -0.00643431 0.02618038 -0.00423702
v -0.00643019 0.02621744 -0.00421307
v -0.00643054 0.02623027 -0.00420755
v -0.00643201 0.02624219 -0.00420177
v -0.00643618 0.02627465 -0.00417599
v -0.00643481 0.02626984 -0.00418270
v -0.00643423 0.02626245 -0.00418927
v -0.00644281 0.02628978 -0.00414911
v -0.00644045 0.02628772 -0.00415573
v -0.00643898 0.02628350 -0.00416245
v -0.00623708 0.02648430 -0.00421565
v -0.00630593 0.02641785 -0.00421075
v -0.00637437 0.02633356 -0.00420324
v -0.00636983 0.02626422 -0.00423692
v -0.00629976 0.02632370 -0.00425641
v -0.00622935 0.02636647 -0.00427276
v -0.00629204 0.02657239 -0.00401933
v -0.00634988 0.02648845 -0.00405372
v -0.00640679 0.02638575 -0.00408739
v -0.00639143 0.02638833 -0.00412553
v -0.00632903 0.02649197 -0.00410551
v -0.00626593 0.02657685 -0.00408415
v -0.00642818 0.02645393 -0.00387050
v -0.00645878 0.02639366 -0.00393468
v -0.00648714 0.02631582 -0.00399955
v -0.00645947 0.02636326 -0.00402528
v -0.00642123 0.02645805 -0.00396958
v -0.00638121 0.02653446 -0.00391418
v -0.00660973 0.02621137 -0.00382618
v -0.00660391 0.02619977 -0.00389925
v -0.00659411 0.02617285 -0.00397344
v -0.00655594 0.02621967 -0.00397325
v -0.00655214 0.02626321 -0.00389900
v -0.00654499 0.02629068 -0.00382585
v -0.00674909 0.02581745 -0.00388381
v -0.00671541 0.02588463 -0.00394536
v -0.00667644 0.02594026 -0.00400747
v -0.00665604 0.02603160 -0.00399116
v -0.00668776 0.02600849 -0.00392324
v -0.00671452 0.02597234 -0.00385615
v -0.00682031 0.02549325 -0.00403769
v -0.00677235 0.02562544 -0.00406836
v -0.00671840 0.02574919 -0.00409815
v -0.00670851 0.02579772 -0.00406216
v -0.00675891 0.02569119 -0.00401955
v -0.00680352 0.02557548 -0.00397663
v -0.00679776 0.02533864 -0.00423507
v -0.00675429 0.02550175 -0.00422625
v -0.00670507 0.02565793 -0.00421463
v -0.00671299 0.02566305 -0.00417336
v -0.00676498 0.02550859 -0.00417035
v -0.00681109 0.02534715 -0.00416524
v -0.00667565 0.02535286 -0.00440053
v -0.00665666 0.02551319 -0.00435855
v -0.00663309 0.02566640 -0.00431222
v -0.00666158 0.02564820 -0.00428339
v -0.00669529 0.02548858 -0.00431951
v -0.00672394 0.02532215 -0.00435173
v -0.00651131 0.02559595 -0.00448882
v -0.00652525 0.02570753 -0.00442914
v -0.00653616 0.02580971 -0.00436429
v -0.00656887 0.02574783 -0.00435329
v -0.00656960 0.02562359 -0.00441423
v -0.00656680 0.02549091 -0.00447015
v -0.00634000 0.02590526 -0.00445741
v -0.00638826 0.02595484 -0.00440407
v -0.00643513 0.02599207 -0.00434583
v -0.00646644 0.02593001 -0.00435963
v -0.00643083 0.02587047 -0.00442284
v -0.00639331 0.02579957 -0.00448094
v -0.00624565 0.02628263 -0.00433329
v -0.00631278 0.02625673 -0.00430476
v -0.00637941 0.02621490 -0.00427251
v -0.00639576 0.02615884 -0.00430456
v -0.00633494 0.02618070 -0.00434820
v -0.00627336 0.02618753 -0.00438762
v -0.00624736 0.02654733 -0.00415052
v -0.00631418 0.02646837 -0.00415860
v -0.00638047 0.02637093 -0.00416473
v -0.00633816 0.02658700 -0.00396660
v -0.00638676 0.02650005 -0.00401157
v -0.00643398 0.02639429 -0.00405629
v -0.00648463 0.02637606 -0.00384139
v -0.00650388 0.02633140 -0.00391140
v -0.00652038 0.02626994 -0.00398240
v -0.00666640 0.02610139 -0.00383600
v -0.00664925 0.02611178 -0.00390711
v -0.00662760 0.02610791 -0.00397924
v -0.00678067 0.02568979 -0.00392547
v -0.00674065 0.02578259 -0.00397866
v -0.00669503 0.02586507 -0.00403201
v -0.00682159 0.02541080 -0.00410075
v -0.00677336 0.02555948 -0.00411884
v -0.00671915 0.02570049 -0.00413543
v -0.00675883 0.02529228 -0.00429200
v -0.00672317 0.02546470 -0.00427178
v -0.00668214 0.02563063 -0.00424825
v -0.00662610 0.02542384 -0.00444271
v -0.00661704 0.02556994 -0.00439228
v -0.00660385 0.02570823 -0.00433709
v -0.00645327 0.02570272 -0.00449288
v -0.00647880 0.02579298 -0.00443240
v -0.00650186 0.02587281 -0.00436668
v -0.00630986 0.02607761 -0.00443254
v -0.00636416 0.02609260 -0.00438417
v -0.00641735 0.02609362 -0.00433113
v -0.00648474 0.02621775 -0.00415461
v -0.00651213 0.02616717 -0.00416313
v -0.00653256 0.02612907 -0.00416951
v -0.00655906 0.02614176 -0.00408583
v -0.00655992 0.02611854 -0.00411897
v -0.00656053 0.02610097 -0.00414372
v -0.00655452 0.02610927 -0.00414523
v -0.00654962 0.02613290 -0.00412159
v -0.00654302 0.02616431 -0.00408995
v -0.00651558 0.02620639 -0.00410927
v -0.00653201 0.02615985 -0.00413398
v -0.00654421 0.02612482 -0.00415245
v -0.00653968 0.02612963 -0.00415772
v -0.00652441 0.02616864 -0.00414309
v -0.00650391 0.02622037 -0.00412341
v -0.00653070 0.02612614 -0.00417624
v -0.00650896 0.02616219 -0.00417462
v -0.00647979 0.02620995 -0.00417241
v -0.00647498 0.02616177 -0.00420517
v -0.00650592 0.02613147 -0.00419578
v -0.00652904 0.02610875 -0.00418872
v -0.00653049 0.02609982 -0.00419456
v -0.00650858 0.02611690 -0.00420592
v -0.00647925 0.02613946 -0.00422109
v -0.00649646 0.02608410 -0.00424770
v -0.00651963 0.02608082 -0.00422301
v -0.00653683 0.02607807 -0.00420449
v -0.00654025 0.02606252 -0.00420728
v -0.00652500 0.02605227 -0.00422747
v -0.00650458 0.02603861 -0.00425443
v -0.00653461 0.02598475 -0.00426375
v -0.00654417 0.02601734 -0.00423336
v -0.00655125 0.02604139 -0.00421058
v -0.00655716 0.02603059 -0.00421018
v -0.00655424 0.02599883 -0.00423266
v -0.00655020 0.02595602 -0.00426266
v -0.00658077 0.02591014 -0.00425034
v -0.00657387 0.02596923 -0.00422472
v -0.00656864 0.02601312 -0.00420553
v -0.00657380 0.02600664 -0.00420139
v -0.00658250 0.02595742 -0.00421756
v -0.00659405 0.02589139 -0.00423914
v -0.00661623 0.02587528 -0.00421027
v -0.00659679 0.02594724 -0.00419905
v -0.00658223 0.02600099 -0.00419062
v -0.00658573 0.02600406 -0.00418461
v -0.00660321 0.02595431 -0.00418909
v -0.00662650 0.02588728 -0.00419497
v -0.00663294 0.02590662 -0.00415922
v -0.00660746 0.02596707 -0.00416615
v -0.00658835 0.02601211 -0.00417126
v -0.00658817 0.02602027 -0.00416487
v -0.00660722 0.02598129 -0.00415521
v -0.00663259 0.02592876 -0.00414227
v -0.00662204 0.02598109 -0.00411240
v -0.00660047 0.02601497 -0.00413604
v -0.00658428 0.02604010 -0.00415369
v -0.00658122 0.02605304 -0.00414959
v -0.00659515 0.02603686 -0.00412898
v -0.00661370 0.02601507 -0.00410136
v -0.00659152 0.02609100 -0.00408855
v -0.00658080 0.02608567 -0.00412070
v -0.00657271 0.02608138 -0.00414470
v -0.00656690 0.02609247 -0.00414368
v -0.00657095 0.02610460 -0.00411898
v -0.00657629 0.02612046 -0.00408591
v -0.00654897 0.02611715 -0.00414813
v -0.00654005 0.02614629 -0.00412656
v -0.00652805 0.02618505 -0.00409769
v -0.00653533 0.02612942 -0.00416320
v -0.00651665 0.02616689 -0.00415221
v -0.00649168 0.02621681 -0.00413749
v -0.00652954 0.02611927 -0.00418283
v -0.00650710 0.02615086 -0.00418592
v -0.00647698 0.02619276 -0.00418993
v -0.00653329 0.02609023 -0.00420001
v -0.00651337 0.02610069 -0.00421525
v -0.00648665 0.02611418 -0.00423561
v -0.00654527 0.02605136 -0.00420943
v -0.00653382 0.02603414 -0.00423131
v -0.00651852 0.02601072 -0.00426054
v -0.00656285 0.02602051 -0.00420840
v -0.00656378 0.02598116 -0.00422953
v -0.00656497 0.02592824 -0.00425772
v -0.00657848 0.02600287 -0.00419638
v -0.00659070 0.02595170 -0.00420907
v -0.00660691 0.02588295 -0.00422603
v -0.00658744 0.02600625 -0.00417776
v -0.00660577 0.02595658 -0.00417710
v -0.00663022 0.02588996 -0.00417625
v -0.00658661 0.02602898 -0.00415880
v -0.00660441 0.02599562 -0.00414478
v -0.00662815 0.02595076 -0.00412601
v -0.00657758 0.02606799 -0.00414672
v -0.00658911 0.02606311 -0.00412418
v -0.00660442 0.02605625 -0.00409396
v 0.00674325 -0.02592506 0.00387862
v 0.00673147 -0.02595299 0.00386952
v 0.00672006 -0.02598384 0.00386141
v 0.00626719 -0.02662451 0.00403694
v 0.00625883 -0.02662092 0.00405255
v 0.00625054 -0.02661258 0.00406804
v 0.00627403 -0.02610770 0.00442567
v 0.00626537 -0.02613963 0.00441525
v 0.00625728 -0.02617111 0.00440421
v 0.00647916 -0.02563220 0.00449967
v 0.00646422 -0.02565880 0.00450102
v 0.00644956 -0.02568665 0.00450169
v 0.00664425 -0.02617254 0.00382918
v 0.00663037 -0.02620294 0.00382658
v 0.00661623 -0.02623285 0.00382479
v 0.00683096 -0.02550085 0.00409503
v 0.00683100 -0.02552138 0.00407873
v 0.00683026 -0.02554296 0.00406261
v 0.00682199 -0.02542760 0.00416085
v 0.00682492 -0.02544280 0.00414409
v 0.00682713 -0.02545936 0.00412738
v 0.00645355 -0.02601096 0.00424815
v 0.00645634 -0.02600277 0.00425078
v 0.00645957 -0.02599451 0.00425275
v 0.00642899 -0.02610997 0.00420332
v 0.00642954 -0.02610352 0.00420753
v 0.00643071 -0.02609616 0.00421138
v 0.00643375 -0.02607894 0.00422050
v 0.00643522 -0.02607207 0.00422439
v 0.00643747 -0.02606520 0.00422791
v 0.00648370 -0.02594159 0.00426312
v 0.00648735 -0.02593326 0.00426408
v 0.00649122 -0.02592545 0.00426431
v 0.00650356 -0.02613834 0.00407189
v 0.00649923 -0.02614291 0.00407332
v 0.00649512 -0.02614664 0.00407548
v 0.00657209 -0.02601312 0.00407122
v 0.00656854 -0.02602041 0.00406919
v 0.00656465 -0.02602749 0.00406786
v 0.00652168 -0.02611345 0.00406618
v 0.00651765 -0.02612035 0.00406698
v 0.00651363 -0.02612631 0.00406850
v 0.00648573 -0.02615650 0.00408095
v 0.00648190 -0.02616093 0.00408340
v 0.00647835 -0.02616407 0.00408643
v 0.00658353 -0.02581009 0.00421914
v 0.00658654 -0.02580880 0.00421545
v 0.00658906 -0.02580894 0.00421141
v 0.00651804 -0.02587539 0.00426235
v 0.00652208 -0.02586849 0.00426155
v 0.00652609 -0.02586252 0.00426003
v 0.00656967 -0.02581790 0.00423459
v 0.00657315 -0.02581501 0.00423147
v 0.00657623 -0.02581348 0.00422787
v 0.00659499 -0.02580957 0.00420162
v 0.00659742 -0.02580996 0.00419750
v 0.00659929 -0.02581173 0.00419315
v 0.00660501 -0.02590736 0.00410771
v 0.00660369 -0.02591468 0.00410393
v 0.00660177 -0.02592259 0.00410061
v 0.00660362 -0.02581633 0.00418269
v 0.00660538 -0.02581839 0.00417830
v 0.00660651 -0.02582177 0.00417382
v 0.00633883 -0.02591984 0.00447566
v 0.00635173 -0.02589059 0.00448193
v 0.00636498 -0.02586127 0.00448739
v 0.00621803 -0.02655001 0.00416648
v 0.00621511 -0.02653492 0.00418313
v 0.00621291 -0.02651846 0.00419971
v 0.00663032 -0.02543008 0.00444497
v 0.00664472 -0.02541690 0.00443555
v 0.00665891 -0.02540529 0.00442551
v 0.00657116 -0.02549802 0.00447619
v 0.00658653 -0.02548021 0.00446975
v 0.00660181 -0.02546379 0.00446260
v 0.00658731 -0.02629086 0.00382367
v 0.00657259 -0.02631881 0.00382434
v 0.00655774 -0.02634604 0.00382583
v 0.00660979 -0.02587654 0.00412486
v 0.00660924 -0.02588285 0.00412068
v 0.00660803 -0.02589003 0.00411683
v 0.00621072 -0.02648172 0.00423257
v 0.00621072 -0.02646146 0.00424876
v 0.00621144 -0.02644006 0.00426475
v 0.00630726 -0.02662806 0.00397833
v 0.00629653 -0.02663012 0.00399248
v 0.00628581 -0.02662768 0.00400672
v 0.00632995 -0.02661757 0.00395122
v 0.00634272 -0.02661401 0.00393879
v 0.00635555 -0.02660687 0.00392670
v 0.00623675 -0.02659624 0.00410020
v 0.00623104 -0.02658686 0.00411665
v 0.00622599 -0.02657602 0.00413321
v 0.00659238 -0.02595811 0.00408686
v 0.00659496 -0.02594975 0.00408953
v 0.00659701 -0.02594169 0.00409276
v 0.00643452 -0.02616790 0.00414490
v 0.00643274 -0.02616581 0.00414933
v 0.00643150 -0.02616205 0.00415380
v 0.00646318 -0.02617512 0.00410040
v 0.00646643 -0.02617414 0.00409687
v 0.00646996 -0.02617132 0.00409376
v 0.00645544 -0.02617683 0.00410881
v 0.00645211 -0.02617711 0.00411235
v 0.00644942 -0.02617644 0.00411635
v 0.00642695 -0.02613364 0.00418416
v 0.00642682 -0.02612893 0.00418871
v 0.00642747 -0.02612356 0.00419309
v 0.00653923 -0.02608204 0.00406386
v 0.00653531 -0.02608982 0.00406377
v 0.00653129 -0.02609682 0.00406443
v 0.00653565 -0.02584855 0.00425626
v 0.00653965 -0.02584276 0.00425461
v 0.00654351 -0.02583812 0.00425229
v 0.00655298 -0.02582871 0.00424682
v 0.00655705 -0.02582526 0.00424453
v 0.00656084 -0.02582327 0.00424167
v 0.00676298 -0.02586263 0.00389819
v 0.00677194 -0.02583167 0.00390893
v 0.00678029 -0.02580114 0.00392029
v 0.00682577 -0.02558713 0.00403086
v 0.00682205 -0.02560968 0.00401531
v 0.00681834 -0.02563527 0.00400043
v 0.00680151 -0.02537664 0.00422671
v 0.00680762 -0.02538706 0.00421036
v 0.00681386 -0.02540118 0.00419431
v 0.00680891 -0.02568934 0.00397194
v 0.00680315 -0.02571754 0.00395839
v 0.00679663 -0.02574620 0.00394528
v 0.00677180 -0.02535387 0.00429095
v 0.00678009 -0.02535701 0.00427520
v 0.00678779 -0.02536175 0.00425919
v 0.00668537 -0.02538368 0.00440289
v 0.00669786 -0.02537462 0.00439057
v 0.00670994 -0.02536705 0.00437771
v 0.00651015 -0.02558476 0.00449535
v 0.00652513 -0.02556035 0.00449143
v 0.00654030 -0.02553769 0.00448693
v 0.00673269 -0.02535652 0.00435051
v 0.00674333 -0.02535360 0.00433622
v 0.00675342 -0.02535224 0.00432152
v 0.00640905 -0.02655611 0.00388356
v 0.00639518 -0.02657093 0.00389339
v 0.00638163 -0.02658435 0.00390388
v 0.00652780 -0.02639781 0.00383126
v 0.00651278 -0.02642232 0.00383517
v 0.00649778 -0.02644578 0.00383988
v 0.00669653 -0.02604784 0.00384762
v 0.00668406 -0.02607953 0.00384184
v 0.00667114 -0.02611087 0.00383682
v 0.00646687 -0.02648409 0.00385121
v 0.00645206 -0.02650365 0.00385819
v 0.00643750 -0.02652244 0.00386594
v 0.00642867 -0.02615274 0.00416436
v 0.00642759 -0.02614890 0.00416886
v 0.00642731 -0.02614430 0.00417339
v 0.00646741 -0.02597495 0.00425731
v 0.00647088 -0.02596735 0.00425924
v 0.00647473 -0.02596006 0.00426048
v 0.00660908 -0.02583014 0.00416310
v 0.00661010 -0.02583376 0.00415859
v 0.00661045 -0.02583861 0.00415416
v 0.00661116 -0.02585050 0.00414357
v 0.00661140 -0.02585555 0.00413914
v 0.00661096 -0.02586169 0.00413492
v 0.00655603 -0.02604722 0.00406539
v 0.00655238 -0.02605555 0.00406443
v 0.00654851 -0.02606343 0.00406422
v 0.00639167 -0.02579957 0.00449498
v 0.00640579 -0.02577067 0.00449790
v 0.00642032 -0.02574274 0.00450014
v 0.00623005 -0.02628455 0.00435303
v 0.00623577 -0.02625659 0.00436647
v 0.00624214 -0.02622790 0.00437942
v 0.00621504 -0.02639356 0.00429585
v 0.00621746 -0.02636602 0.00431044
v 0.00622069 -0.02633820 0.00432477
v 0.00629351 -0.02604530 0.00444506
v 0.00630407 -0.02601382 0.00445374
v 0.00631520 -0.02598255 0.00446180
v 0.00650844 -0.02589202 0.00426408
v 0.00650442 -0.02589902 0.00426475
v 0.00650050 -0.02590680 0.00426467
v 0.00644719 -0.02603080 0.00424186
v 0.00644459 -0.02603920 0.00423917
v 0.00644253 -0.02604732 0.00423592
v 0.00644328 -0.02617505 0.00412597
v 0.00644074 -0.02617435 0.00413007
v 0.00643884 -0.02617247 0.00413446
v 0.00658603 -0.02597795 0.00408054
v 0.00658336 -0.02598649 0.00407798
v 0.00658024 -0.02599506 0.00407609
v 0.00650270 -0.02569119 0.00444069
v 0.00650846 -0.02576865 0.00437776
v 0.00651134 -0.02583234 0.00431564
v 0.00653813 -0.02578949 0.00430793
v 0.00654619 -0.02570837 0.00436691
v 0.00655307 -0.02561759 0.00442746
v 0.00660120 -0.02555467 0.00440340
v 0.00658349 -0.02566145 0.00434864
v 0.00656429 -0.02575481 0.00429474
v 0.00658981 -0.02573385 0.00427718
v 0.00661883 -0.02562927 0.00432358
v 0.00664733 -0.02551273 0.00437089
v 0.00676470 -0.02573828 0.00402086
v 0.00670803 -0.02579978 0.00405460
v 0.00665343 -0.02585635 0.00408644
v 0.00664262 -0.02590736 0.00406278
v 0.00669276 -0.02587141 0.00402122
v 0.00674336 -0.02582655 0.00397657
v 0.00636453 -0.02597328 0.00441756
v 0.00640152 -0.02598262 0.00435978
v 0.00643546 -0.02598489 0.00430303
v 0.00645876 -0.02593096 0.00431302
v 0.00643475 -0.02590854 0.00437415
v 0.00640702 -0.02587424 0.00443595
v 0.00662621 -0.02595794 0.00404237
v 0.00667001 -0.02594445 0.00399278
v 0.00671503 -0.02592712 0.00394039
v 0.00628071 -0.02627015 0.00431055
v 0.00633580 -0.02620618 0.00427673
v 0.00638876 -0.02614392 0.00424405
v 0.00639963 -0.02609295 0.00426779
v 0.00635111 -0.02613447 0.00431014
v 0.00630059 -0.02617693 0.00435397
v 0.00629506 -0.02650703 0.00409995
v 0.00634801 -0.02639275 0.00411546
v 0.00639648 -0.02627287 0.00412879
v 0.00638550 -0.02624997 0.00415766
v 0.00633307 -0.02636201 0.00415632
v 0.00627715 -0.02647276 0.00415401
v 0.00663651 -0.02612928 0.00389455
v 0.00661053 -0.02610244 0.00395800
v 0.00658310 -0.02606649 0.00401699
v 0.00655790 -0.02611955 0.00401293
v 0.00657418 -0.02617369 0.00395171
v 0.00659065 -0.02622804 0.00388736
v 0.00626875 -0.02642096 0.00420861
v 0.00632699 -0.02632363 0.00419855
v 0.00638222 -0.02622640 0.00418831
v 0.00638288 -0.02618899 0.00421721
v 0.00632796 -0.02627116 0.00423922
v 0.00626995 -0.02635252 0.00426146
v 0.00641514 -0.02603826 0.00428757
v 0.00637319 -0.02605862 0.00433812
v 0.00632884 -0.02607646 0.00439007
v 0.00649174 -0.02639153 0.00390431
v 0.00649911 -0.02630267 0.00396518
v 0.00650380 -0.02620820 0.00402194
v 0.00647719 -0.02624125 0.00403484
v 0.00646229 -0.02635151 0.00398375
v 0.00644379 -0.02645515 0.00392850
v 0.00645267 -0.02626652 0.00405301
v 0.00642645 -0.02638188 0.00400846
v 0.00639878 -0.02650110 0.00396177
v 0.00661197 -0.02572015 0.00425490
v 0.00664968 -0.02560839 0.00429198
v 0.00668885 -0.02549032 0.00433059
v 0.00674847 -0.02549440 0.00423085
v 0.00669719 -0.02561854 0.00421660
v 0.00664478 -0.02572357 0.00420079
v 0.00665504 -0.02574438 0.00417161
v 0.00671076 -0.02564405 0.00417492
v 0.00676819 -0.02553487 0.00417772
v 0.00648492 -0.02588159 0.00431756
v 0.00647056 -0.02583512 0.00438004
v 0.00645294 -0.02577611 0.00444322
v 0.00643073 -0.02628137 0.00407548
v 0.00639558 -0.02640279 0.00404007
v 0.00635743 -0.02652317 0.00400219
v 0.00665970 -0.02577297 0.00414187
v 0.00671722 -0.02568390 0.00413295
v 0.00677668 -0.02558709 0.00412305
v 0.00632238 -0.02652501 0.00404883
v 0.00636822 -0.02640300 0.00407562
v 0.00641085 -0.02628015 0.00410047
v 0.00667804 -0.02602595 0.00391221
v 0.00664240 -0.02602316 0.00397154
v 0.00660679 -0.02601452 0.00402740
v 0.00663046 -0.02571628 0.00422905
v 0.00667570 -0.02560299 0.00425557
v 0.00672144 -0.02547843 0.00428228
v 0.00677549 -0.02565570 0.00407007
v 0.00671759 -0.02574177 0.00409318
v 0.00665846 -0.02580776 0.00411263
v 0.00653128 -0.02616801 0.00401471
v 0.00653683 -0.02624244 0.00395432
v 0.00654112 -0.02631407 0.00389032
v 0.00653723 -0.02594072 0.00416843
v 0.00655071 -0.02591353 0.00417251
v 0.00657065 -0.02587563 0.00417863
v 0.00645941 -0.02606346 0.00418443
v 0.00648095 -0.02603561 0.00417663
v 0.00649516 -0.02601417 0.00417090
v 0.00649610 -0.02600702 0.00417518
v 0.00648257 -0.02602389 0.00418378
v 0.00646251 -0.02604701 0.00419603
v 0.00646611 -0.02610223 0.00414803
v 0.00648463 -0.02605809 0.00415323
v 0.00649735 -0.02602755 0.00415679
v 0.00649580 -0.02602466 0.00416152
v 0.00648206 -0.02605325 0.00416109
v 0.00646142 -0.02609229 0.00416005
v 0.00657341 -0.02592740 0.00413024
v 0.00655276 -0.02594765 0.00414199
v 0.00653892 -0.02596317 0.00415034
v 0.00653718 -0.02597129 0.00414655
v 0.00654987 -0.02596115 0.00413572
v 0.00656858 -0.02594741 0.00412010
v 0.00648368 -0.02598670 0.00422162
v 0.00649471 -0.02598081 0.00419928
v 0.00650341 -0.02598102 0.00418451
v 0.00650703 -0.02597202 0.00418606
v 0.00650071 -0.02596585 0.00420183
v 0.00649314 -0.02596313 0.00422563
v 0.00651418 -0.02591820 0.00422622
v 0.00651438 -0.02593845 0.00420237
v 0.00651525 -0.02595550 0.00418637
v 0.00651957 -0.02594880 0.00418516
v 0.00652147 -0.02592709 0.00420032
v 0.00652534 -0.02590010 0.00422296
v 0.00646764 -0.02602780 0.00420630
v 0.00648546 -0.02601040 0.00419007
v 0.00649784 -0.02599883 0.00417897
v 0.00650032 -0.02599004 0.00418213
v 0.00648955 -0.02599587 0.00419530
v 0.00647471 -0.02600716 0.00421488
v 0.00652293 -0.02606018 0.00410066
v 0.00652012 -0.02602947 0.00412284
v 0.00651945 -0.02601326 0.00413895
v 0.00651492 -0.02601905 0.00414001
v 0.00651261 -0.02603913 0.00412458
v 0.00651127 -0.02607625 0.00410356
v 0.00652384 -0.02594375 0.00418313
v 0.00652842 -0.02591788 0.00419682
v 0.00653666 -0.02588714 0.00421767
v 0.00651102 -0.02596341 0.00418668
v 0.00650735 -0.02595152 0.00420288
v 0.00650347 -0.02594012 0.00422721
v 0.00648015 -0.02610477 0.00412556
v 0.00649333 -0.02605900 0.00413886
v 0.00650269 -0.02602850 0.00414820
v 0.00649967 -0.02602888 0.00415229
v 0.00648843 -0.02606001 0.00414572
v 0.00647241 -0.02610637 0.00413639
v 0.00653472 -0.02598000 0.00414340
v 0.00654579 -0.02597568 0.00413049
v 0.00656218 -0.02597056 0.00411190
v 0.00657574 -0.02590809 0.00414136
v 0.00655432 -0.02593573 0.00414911
v 0.00653973 -0.02595546 0.00415455
v 0.00657612 -0.02589292 0.00415349
v 0.00655449 -0.02592583 0.00415676
v 0.00653970 -0.02594898 0.00415908
v 0.00649506 -0.02602013 0.00416629
v 0.00648085 -0.02604575 0.00416901
v 0.00645941 -0.02608012 0.00417249
v 0.00656467 -0.02587263 0.00419045
v 0.00654688 -0.02591143 0.00417997
v 0.00653481 -0.02593901 0.00417286
v 0.00653163 -0.02598907 0.00414102
v 0.00654065 -0.02599071 0.00412652
v 0.00655402 -0.02599402 0.00410561
v 0.00655680 -0.02587361 0.00420116
v 0.00654165 -0.02591109 0.00418662
v 0.00653165 -0.02593883 0.00417687
v 0.00652800 -0.02599810 0.00413948
v 0.00653465 -0.02600563 0.00412397
v 0.00654456 -0.02601758 0.00410158
v 0.00653411 -0.02604007 0.00409995
v 0.00652763 -0.02601846 0.00412267
v 0.00652395 -0.02600653 0.00413882
v 0.00648932 -0.02609857 0.00411616
v 0.00649915 -0.02605506 0.00413291
v 0.00650632 -0.02602661 0.00414469
v 0.00653887 -0.02594403 0.00416378
v 0.00655327 -0.02591834 0.00416466
v 0.00657452 -0.02588250 0.00416615
v 0.00654734 -0.02587849 0.00421035
v 0.00653536 -0.02591307 0.00419227
v 0.00652793 -0.02594037 0.00418033
v 0.00649969 -0.02608839 0.00410863
v 0.00650564 -0.02604837 0.00412808
v 0.00651044 -0.02602341 0.00414193
v -0.00657627 0.02616898 -0.00372106
v -0.00655538 0.02608619 -0.00369575
v -0.00652957 0.02598283 -0.00368178
v -0.00655591 0.02619346 -0.00372033
v -0.00653452 0.02611125 -0.00369500
v -0.00650883 0.02600775 -0.00368105
v -0.00653543 0.02621692 -0.00372061
v -0.00651352 0.02613534 -0.00369529
v -0.00648792 0.02603174 -0.00368132
v -0.00616051 0.02659383 -0.00406527
v -0.00612891 0.02652198 -0.00404878
v -0.00610531 0.02641635 -0.00403296
v -0.00615428 0.02658550 -0.00408591
v -0.00612254 0.02651341 -0.00406993
v -0.00609899 0.02640785 -0.00405398
v -0.00614863 0.02657424 -0.00410649
v -0.00611674 0.02650187 -0.00409103
v -0.00609322 0.02639638 -0.00407498
v -0.00627324 0.02571918 -0.00451733
v -0.00624456 0.02562502 -0.00451235
v -0.00622038 0.02552420 -0.00449404
v -0.00628953 0.02568529 -0.00452507
v -0.00626130 0.02559016 -0.00452030
v -0.00623704 0.02548948 -0.00450195
v -0.00630741 0.02565598 -0.00453257
v -0.00627967 0.02556007 -0.00452801
v -0.00625532 0.02545950 -0.00450963
v -0.00614933 0.02620308 -0.00437315
v -0.00611748 0.02612119 -0.00436452
v -0.00609397 0.02601769 -0.00434703
v -0.00615742 0.02617317 -0.00439032
v -0.00612577 0.02609051 -0.00438213
v -0.00610222 0.02598715 -0.00436452
v -0.00616631 0.02614242 -0.00440688
v -0.00613492 0.02605900 -0.00439912
v -0.00611130 0.02595581 -0.00438142
v -0.00683126 0.02538134 -0.00389312
v -0.00681681 0.02527861 -0.00387221
v -0.00678956 0.02517964 -0.00385731
v -0.00682454 0.02541669 -0.00387684
v -0.00680992 0.02531487 -0.00385550
v -0.00678271 0.02521572 -0.00384069
v -0.00681724 0.02545389 -0.00386131
v -0.00680244 0.02535300 -0.00383958
v -0.00677526 0.02525365 -0.00382484
v -0.00614007 0.02654719 -0.00414795
v -0.00610796 0.02647412 -0.00413354
v -0.00608448 0.02636877 -0.00411727
v -0.00613700 0.02653066 -0.00416863
v -0.00610480 0.02645721 -0.00415475
v -0.00608135 0.02635193 -0.00413834
v -0.00613414 0.02650985 -0.00418886
v -0.00610188 0.02643588 -0.00417545
v -0.00607844 0.02633074 -0.00415892
v -0.00685030 0.02507611 -0.00412456
v -0.00683634 0.02496553 -0.00410957
v -0.00680898 0.02486823 -0.00409342
v -0.00685393 0.02509479 -0.00410429
v -0.00684007 0.02498474 -0.00408875
v -0.00681269 0.02488734 -0.00407269
v -0.00685740 0.02511804 -0.00408452
v -0.00684363 0.02500858 -0.00406847
v -0.00681623 0.02491108 -0.00405250
v -0.00675003 0.02502001 -0.00436009
v -0.00673345 0.02490801 -0.00435118
v -0.00670662 0.02481099 -0.00433376
v -0.00676047 0.02500659 -0.00434115
v -0.00674417 0.02489424 -0.00433174
v -0.00671728 0.02479733 -0.00431443
v -0.00677076 0.02499708 -0.00432205
v -0.00675474 0.02488451 -0.00431213
v -0.00672781 0.02478763 -0.00429491
v -0.00629762 0.02656849 -0.00384834
v -0.00626947 0.02649608 -0.00382634
v -0.00624510 0.02639066 -0.00381172
v -0.00628460 0.02658836 -0.00386474
v -0.00625615 0.02651640 -0.00384314
v -0.00623185 0.02641085 -0.00382842
v -0.00627126 0.02660307 -0.00388129
v -0.00624249 0.02653150 -0.00386008
v -0.00621829 0.02642584 -0.00384525
v -0.00656097 0.02521987 -0.00451858
v -0.00653965 0.02511288 -0.00451362
v -0.00651389 0.02501479 -0.00449529
v -0.00657993 0.02519958 -0.00451070
v -0.00655910 0.02509211 -0.00450553
v -0.00653323 0.02499408 -0.00448725
v -0.00659858 0.02518034 -0.00450183
v -0.00657822 0.02507234 -0.00449645
v -0.00655224 0.02497445 -0.00447822
v -0.00649576 0.02626680 -0.00372511
v -0.00647278 0.02618659 -0.00369990
v -0.00644739 0.02608274 -0.00368591
v -0.00647680 0.02629378 -0.00372943
v -0.00645334 0.02621430 -0.00370435
v -0.00642803 0.02611031 -0.00369033
v -0.00645825 0.02632105 -0.00373497
v -0.00643428 0.02624226 -0.00371001
v -0.00640909 0.02613813 -0.00369599
v -0.00634487 0.02559964 -0.00454492
v -0.00631806 0.02550228 -0.00454067
v -0.00629350 0.02540202 -0.00452221
v -0.00636357 0.02556980 -0.00454925
v -0.00633723 0.02547170 -0.00454511
v -0.00631257 0.02537165 -0.00452661
v -0.00638221 0.02553905 -0.00455235
v -0.00635633 0.02544019 -0.00454827
v -0.00633156 0.02534028 -0.00452976
v -0.00671315 0.02588815 -0.00375271
v -0.00669565 0.02579835 -0.00372818
v -0.00666903 0.02569662 -0.00371403
v -0.00669847 0.02592893 -0.00374600
v -0.00668063 0.02584011 -0.00372132
v -0.00665409 0.02573814 -0.00370722
v -0.00668286 0.02596752 -0.00373996
v -0.00666463 0.02587968 -0.00371513
v -0.00663818 0.02577750 -0.00370106
v -0.00618759 0.02608316 -0.00443870
v -0.00615674 0.02599817 -0.00443177
v -0.00613303 0.02589526 -0.00441391
v -0.00619946 0.02605276 -0.00445362
v -0.00616890 0.02596700 -0.00444705
v -0.00614511 0.02586430 -0.00442909
v -0.00621112 0.02601793 -0.00446720
v -0.00618082 0.02593137 -0.00446094
v -0.00615695 0.02582892 -0.00444290
v -0.00680001 0.02552940 -0.00383205
v -0.00678476 0.02543043 -0.00380958
v -0.00675768 0.02533066 -0.00379500
v -0.00679016 0.02556771 -0.00381844
v -0.00677466 0.02546972 -0.00379560
v -0.00674763 0.02536977 -0.00378111
v -0.00677994 0.02560787 -0.00380580
v -0.00676417 0.02551096 -0.00378263
v -0.00673718 0.02541080 -0.00376819
v -0.00612744 0.02644874 -0.00422657
v -0.00609500 0.02637334 -0.00421406
v -0.00607160 0.02626862 -0.00419728
v -0.00612403 0.02641039 -0.00424420
v -0.00609152 0.02633405 -0.00423215
v -0.00606814 0.02622954 -0.00421525
v -0.00612172 0.02637149 -0.00426168
v -0.00608915 0.02629413 -0.00425008
v -0.00606578 0.02618983 -0.00423311
v -0.00686181 0.02516985 -0.00404541
v -0.00684814 0.02506167 -0.00402838
v -0.00682073 0.02496389 -0.00401263
v -0.00686212 0.02519589 -0.00402579
v -0.00684847 0.02508838 -0.00400827
v -0.00682105 0.02499042 -0.00399265
v -0.00686107 0.02522151 -0.00400614
v -0.00684740 0.02511463 -0.00398813
v -0.00681999 0.02501649 -0.00397262
v -0.00679464 0.02500534 -0.00428606
v -0.00677930 0.02489298 -0.00427510
v -0.00675229 0.02479607 -0.00425801
v -0.00680791 0.02502186 -0.00426898
v -0.00679293 0.02490993 -0.00425756
v -0.00676584 0.02481291 -0.00424053
v -0.00682034 0.02503975 -0.00425143
v -0.00680566 0.02492826 -0.00423959
v -0.00677848 0.02483118 -0.00422268
v -0.00618922 0.02659216 -0.00398241
v -0.00615837 0.02652027 -0.00396382
v -0.00613462 0.02641468 -0.00394844
v -0.00618075 0.02659481 -0.00400255
v -0.00614967 0.02652299 -0.00398451
v -0.00612595 0.02641737 -0.00396905
v -0.00617357 0.02659770 -0.00402340
v -0.00614229 0.02652596 -0.00400587
v -0.00611862 0.02642029 -0.00399030
v -0.00624213 0.02661042 -0.00391359
v -0.00621268 0.02653899 -0.00389313
v -0.00618868 0.02643330 -0.00387808
v -0.00622689 0.02660481 -0.00392951
v -0.00619707 0.02653324 -0.00390944
v -0.00617315 0.02642758 -0.00389430
v -0.00621242 0.02659763 -0.00394595
v -0.00618220 0.02652589 -0.00392631
v -0.00615837 0.02642026 -0.00391110
v -0.00663268 0.02513648 -0.00447988
v -0.00661312 0.02502748 -0.00447397
v -0.00658693 0.02492987 -0.00445588
v -0.00664803 0.02511226 -0.00446690
v -0.00662886 0.02500262 -0.00446067
v -0.00660258 0.02490515 -0.00444265
v -0.00666297 0.02508967 -0.00445312
v -0.00664420 0.02497947 -0.00444654
v -0.00661784 0.02488211 -0.00442858
v -0.00642163 0.02637274 -0.00374906
v -0.00639673 0.02629528 -0.00372446
v -0.00637173 0.02619088 -0.00371035
v -0.00640365 0.02639687 -0.00375755
v -0.00637829 0.02632000 -0.00373319
v -0.00635338 0.02621549 -0.00371902
v -0.00638616 0.02642068 -0.00376713
v -0.00636035 0.02634444 -0.00374302
v -0.00633552 0.02623982 -0.00372881
v -0.00641923 0.02547543 -0.00455484
v -0.00639427 0.02537500 -0.00455084
v -0.00636929 0.02527547 -0.00453230
v -0.00643750 0.02544266 -0.00455424
v -0.00641299 0.02534139 -0.00455021
v -0.00638790 0.02524208 -0.00453169
v -0.00645549 0.02540906 -0.00455235
v -0.00643143 0.02530699 -0.00454828
v -0.00640623 0.02520784 -0.00452977
v -0.00664994 0.02604188 -0.00373050
v -0.00663087 0.02595595 -0.00370543
v -0.00660461 0.02585336 -0.00369142
v -0.00663273 0.02607768 -0.00372713
v -0.00661323 0.02599262 -0.00370198
v -0.00658708 0.02588982 -0.00368799
v -0.00661482 0.02611139 -0.00372451
v -0.00659488 0.02602717 -0.00369929
v -0.00656882 0.02592416 -0.00368531
v -0.00623084 0.02592423 -0.00448831
v -0.00620096 0.02583558 -0.00448252
v -0.00617694 0.02573378 -0.00446433
v -0.00623929 0.02586775 -0.00449607
v -0.00620962 0.02577771 -0.00449050
v -0.00618555 0.02567626 -0.00447225
v -0.00624838 0.02581145 -0.00450300
v -0.00621897 0.02571995 -0.00449760
v -0.00619484 0.02561878 -0.00447933
v -0.00675961 0.02569812 -0.00378433
v -0.00674330 0.02560362 -0.00376058
v -0.00671641 0.02550301 -0.00374625
v -0.00674939 0.02574738 -0.00377542
v -0.00673279 0.02565413 -0.00375145
v -0.00670596 0.02555328 -0.00373716
v -0.00673852 0.02579678 -0.00376736
v -0.00672166 0.02570478 -0.00374318
v -0.00669488 0.02560362 -0.00372894
v -0.00612380 0.02630578 -0.00429815
v -0.00609130 0.02622661 -0.00428760
v -0.00606792 0.02612255 -0.00427049
v -0.00612843 0.02628005 -0.00431729
v -0.00609605 0.02620015 -0.00430725
v -0.00607265 0.02609620 -0.00429006
v -0.00613464 0.02625593 -0.00433646
v -0.00610243 0.02617540 -0.00432693
v -0.00607899 0.02607155 -0.00430964
v -0.00685471 0.02527038 -0.00396676
v -0.00684087 0.02516472 -0.00394778
v -0.00681349 0.02506631 -0.00393249
v -0.00684967 0.02529465 -0.00394733
v -0.00683571 0.02518961 -0.00392785
v -0.00680837 0.02509106 -0.00391267
v -0.00684386 0.02532041 -0.00392842
v -0.00682976 0.02521604 -0.00390844
v -0.00680244 0.02511738 -0.00389338
v -0.00683734 0.02505920 -0.00421191
v -0.00682302 0.02494813 -0.00419920
v -0.00679573 0.02485087 -0.00418259
v -0.00684160 0.02505976 -0.00418998
v -0.00682739 0.02494869 -0.00417676
v -0.00680006 0.02485143 -0.00416030
v -0.00684445 0.02505986 -0.00416763
v -0.00683032 0.02494879 -0.00415382
v -0.00680298 0.02485153 -0.00413749
v -0.00669383 0.02505875 -0.00442479
v -0.00667588 0.02494771 -0.00441745
v -0.00664939 0.02485052 -0.00439963
v -0.00670962 0.02505010 -0.00441021
v -0.00669208 0.02493886 -0.00440249
v -0.00666550 0.02484167 -0.00438474
v -0.00672472 0.02504250 -0.00439481
v -0.00670755 0.02493105 -0.00438671
v -0.00668088 0.02483389 -0.00436907
v -0.00635356 0.02646987 -0.00378990
v -0.00632688 0.02639495 -0.00376638
v -0.00630222 0.02629005 -0.00375207
v -0.00633858 0.02649538 -0.00380308
v -0.00631149 0.02642113 -0.00377990
v -0.00628690 0.02631610 -0.00376552
v -0.00632432 0.02652076 -0.00381729
v -0.00629687 0.02644717 -0.00379449
v -0.00627234 0.02634200 -0.00378004
v -0.00649026 0.02533916 -0.00454466
v -0.00646707 0.02523535 -0.00454039
v -0.00644165 0.02513662 -0.00452192
v -0.00650729 0.02530441 -0.00453909
v -0.00648453 0.02519969 -0.00453467
v -0.00645903 0.02510117 -0.00451625
v -0.00652454 0.02527195 -0.00453273
v -0.00650224 0.02516639 -0.00452815
v -0.00647665 0.02506802 -0.00450975
v -0.00630129 0.02611178 -0.00442313
v -0.00635726 0.02612004 -0.00437664
v -0.00641212 0.02611401 -0.00432565
v -0.00629190 0.02613981 -0.00441221
v -0.00634970 0.02614252 -0.00436793
v -0.00640644 0.02613071 -0.00431930
v -0.00628238 0.02616421 -0.00440023
v -0.00634212 0.02616208 -0.00435831
v -0.00640095 0.02614510 -0.00431211
v -0.00643837 0.02572800 -0.00449139
v -0.00646686 0.02581316 -0.00443125
v -0.00649299 0.02588762 -0.00436596
v -0.00642340 0.02575268 -0.00448891
v -0.00645486 0.02583289 -0.00442931
v -0.00648409 0.02590206 -0.00436465
v -0.00640838 0.02577659 -0.00448543
v -0.00644287 0.02585207 -0.00442649
v -0.00647529 0.02591631 -0.00436244
v -0.00661185 0.02544036 -0.00445092
v -0.00660562 0.02558308 -0.00439889
v -0.00659541 0.02571775 -0.00434210
v -0.00659686 0.02545581 -0.00445805
v -0.00659364 0.02559535 -0.00440462
v -0.00658660 0.02572657 -0.00434644
v -0.00658168 0.02547205 -0.00446435
v -0.00658151 0.02560843 -0.00440963
v -0.00657764 0.02573643 -0.00435001
v -0.00674994 0.02529332 -0.00430674
v -0.00671611 0.02546543 -0.00428355
v -0.00667701 0.02563088 -0.00425695
v -0.00674173 0.02530089 -0.00432199
v -0.00670958 0.02547139 -0.00429575
v -0.00667228 0.02563496 -0.00426597
v -0.00673334 0.02531166 -0.00433719
v -0.00670284 0.02548010 -0.00430788
v -0.00666725 0.02564165 -0.00427484
v -0.00681937 0.02539023 -0.00411642
v -0.00677162 0.02554292 -0.00413137
v -0.00671797 0.02568801 -0.00414466
v -0.00681658 0.02537162 -0.00413223
v -0.00676943 0.02552797 -0.00414400
v -0.00671647 0.02567672 -0.00415395
v -0.00681369 0.02535666 -0.00414843
v -0.00676709 0.02551612 -0.00415693
v -0.00671463 0.02566832 -0.00416347
v -0.00678719 0.02565943 -0.00393742
v -0.00674590 0.02575822 -0.00398819
v -0.00669901 0.02584691 -0.00403896
v -0.00679305 0.02562966 -0.00394986
v -0.00675061 0.02573434 -0.00399810
v -0.00670257 0.02582916 -0.00404617
v -0.00679841 0.02560135 -0.00396289
v -0.00675487 0.02571182 -0.00400855
v -0.00670561 0.02581274 -0.00405396
v -0.00667943 0.02607137 -0.00384017
v -0.00665970 0.02608776 -0.00391040
v -0.00663537 0.02609016 -0.00398155
v -0.00669197 0.02604038 -0.00384501
v -0.00666974 0.02606297 -0.00391423
v -0.00664284 0.02607190 -0.00398425
v -0.00670374 0.02600765 -0.00385040
v -0.00667915 0.02603676 -0.00391859
v -0.00664973 0.02605251 -0.00398759
v -0.00649934 0.02635476 -0.00383611
v -0.00651565 0.02631442 -0.00390715
v -0.00652904 0.02625750 -0.00397912
v -0.00651421 0.02633293 -0.00383168
v -0.00652753 0.02629703 -0.00390355
v -0.00653778 0.02624481 -0.00397633
v -0.00652938 0.02631132 -0.00382822
v -0.00653965 0.02627974 -0.00390083
v -0.00654672 0.02623198 -0.00397447
v -0.00634951 0.02658083 -0.00395342
v -0.00639583 0.02649517 -0.00400097
v -0.00644064 0.02639087 -0.00404836
v -0.00636024 0.02656897 -0.00394011
v -0.00640441 0.02648576 -0.00399027
v -0.00644689 0.02638414 -0.00404037
v -0.00637069 0.02655301 -0.00392694
v -0.00641279 0.02647293 -0.00397977
v -0.00645315 0.02637445 -0.00403271
v -0.00625120 0.02655775 -0.00413396
v -0.00631720 0.02647677 -0.00414536
v -0.00638258 0.02637731 -0.00415493
v -0.00625573 0.02656678 -0.00411746
v -0.00632078 0.02648405 -0.00413215
v -0.00638511 0.02638289 -0.00414518
v -0.00626073 0.02657344 -0.00410088
v -0.00632482 0.02648932 -0.00411891
v -0.00638820 0.02638658 -0.00413542
v -0.00623991 0.02630271 -0.00431826
v -0.00630815 0.02627283 -0.00429274
v -0.00637587 0.02622689 -0.00426369
v -0.00623493 0.02632199 -0.00430291
v -0.00630412 0.02628828 -0.00428050
v -0.00637278 0.02623839 -0.00425471
v -0.00623124 0.02634255 -0.00428762
v -0.00630121 0.02630466 -0.00426828
v -0.00637077 0.02625031 -0.00424569
v -0.00633122 0.02594577 -0.00445192
v -0.00638123 0.02598712 -0.00439972
v -0.00642988 0.02601577 -0.00434273
v -0.00632396 0.02599081 -0.00444638
v -0.00637539 0.02602306 -0.00439534
v -0.00642549 0.02604216 -0.00433960
v -0.00631717 0.02603617 -0.00444014
v -0.00637000 0.02605938 -0.00439029
v -0.00642159 0.02606897 -0.00433578
v -0.00649718 0.02562366 -0.00449139
v -0.00651393 0.02572967 -0.00443125
v -0.00652777 0.02582592 -0.00436596
v -0.00648274 0.02565064 -0.00449292
v -0.00650237 0.02575122 -0.00443251
v -0.00651921 0.02584164 -0.00436702
v -0.00646808 0.02567696 -0.00449340
v -0.00649064 0.02577231 -0.00443285
v -0.00651059 0.02585737 -0.00436714
v -0.00666354 0.02536757 -0.00441182
v -0.00664700 0.02552483 -0.00436759
v -0.00662601 0.02567470 -0.00431898
v -0.00665157 0.02538563 -0.00442285
v -0.00663746 0.02553919 -0.00437644
v -0.00661901 0.02568501 -0.00432559
v -0.00663925 0.02540512 -0.00443326
v -0.00662759 0.02555485 -0.00438474
v -0.00661169 0.02569680 -0.00433161
v -0.00678958 0.02532752 -0.00425028
v -0.00674776 0.02549276 -0.00423846
v -0.00670031 0.02565099 -0.00422374
v -0.00677959 0.02531312 -0.00426438
v -0.00673979 0.02548112 -0.00424977
v -0.00669452 0.02564214 -0.00423212
v -0.00676896 0.02529991 -0.00427806
v -0.00673128 0.02547069 -0.00426068
v -0.00668818 0.02563475 -0.00424012
v -0.00682231 0.02547327 -0.00405350
v -0.00677398 0.02560937 -0.00408102
v -0.00671971 0.02573710 -0.00410747
v -0.00682316 0.02545270 -0.00406929
v -0.00677469 0.02559284 -0.00409363
v -0.00672035 0.02572465 -0.00411675
v -0.00682290 0.02543179 -0.00408505
v -0.00677445 0.02557618 -0.00410625
v -0.00672006 0.02571262 -0.00412609
v -0.00675729 0.02578287 -0.00389293
v -0.00672200 0.02585695 -0.00395261
v -0.00668137 0.02591977 -0.00401270
v -0.00676548 0.02575069 -0.00390304
v -0.00672856 0.02583122 -0.00396065
v -0.00668628 0.02590070 -0.00401852
v -0.00677336 0.02572001 -0.00391395
v -0.00673484 0.02580671 -0.00396941
v -0.00669082 0.02588278 -0.00402507
v -0.00662484 0.02618676 -0.00382777
v -0.00661602 0.02618007 -0.00390049
v -0.00660311 0.02615835 -0.00397423
v -0.00663923 0.02615975 -0.00382987
v -0.00662754 0.02615846 -0.00390212
v -0.00661165 0.02614246 -0.00397530
v -0.00665303 0.02613102 -0.00383258
v -0.00663857 0.02613548 -0.00390434
v -0.00661975 0.02612548 -0.00397706
v -0.00644158 0.02643459 -0.00386188
v -0.00646948 0.02637825 -0.00392775
v -0.00649497 0.02630459 -0.00399432
v -0.00645557 0.02641552 -0.00385421
v -0.00648063 0.02636309 -0.00392157
v -0.00650316 0.02629358 -0.00398965
v -0.00646999 0.02639621 -0.00384740
v -0.00649217 0.02634757 -0.00391618
v -0.00651168 0.02628200 -0.00398579
v -0.00630223 0.02657647 -0.00400536
v -0.00635799 0.02649172 -0.00404255
v -0.00641266 0.02638840 -0.00407911
v -0.00631383 0.02658222 -0.00399221
v -0.00636722 0.02649639 -0.00403202
v -0.00641935 0.02639202 -0.00407128
v -0.00632606 0.02658672 -0.00397943
v -0.00637703 0.02649992 -0.00402182
v -0.00642668 0.02639439 -0.00406383
v -0.00623957 0.02650605 -0.00420005
v -0.00630790 0.02643539 -0.00419824
v -0.00637570 0.02634674 -0.00419400
v -0.00624187 0.02652282 -0.00418379
v -0.00630968 0.02644888 -0.00418524
v -0.00637691 0.02635688 -0.00418439
v -0.00624434 0.02653607 -0.00416719
v -0.00631172 0.02645941 -0.00417195
v -0.00637852 0.02636448 -0.00417458
v -0.00626533 0.02621169 -0.00437473
v -0.00632848 0.02620004 -0.00433793
v -0.00639088 0.02617317 -0.00429704
v -0.00625818 0.02623630 -0.00436147
v -0.00632273 0.02621974 -0.00432735
v -0.00638652 0.02618774 -0.00428933
v -0.00625170 0.02626032 -0.00434770
v -0.00631760 0.02623891 -0.00431630
v -0.00638285 0.02620179 -0.00428112
v -0.00637834 0.02582181 -0.00447552
v -0.00641882 0.02588822 -0.00441855
v -0.00645750 0.02594305 -0.00435657
v -0.00636402 0.02584523 -0.00446953
v -0.00640736 0.02590690 -0.00441379
v -0.00644900 0.02595672 -0.00435319
v -0.00635103 0.02587225 -0.00446335
v -0.00639703 0.02592848 -0.00440884
v -0.00644150 0.02597265 -0.00434945
v -0.00655254 0.02551371 -0.00447567
v -0.00655822 0.02564172 -0.00441867
v -0.00656047 0.02576101 -0.00435669
v -0.00653874 0.02553968 -0.00448076
v -0.00654719 0.02566239 -0.00442278
v -0.00655234 0.02577604 -0.00435983
v -0.00652509 0.02556757 -0.00448522
v -0.00653628 0.02568474 -0.00442631
v -0.00654431 0.02579266 -0.00436230
v -0.00671299 0.02532979 -0.00436512
v -0.00668653 0.02549461 -0.00433027
v -0.00665515 0.02565242 -0.00429144
v -0.00670087 0.02533592 -0.00437749
v -0.00667686 0.02549942 -0.00434019
v -0.00664807 0.02565570 -0.00429885
v -0.00668821 0.02534286 -0.00438917
v -0.00666672 0.02550506 -0.00434950
v -0.00664055 0.02566016 -0.00430563
v -0.00680901 0.02534373 -0.00418283
v -0.00676336 0.02550576 -0.00418440
v -0.00671189 0.02566068 -0.00418371
v -0.00680672 0.02534363 -0.00420075
v -0.00676156 0.02550562 -0.00419873
v -0.00671065 0.02566026 -0.00419428
v -0.00680329 0.02534321 -0.00421838
v -0.00675878 0.02550534 -0.00421285
v -0.00670849 0.02566033 -0.00420470
v -0.00680851 0.02555258 -0.00399115
v -0.00676293 0.02567285 -0.00403113
v -0.00671156 0.02578395 -0.00407063
v -0.00681316 0.02553194 -0.00400630
v -0.00676669 0.02565625 -0.00404321
v -0.00671443 0.02577157 -0.00407946
v -0.00681719 0.02551252 -0.00402189
v -0.00676988 0.02564081 -0.00405569
v -0.00671668 0.02576035 -0.00408873
v -0.00672413 0.02593420 -0.00386217
v -0.00669549 0.02597791 -0.00392802
v -0.00666182 0.02600894 -0.00399457
v -0.00673285 0.02589453 -0.00386863
v -0.00670248 0.02594616 -0.00393314
v -0.00666705 0.02598548 -0.00399824
v -0.00674104 0.02585506 -0.00387577
v -0.00670901 0.02591464 -0.00393888
v -0.00667179 0.02596233 -0.00400258
v -0.00656113 0.02627144 -0.00382463
v -0.00656504 0.02624784 -0.00389797
v -0.00656546 0.02620841 -0.00397237
v -0.00657754 0.02625265 -0.00382440
v -0.00657815 0.02623285 -0.00389775
v -0.00657513 0.02619747 -0.00397205
v -0.00659387 0.02623302 -0.00382499
v -0.00659121 0.02621713 -0.00389826
v -0.00658474 0.02618579 -0.00397258
v -0.00639210 0.02651473 -0.00390204
v -0.00642992 0.02644233 -0.00395984
v -0.00646582 0.02635183 -0.00401797
v -0.00640350 0.02649441 -0.00389065
v -0.00643901 0.02642612 -0.00395070
v -0.00647246 0.02634008 -0.00401113
v -0.00641550 0.02647398 -0.00388011
v -0.00644862 0.02640973 -0.00394231
v -0.00647959 0.02632784 -0.00400508
v -0.00627121 0.02657654 -0.00406725
v -0.00633321 0.02649179 -0.00409197
v -0.00639441 0.02638840 -0.00411549
v -0.00627696 0.02657424 -0.00405057
v -0.00633778 0.02649001 -0.00407862
v -0.00639767 0.02638732 -0.00410560
v -0.00628373 0.02657211 -0.00403447
v -0.00634322 0.02648827 -0.00406578
v -0.00640177 0.02638582 -0.00409622
v -0.00622959 0.02639499 -0.00425852
v -0.00629990 0.02634649 -0.00424505
v -0.00636980 0.02628113 -0.00422859
v -0.00623144 0.02642608 -0.00424454
v -0.00630132 0.02637138 -0.00423390
v -0.00637072 0.02629957 -0.00422040
v -0.00623417 0.02645686 -0.00423040
v -0.00630356 0.02639593 -0.00422258
v -0.00637250 0.02631749 -0.00421203
v -0.00655341 0.02613482 -0.00410893
v -0.00654690 0.02615943 -0.00408743
v -0.00655219 0.02613144 -0.00411722
v -0.00655651 0.02611234 -0.00413580
v -0.00655643 0.02612541 -0.00411612
v -0.00655470 0.02614821 -0.00408540
v -0.00655060 0.02615494 -0.00408485
v -0.00652214 0.02618254 -0.00413094
v -0.00650647 0.02622033 -0.00411901
v -0.00652490 0.02617247 -0.00413810
v -0.00653724 0.02614110 -0.00414926
v -0.00652798 0.02616857 -0.00413429
v -0.00651210 0.02621305 -0.00411202
v -0.00650851 0.02621943 -0.00411450
v -0.00650080 0.02618227 -0.00416712
v -0.00647989 0.02621441 -0.00416771
v -0.00650684 0.02616933 -0.00417072
v -0.00652419 0.02614117 -0.00417150
v -0.00650819 0.02617149 -0.00416600
v -0.00648237 0.02621849 -0.00415904
v -0.00647981 0.02621890 -0.00416316
v -0.00649652 0.02613269 -0.00420489
v -0.00647668 0.02614584 -0.00421740
v -0.00650436 0.02612374 -0.00420414
v -0.00652162 0.02611108 -0.00419482
v -0.00650319 0.02612942 -0.00419990
v -0.00647446 0.02615623 -0.00420952
v -0.00647406 0.02615201 -0.00421397
v -0.00651484 0.02606423 -0.00423432
v -0.00650151 0.02604910 -0.00425380
v -0.00652104 0.02605935 -0.00422900
v -0.00653285 0.02606869 -0.00421287
v -0.00651899 0.02607183 -0.00422728
v -0.00649779 0.02607242 -0.00425068
v -0.00649864 0.02606036 -0.00425349
v -0.00654702 0.02599566 -0.00424364
v -0.00654610 0.02596240 -0.00426437
v -0.00655067 0.02600061 -0.00423627
v -0.00655254 0.02602644 -0.00421853
v -0.00654650 0.02600824 -0.00423655
v -0.00653845 0.02597641 -0.00426490
v -0.00654201 0.02596784 -0.00426611
v -0.00658151 0.02594159 -0.00422933
v -0.00659108 0.02589324 -0.00424296
v -0.00658102 0.02595389 -0.00422220
v -0.00657378 0.02599336 -0.00420977
v -0.00657754 0.02595909 -0.00422522
v -0.00658472 0.02590293 -0.00424853
v -0.00658837 0.02589508 -0.00424685
v -0.00660738 0.02592674 -0.00419730
v -0.00662493 0.02588194 -0.00419954
v -0.00660374 0.02594507 -0.00419320
v -0.00658968 0.02598422 -0.00419008
v -0.00660089 0.02594145 -0.00419719
v -0.00661961 0.02587494 -0.00420684
v -0.00662327 0.02587514 -0.00420367
v -0.00661639 0.02595525 -0.00415736
v -0.00663399 0.02592140 -0.00414629
v -0.00661023 0.02597146 -0.00415743
v -0.00659518 0.02600158 -0.00416552
v -0.00661031 0.02596554 -0.00416195
v -0.00663415 0.02591053 -0.00415459
v -0.00663534 0.02591353 -0.00415001
v -0.00660470 0.02601598 -0.00412350
v -0.00661657 0.02600476 -0.00410296
v -0.00659882 0.02602714 -0.00412815
v -0.00658809 0.02603913 -0.00414478
v -0.00660105 0.02601825 -0.00413110
v -0.00662072 0.02598841 -0.00410840
v -0.00661956 0.02599517 -0.00410443
v -0.00657886 0.02609940 -0.00410858
v -0.00658072 0.02611404 -0.00408527
v -0.00657487 0.02610069 -0.00411599
v -0.00657209 0.02609027 -0.00413557
v -0.00657891 0.02609278 -0.00411668
v -0.00658814 0.02609944 -0.00408653
v -0.00658487 0.02610742 -0.00408439
v -0.00654150 0.02615159 -0.00411350
v -0.00653135 0.02618094 -0.00409434
v -0.00654175 0.02614601 -0.00412175
v -0.00654924 0.02612251 -0.00413860
v -0.00654573 0.02614054 -0.00411970
v -0.00653872 0.02617097 -0.00409058
v -0.00653456 0.02617752 -0.00409101
v -0.00651251 0.02618544 -0.00414179
v -0.00649364 0.02621953 -0.00413318
v -0.00651630 0.02617275 -0.00414771
v -0.00653140 0.02614326 -0.00415598
v -0.00651962 0.02617397 -0.00414401
v -0.00649980 0.02622201 -0.00412641
v -0.00649561 0.02622316 -0.00412900
v -0.00649796 0.02617324 -0.00418067
v -0.00647669 0.02620032 -0.00418564
v -0.00650460 0.02616002 -0.00418279
v -0.00652239 0.02613538 -0.00417987
v -0.00650531 0.02616445 -0.00417809
v -0.00647798 0.02620834 -0.00417697
v -0.00647600 0.02620681 -0.00418138
v -0.00650125 0.02611512 -0.00421681
v -0.00648354 0.02612133 -0.00423270
v -0.00650889 0.02610742 -0.00421448
v -0.00652444 0.02610010 -0.00420203
v -0.00650694 0.02611425 -0.00421065
v -0.00647997 0.02613395 -0.00422563
v -0.00648044 0.02612851 -0.00423003
v -0.00652275 0.02603564 -0.00423891
v -0.00651384 0.02601616 -0.00426000
v -0.00652901 0.02603679 -0.00423311
v -0.00653778 0.02605154 -0.00421575
v -0.00652528 0.02604390 -0.00423146
v -0.00650688 0.02602916 -0.00425691
v -0.00650936 0.02602138 -0.00425969
v -0.00655852 0.02597300 -0.00424117
v -0.00656108 0.02593277 -0.00426017
v -0.00656081 0.02598074 -0.00423358
v -0.00655968 0.02601277 -0.00421706
v -0.00655691 0.02598823 -0.00423492
v -0.00655393 0.02594668 -0.00426264
v -0.00655744 0.02593734 -0.00426276
v -0.00659144 0.02593151 -0.00422018
v -0.00660435 0.02588288 -0.00423039
v -0.00658987 0.02594647 -0.00421382
v -0.00657990 0.02598712 -0.00420411
v -0.00658639 0.02594849 -0.00421726
v -0.00659790 0.02588640 -0.00423670
v -0.00660178 0.02588156 -0.00423451
v -0.00661307 0.02593312 -0.00418391
v -0.00663043 0.02588675 -0.00418106
v -0.00660776 0.02594894 -0.00418079
v -0.00659313 0.02598795 -0.00418184
v -0.00660686 0.02594863 -0.00418586
v -0.00662887 0.02588644 -0.00419038
v -0.00663087 0.02588369 -0.00418582
v -0.00661436 0.02597160 -0.00414441
v -0.00663031 0.02594291 -0.00412940
v -0.00660791 0.02598604 -0.00414604
v -0.00659398 0.02601183 -0.00415758
v -0.00660910 0.02598028 -0.00415038
v -0.00663255 0.02593246 -0.00413740
v -0.00663259 0.02593538 -0.00413263
v -0.00659811 0.02604492 -0.00411656
v -0.00660764 0.02604526 -0.00409466
v -0.00659284 0.02605391 -0.00412247
v -0.00658401 0.02605677 -0.00414051
v -0.00659526 0.02604282 -0.00412441
v -0.00661207 0.02602470 -0.00409821
v -0.00661069 0.02603428 -0.00409508
v -0.00656617 0.02611858 -0.00410746
v -0.00656349 0.02613716 -0.00408440
v -0.00656334 0.02611666 -0.00411534
v -0.00656431 0.02610223 -0.00413489
v -0.00656796 0.02611112 -0.00411537
v -0.00657201 0.02612708 -0.00408449
v -0.00656784 0.02613308 -0.00408288
v -0.00653100 0.02616749 -0.00412085
v -0.00651807 0.02620242 -0.00410507
v -0.00653278 0.02616030 -0.00412880
v -0.00654282 0.02613228 -0.00414309
v -0.00653607 0.02615462 -0.00412572
v -0.00652414 0.02619185 -0.00409939
v -0.00652040 0.02619900 -0.00410092
v -0.00650517 0.02618390 -0.00415342
v -0.00648533 0.02621936 -0.00414959
v -0.00651055 0.02617233 -0.00415853
v -0.00652694 0.02614249 -0.00416316
v -0.00651233 0.02617188 -0.00415396
v -0.00648858 0.02621835 -0.00414113
v -0.00648566 0.02622103 -0.00414474
v -0.00649582 0.02615330 -0.00419329
v -0.00647401 0.02617048 -0.00420157
v -0.00650281 0.02614057 -0.00419366
v -0.00652114 0.02612353 -0.00418767
v -0.00650341 0.02614904 -0.00418967
v -0.00647517 0.02618641 -0.00419423
v -0.00647311 0.02618003 -0.00419824
v -0.00650809 0.02609532 -0.00422713
v -0.00649325 0.02609403 -0.00424581
v -0.00651532 0.02608894 -0.00422336
v -0.00652861 0.02608741 -0.00420837
v -0.00651262 0.02609675 -0.00422008
v -0.00648827 0.02610808 -0.00423977
v -0.00648967 0.02610198 -0.00424392
v -0.00653482 0.02601664 -0.00424282
v -0.00653012 0.02599074 -0.00426433
v -0.00653988 0.02601964 -0.00423610
v -0.00654501 0.02603944 -0.00421803
v -0.00653560 0.02602661 -0.00423526
v -0.00652224 0.02600350 -0.00426276
v -0.00652565 0.02599597 -0.00426500
v -0.00657022 0.02595606 -0.00423659
v -0.00657698 0.02591290 -0.00425351
v -0.00657138 0.02596697 -0.00422918
v -0.00656685 0.02600221 -0.00421421
v -0.00656713 0.02597160 -0.00423111
v -0.00656912 0.02592126 -0.00425705
v -0.00657324 0.02591450 -0.00425658
v -0.00659991 0.02592437 -0.00420872
v -0.00661444 0.02587316 -0.00421464
v -0.00659686 0.02594012 -0.00420333
v -0.00658513 0.02598297 -0.00419717
v -0.00659448 0.02594250 -0.00420755
v -0.00661010 0.02587776 -0.00422248
v -0.00661310 0.02587187 -0.00421914
v -0.00661509 0.02593880 -0.00417022
v -0.00663316 0.02589892 -0.00416336
v -0.00660959 0.02595651 -0.00416892
v -0.00659450 0.02599193 -0.00417347
v -0.00660883 0.02595191 -0.00417341
v -0.00663172 0.02589034 -0.00417162
v -0.00663355 0.02589128 -0.00416729
v -0.00661030 0.02599130 -0.00413302
v -0.00662458 0.02597146 -0.00411496
v -0.00660411 0.02600483 -0.00413628
v -0.00659151 0.02602400 -0.00415059
v -0.00660570 0.02599670 -0.00413987
v -0.00662751 0.02595640 -0.00412159
v -0.00662711 0.02596198 -0.00411726
v -0.00658966 0.02607497 -0.00411168
v -0.00659551 0.02608277 -0.00408865
v -0.00658478 0.02607953 -0.00411837
v -0.00657876 0.02607507 -0.00413748
v -0.00658825 0.02607033 -0.00411982
v -0.00660189 0.02606597 -0.00409134
v -0.00659937 0.02607458 -0.00408854
v 0.00650398 -0.02637320 0.00389981
v 0.00651628 -0.02635399 0.00389594
v 0.00652858 -0.02633391 0.00389273
v 0.00650851 -0.02628863 0.00396167
v 0.00651794 -0.02627395 0.00395868
v 0.00652737 -0.02625851 0.00395624
v 0.00651039 -0.02619753 0.00401919
v 0.00651694 -0.02618718 0.00401697
v 0.00652409 -0.02617829 0.00401573
v 0.00668756 -0.02599984 0.00391819
v 0.00669669 -0.02597376 0.00392475
v 0.00670590 -0.02594971 0.00393219
v 0.00664975 -0.02600308 0.00397611
v 0.00665675 -0.02598314 0.00398111
v 0.00666340 -0.02596320 0.00398663
v 0.00661216 -0.02600015 0.00403061
v 0.00661713 -0.02598618 0.00403402
v 0.00662172 -0.02597227 0.00403797
v 0.00649012 -0.02571144 0.00444234
v 0.00647727 -0.02573103 0.00444306
v 0.00646487 -0.02575261 0.00444335
v 0.00649904 -0.02578520 0.00437926
v 0.00648971 -0.02580225 0.00438024
v 0.00648037 -0.02581954 0.00438056
v 0.00650453 -0.02584415 0.00431681
v 0.00649799 -0.02585597 0.00431760
v 0.00649152 -0.02586845 0.00431776
v 0.00655375 -0.02629403 0.00388863
v 0.00656633 -0.02627332 0.00388761
v 0.00657869 -0.02625153 0.00388723
v 0.00654625 -0.02622584 0.00395282
v 0.00655559 -0.02620879 0.00395185
v 0.00656484 -0.02619116 0.00395146
v 0.00653829 -0.02615699 0.00401369
v 0.00654483 -0.02614517 0.00401290
v 0.00655130 -0.02613273 0.00401274
v 0.00677670 -0.02563712 0.00408304
v 0.00677736 -0.02561969 0.00409625
v 0.00677730 -0.02560278 0.00410956
v 0.00671854 -0.02572744 0.00410313
v 0.00671871 -0.02571252 0.00411298
v 0.00671815 -0.02569763 0.00412286
v 0.00665952 -0.02579856 0.00411997
v 0.00666023 -0.02579012 0.00412718
v 0.00666028 -0.02578207 0.00413448
v 0.00633043 -0.02652630 0.00403665
v 0.00633920 -0.02652746 0.00402494
v 0.00634831 -0.02652686 0.00401351
v 0.00637480 -0.02640558 0.00406650
v 0.00638176 -0.02640729 0.00405767
v 0.00638855 -0.02640569 0.00404877
v 0.00641521 -0.02628096 0.00409365
v 0.00642006 -0.02628239 0.00408743
v 0.00642530 -0.02628259 0.00408152
v 0.00627714 -0.02629190 0.00429873
v 0.00627414 -0.02631292 0.00428660
v 0.00627175 -0.02633314 0.00427417
v 0.00633302 -0.02622298 0.00426764
v 0.00633071 -0.02623919 0.00425836
v 0.00632927 -0.02625607 0.00424901
v 0.00638666 -0.02615616 0.00423755
v 0.00638495 -0.02616759 0.00423108
v 0.00638377 -0.02617836 0.00422431
v 0.00676828 -0.02571649 0.00403271
v 0.00677128 -0.02569540 0.00404487
v 0.00677368 -0.02567511 0.00405734
v 0.00671104 -0.02578395 0.00406383
v 0.00671385 -0.02576976 0.00407344
v 0.00671611 -0.02575617 0.00408330
v 0.00665524 -0.02584293 0.00409273
v 0.00665666 -0.02583024 0.00409897
v 0.00665753 -0.02581815 0.00410549
v 0.00674194 -0.02548655 0.00424369
v 0.00673561 -0.02548258 0.00425678
v 0.00672877 -0.02547986 0.00426966
v 0.00669241 -0.02561299 0.00422659
v 0.00668695 -0.02560731 0.00423623
v 0.00668137 -0.02560400 0.00424588
v 0.00664168 -0.02572043 0.00420819
v 0.00663837 -0.02571806 0.00421524
v 0.00663461 -0.02571684 0.00422210
v 0.00671362 -0.02547829 0.00429464
v 0.00670562 -0.02548038 0.00430685
v 0.00669776 -0.02548582 0.00431910
v 0.00666972 -0.02560278 0.00426508
v 0.00666342 -0.02560358 0.00427433
v 0.00665673 -0.02560550 0.00428328
v 0.00662621 -0.02571597 0.00423595
v 0.00662186 -0.02571635 0.00424247
v 0.00661712 -0.02571785 0.00424868
v 0.00664737 -0.02610373 0.00389801
v 0.00665792 -0.02607793 0.00390210
v 0.00666816 -0.02605199 0.00390685
v 0.00661890 -0.02608284 0.00396061
v 0.00662700 -0.02606308 0.00396372
v 0.00663482 -0.02604321 0.00396739
v 0.00658935 -0.02605314 0.00401892
v 0.00659535 -0.02604049 0.00402120
v 0.00660108 -0.02602773 0.00402408
v 0.00630087 -0.02651236 0.00408671
v 0.00630716 -0.02651620 0.00407360
v 0.00631458 -0.02652153 0.00406114
v 0.00635244 -0.02639687 0.00410523
v 0.00635727 -0.02640000 0.00409518
v 0.00636254 -0.02640199 0.00408532
v 0.00639960 -0.02627601 0.00412140
v 0.00640291 -0.02627841 0.00411433
v 0.00640668 -0.02627963 0.00410744
v 0.00677549 -0.02557249 0.00413665
v 0.00677368 -0.02555889 0.00415033
v 0.00677127 -0.02554648 0.00416405
v 0.00671632 -0.02567257 0.00414339
v 0.00671497 -0.02566215 0.00415385
v 0.00671310 -0.02565270 0.00416436
v 0.00665889 -0.02576359 0.00414922
v 0.00665790 -0.02575554 0.00415643
v 0.00665666 -0.02574979 0.00416391
v 0.00636694 -0.02651825 0.00399125
v 0.00637681 -0.02651205 0.00398073
v 0.00638752 -0.02650671 0.00397094
v 0.00640288 -0.02639906 0.00403162
v 0.00641044 -0.02639439 0.00402353
v 0.00641830 -0.02638861 0.00401583
v 0.00643593 -0.02627886 0.00406933
v 0.00644117 -0.02627580 0.00406359
v 0.00644674 -0.02627154 0.00405827
v 0.00644117 -0.02580009 0.00444244
v 0.00642960 -0.02582460 0.00444098
v 0.00641823 -0.02584949 0.00443883
v 0.00646089 -0.02585120 0.00437910
v 0.00645199 -0.02586995 0.00437801
v 0.00644328 -0.02588909 0.00437634
v 0.00647836 -0.02589481 0.00431725
v 0.00647196 -0.02590732 0.00431651
v 0.00646538 -0.02591882 0.00431497
v 0.00635490 -0.02599876 0.00441150
v 0.00634579 -0.02602480 0.00440493
v 0.00633709 -0.02605074 0.00439778
v 0.00639412 -0.02600249 0.00435519
v 0.00638669 -0.02602079 0.00434992
v 0.00637975 -0.02603962 0.00434423
v 0.00642962 -0.02599744 0.00429955
v 0.00642420 -0.02600981 0.00429590
v 0.00641966 -0.02602400 0.00429198
v 0.00676377 -0.02552173 0.00419093
v 0.00675914 -0.02551103 0.00420428
v 0.00675442 -0.02550332 0.00421785
v 0.00670804 -0.02563621 0.00418545
v 0.00670491 -0.02562931 0.00419589
v 0.00670127 -0.02562345 0.00420626
v 0.00665327 -0.02573901 0.00417927
v 0.00665097 -0.02573319 0.00418647
v 0.00664807 -0.02572803 0.00419354
v 0.00626996 -0.02643556 0.00419505
v 0.00627176 -0.02644909 0.00418139
v 0.00627415 -0.02646150 0.00416771
v 0.00632757 -0.02633374 0.00418791
v 0.00632885 -0.02634391 0.00417740
v 0.00633074 -0.02635340 0.00416688
v 0.00638278 -0.02623470 0.00418078
v 0.00638327 -0.02624083 0.00417322
v 0.00638420 -0.02624561 0.00416556
v 0.00667907 -0.02549429 0.00434136
v 0.00666887 -0.02549935 0.00435169
v 0.00665822 -0.02550531 0.00436150
v 0.00664239 -0.02561212 0.00430041
v 0.00663484 -0.02561679 0.00430851
v 0.00662696 -0.02562254 0.00431620
v 0.00660677 -0.02572266 0.00426104
v 0.00660154 -0.02572573 0.00426677
v 0.00659599 -0.02572995 0.00427210
v 0.00640971 -0.02649162 0.00395268
v 0.00642083 -0.02648060 0.00394407
v 0.00643221 -0.02646844 0.00393601
v 0.00643495 -0.02637501 0.00400152
v 0.00644401 -0.02636880 0.00399525
v 0.00645327 -0.02636148 0.00398945
v 0.00645863 -0.02626129 0.00404786
v 0.00646456 -0.02625561 0.00404314
v 0.00647071 -0.02624885 0.00403890
v 0.00645556 -0.02644079 0.00392155
v 0.00646751 -0.02642538 0.00391520
v 0.00647957 -0.02640893 0.00390944
v 0.00647132 -0.02634053 0.00397837
v 0.00648047 -0.02632878 0.00397346
v 0.00648973 -0.02631613 0.00396908
v 0.00648368 -0.02623351 0.00403087
v 0.00649031 -0.02622629 0.00402750
v 0.00649702 -0.02621807 0.00402467
v 0.00632105 -0.02610209 0.00438182
v 0.00631373 -0.02612740 0.00437303
v 0.00630690 -0.02615239 0.00436374
v 0.00636681 -0.02607695 0.00433158
v 0.00636115 -0.02609640 0.00432486
v 0.00635595 -0.02611554 0.00431770
v 0.00641066 -0.02605231 0.00428305
v 0.00640664 -0.02606597 0.00427842
v 0.00640305 -0.02607936 0.00427332
v 0.00658925 -0.02556834 0.00441022
v 0.00657732 -0.02558375 0.00441658
v 0.00656525 -0.02560016 0.00442233
v 0.00657402 -0.02567072 0.00435374
v 0.00656484 -0.02568226 0.00435862
v 0.00655558 -0.02569492 0.00436299
v 0.00655780 -0.02576258 0.00429869
v 0.00655141 -0.02577067 0.00430222
v 0.00654491 -0.02577966 0.00430519
v 0.00626875 -0.02637107 0.00424852
v 0.00626814 -0.02638868 0.00423538
v 0.00626814 -0.02640530 0.00422206
v 0.00632684 -0.02628493 0.00422918
v 0.00632662 -0.02629957 0.00421927
v 0.00632677 -0.02631271 0.00420911
v 0.00638209 -0.02619945 0.00421006
v 0.00638166 -0.02620911 0.00420302
v 0.00638177 -0.02621789 0.00419581
v 0.00660243 -0.02620402 0.00388815
v 0.00661401 -0.02617951 0.00388961
v 0.00662539 -0.02615455 0.00389176
v 0.00658376 -0.02615724 0.00395262
v 0.00659308 -0.02614022 0.00395400
v 0.00660189 -0.02612157 0.00395574
v 0.00656446 -0.02610634 0.00401324
v 0.00657071 -0.02609327 0.00401391
v 0.00657683 -0.02607999 0.00401521
v 0.00628072 -0.02648287 0.00414035
v 0.00628485 -0.02649179 0.00412672
v 0.00628960 -0.02649971 0.00411323
v 0.00633579 -0.02636989 0.00414579
v 0.00633901 -0.02637714 0.00413538
v 0.00634331 -0.02638547 0.00412539
v 0.00638768 -0.02625690 0.00415023
v 0.00639028 -0.02626367 0.00414318
v 0.00639341 -0.02626938 0.00413620
v 0.00629480 -0.02620106 0.00434374
v 0.00628953 -0.02622469 0.00433307
v 0.00628479 -0.02624749 0.00432195
v 0.00634661 -0.02615309 0.00430227
v 0.00634254 -0.02617125 0.00429411
v 0.00633896 -0.02618892 0.00428557
v 0.00639631 -0.02610644 0.00426220
v 0.00639339 -0.02611927 0.00425653
v 0.00639095 -0.02613158 0.00425049
v 0.00672286 -0.02590157 0.00394867
v 0.00673020 -0.02587619 0.00395746
v 0.00673704 -0.02585116 0.00396677
v 0.00667666 -0.02592730 0.00399953
v 0.00668270 -0.02590948 0.00400651
v 0.00668791 -0.02589034 0.00401366
v 0.00663063 -0.02594372 0.00404685
v 0.00663481 -0.02593075 0.00405158
v 0.00663881 -0.02591917 0.00405697
v 0.00639576 -0.02589805 0.00443219
v 0.00638509 -0.02592332 0.00442801
v 0.00637479 -0.02594891 0.00442322
v 0.00642633 -0.02592799 0.00437150
v 0.00641755 -0.02594511 0.00436799
v 0.00640911 -0.02596257 0.00436395
v 0.00645249 -0.02594427 0.00431111
v 0.00644676 -0.02595808 0.00430902
v 0.00644131 -0.02597206 0.00430637
v 0.00674917 -0.02580236 0.00398682
v 0.00675514 -0.02578126 0.00399789
v 0.00676056 -0.02576077 0.00400938
v 0.00669724 -0.02585283 0.00402907
v 0.00670131 -0.02583467 0.00403724
v 0.00670487 -0.02581703 0.00404575
v 0.00664619 -0.02589498 0.00406856
v 0.00664911 -0.02588222 0.00407420
v 0.00665151 -0.02586985 0.00408021
v 0.00663647 -0.02552256 0.00438001
v 0.00662534 -0.02553358 0.00438862
v 0.00661357 -0.02554428 0.00439642
v 0.00661050 -0.02563677 0.00433062
v 0.00660199 -0.02564513 0.00433724
v 0.00659299 -0.02565347 0.00434323
v 0.00658334 -0.02573692 0.00428202
v 0.00657705 -0.02574111 0.00428652
v 0.00657075 -0.02574724 0.00429067
v 0.00654084 -0.02563593 0.00443196
v 0.00652815 -0.02565361 0.00443555
v 0.00651539 -0.02567194 0.00443844
v 0.00653677 -0.02572242 0.00437041
v 0.00652736 -0.02573710 0.00437341
v 0.00651792 -0.02575254 0.00437583
v 0.00653135 -0.02579950 0.00431055
v 0.00652476 -0.02580964 0.00431274
v 0.00651815 -0.02582059 0.00431434
v 0.00647527 -0.02603728 0.00418326
v 0.00646057 -0.02605377 0.00419246
v 0.00645918 -0.02605705 0.00419104
v 0.00645939 -0.02605806 0.00418874
v 0.00647961 -0.02603299 0.00418054
v 0.00649123 -0.02601650 0.00417528
v 0.00647990 -0.02603115 0.00418174
v 0.00647736 -0.02606876 0.00415627
v 0.00646206 -0.02609696 0.00415570
v 0.00646203 -0.02610024 0.00415374
v 0.00646365 -0.02610052 0.00415206
v 0.00648171 -0.02606011 0.00415623
v 0.00649235 -0.02603526 0.00415850
v 0.00648128 -0.02605931 0.00415754
v 0.00655730 -0.02594870 0.00413456
v 0.00657099 -0.02593922 0.00412297
v 0.00657261 -0.02593605 0.00412405
v 0.00657259 -0.02593381 0.00412614
v 0.00655337 -0.02595152 0.00413800
v 0.00654217 -0.02596306 0.00414539
v 0.00655291 -0.02595365 0.00413701
v 0.00649472 -0.02597338 0.00420761
v 0.00648936 -0.02597108 0.00422515
v 0.00648751 -0.02597446 0.00422542
v 0.00648651 -0.02597816 0.00422394
v 0.00649621 -0.02597397 0.00420247
v 0.00650285 -0.02597523 0.00419009
v 0.00649717 -0.02597157 0.00420287
v 0.00651816 -0.02592419 0.00420831
v 0.00652147 -0.02590516 0.00422502
v 0.00651987 -0.02590701 0.00422644
v 0.00651809 -0.02591063 0.00422602
v 0.00651740 -0.02593099 0.00420364
v 0.00651754 -0.02594581 0.00419064
v 0.00651855 -0.02592914 0.00420331
v 0.00648239 -0.02600727 0.00419818
v 0.00647151 -0.02601476 0.00421263
v 0.00646966 -0.02601793 0.00421197
v 0.00646923 -0.02602055 0.00420993
v 0.00648558 -0.02600538 0.00419396
v 0.00649541 -0.02599695 0.00418438
v 0.00648624 -0.02600305 0.00419480
v 0.00651622 -0.02604328 0.00411680
v 0.00651532 -0.02607186 0.00410161
v 0.00651716 -0.02607106 0.00410036
v 0.00651892 -0.02606737 0.00410080
v 0.00651690 -0.02603610 0.00412141
v 0.00651685 -0.02602163 0.00413447
v 0.00651555 -0.02603725 0.00412163
v 0.00652659 -0.02591272 0.00420513
v 0.00653293 -0.02589031 0.00422039
v 0.00653143 -0.02589097 0.00422204
v 0.00652944 -0.02589397 0.00422196
v 0.00652481 -0.02592001 0.00420085
v 0.00652269 -0.02593859 0.00418867
v 0.00652595 -0.02591848 0.00420026
v 0.00650210 -0.02595592 0.00420968
v 0.00649962 -0.02594776 0.00422766
v 0.00649777 -0.02595076 0.00422834
v 0.00649647 -0.02595466 0.00422717
v 0.00650277 -0.02595857 0.00420447
v 0.00650740 -0.02596470 0.00419138
v 0.00650388 -0.02595620 0.00420464
v 0.00648630 -0.02607347 0.00413879
v 0.00647446 -0.02610763 0.00413215
v 0.00647504 -0.02610920 0.00413005
v 0.00647683 -0.02610714 0.00412883
v 0.00648986 -0.02606364 0.00414063
v 0.00649784 -0.02603805 0.00414768
v 0.00648905 -0.02606381 0.00414178
v 0.00648807 -0.02599064 0.00420373
v 0.00648006 -0.02599444 0.00422017
v 0.00647806 -0.02599730 0.00421992
v 0.00647719 -0.02599995 0.00421805
v 0.00649033 -0.02598991 0.00419889
v 0.00649871 -0.02598635 0.00418767
v 0.00649116 -0.02598747 0.00419953
v 0.00655316 -0.02596526 0.00412778
v 0.00656516 -0.02596219 0.00411405
v 0.00656686 -0.02595846 0.00411464
v 0.00656707 -0.02595504 0.00411652
v 0.00654977 -0.02596624 0.00413186
v 0.00653965 -0.02597321 0.00414122
v 0.00654912 -0.02596857 0.00413102
v 0.00655988 -0.02593378 0.00414243
v 0.00657517 -0.02591994 0.00413376
v 0.00657639 -0.02591631 0.00413505
v 0.00657584 -0.02591408 0.00413706
v 0.00655559 -0.02593828 0.00414511
v 0.00654380 -0.02595375 0.00415027
v 0.00655536 -0.02594009 0.00414401
v 0.00656089 -0.02592092 0.00415112
v 0.00657661 -0.02590077 0.00414524
v 0.00657758 -0.02589759 0.00414687
v 0.00657683 -0.02589672 0.00414896
v 0.00655641 -0.02592691 0.00415294
v 0.00654439 -0.02594570 0.00415562
v 0.00655639 -0.02592841 0.00415177
v 0.00647519 -0.02606168 0.00416559
v 0.00645916 -0.02608570 0.00416823
v 0.00645857 -0.02608884 0.00416633
v 0.00645972 -0.02608919 0.00416433
v 0.00647960 -0.02605384 0.00416456
v 0.00649098 -0.02603080 0.00416423
v 0.00647940 -0.02605258 0.00416587
v 0.00655433 -0.02589944 0.00417858
v 0.00656935 -0.02587302 0.00418311
v 0.00656925 -0.02587121 0.00418522
v 0.00656757 -0.02587215 0.00418665
v 0.00655021 -0.02590830 0.00417752
v 0.00654020 -0.02593186 0.00417247
v 0.00655081 -0.02590861 0.00417635
v 0.00654773 -0.02598265 0.00412236
v 0.00655745 -0.02598558 0.00410695
v 0.00655925 -0.02598199 0.00410710
v 0.00655991 -0.02597861 0.00410886
v 0.00654499 -0.02598178 0.00412692
v 0.00653630 -0.02598394 0.00413787
v 0.00654418 -0.02598419 0.00412628
v 0.00654911 -0.02589857 0.00418698
v 0.00656263 -0.02587145 0.00419473
v 0.00656212 -0.02587016 0.00419682
v 0.00656024 -0.02587162 0.00419790
v 0.00654532 -0.02590708 0.00418491
v 0.00653681 -0.02593061 0.00417759
v 0.00654618 -0.02590739 0.00418393
v 0.00650995 -0.02593904 0.00420988
v 0.00651030 -0.02592506 0.00422754
v 0.00650866 -0.02592792 0.00422868
v 0.00650714 -0.02593190 0.00422788
v 0.00650995 -0.02594403 0.00420488
v 0.00651237 -0.02595473 0.00419159
v 0.00651109 -0.02594190 0.00420480
v 0.00654116 -0.02600026 0.00411853
v 0.00654831 -0.02600957 0.00410207
v 0.00655020 -0.02600632 0.00410181
v 0.00655117 -0.02600246 0.00410328
v 0.00653920 -0.02599754 0.00412337
v 0.00653221 -0.02599489 0.00413550
v 0.00653824 -0.02599995 0.00412296
v 0.00652513 -0.02603128 0.00411571
v 0.00652705 -0.02605440 0.00409950
v 0.00652887 -0.02605224 0.00409846
v 0.00653038 -0.02604819 0.00409925
v 0.00652490 -0.02602536 0.00412058
v 0.00652233 -0.02601406 0.00413377
v 0.00652353 -0.02602658 0.00412050
v 0.00647819 -0.02602341 0.00419134
v 0.00646516 -0.02603568 0.00420339
v 0.00646361 -0.02603937 0.00420240
v 0.00646350 -0.02604119 0.00420019
v 0.00648198 -0.02602013 0.00418777
v 0.00649283 -0.02600734 0.00418012
v 0.00648244 -0.02601797 0.00418878
v 0.00649263 -0.02607050 0.00413124
v 0.00648282 -0.02610435 0.00412166
v 0.00648375 -0.02610519 0.00411963
v 0.00648563 -0.02610247 0.00411878
v 0.00649559 -0.02606081 0.00413394
v 0.00650174 -0.02603624 0.00414302
v 0.00649461 -0.02606144 0.00413493
v 0.00653359 -0.02601703 0.00411633
v 0.00653804 -0.02603282 0.00409955
v 0.00653993 -0.02603006 0.00409889
v 0.00654120 -0.02602602 0.00410004
v 0.00653254 -0.02601284 0.00412133
v 0.00652765 -0.02600545 0.00413419
v 0.00653129 -0.02601445 0.00412103
v 0.00655807 -0.02590342 0.00416955
v 0.00657402 -0.02587853 0.00417066
v 0.00657432 -0.02587629 0.00417272
v 0.00657290 -0.02587661 0.00417444
v 0.00655364 -0.02591161 0.00416950
v 0.00654254 -0.02593444 0.00416694
v 0.00655407 -0.02591238 0.00416823
v 0.00656029 -0.02591067 0.00416028
v 0.00657646 -0.02588776 0.00415787
v 0.00657713 -0.02588518 0.00415976
v 0.00657602 -0.02588491 0.00416171
v 0.00655574 -0.02591788 0.00416119
v 0.00654393 -0.02593901 0.00416126
v 0.00655594 -0.02591907 0.00415995
v 0.00654255 -0.02590035 0.00419436
v 0.00655408 -0.02587389 0.00420507
v 0.00655321 -0.02587316 0.00420706
v 0.00655120 -0.02587511 0.00420778
v 0.00653920 -0.02590830 0.00419135
v 0.00653255 -0.02593099 0.00418203
v 0.00654028 -0.02590840 0.00419054
v 0.00648117 -0.02607294 0.00414725
v 0.00646764 -0.02610585 0.00414375
v 0.00646789 -0.02610822 0.00414167
v 0.00646958 -0.02610714 0.00414018
v 0.00648518 -0.02606343 0.00414816
v 0.00649467 -0.02603773 0.00415291
v 0.00648454 -0.02606308 0.00414941
v 0.00649989 -0.02606423 0.00412488
v 0.00649252 -0.02609651 0.00411277
v 0.00649376 -0.02609654 0.00411088
v 0.00649567 -0.02609327 0.00411042
v 0.00650214 -0.02605496 0.00412835
v 0.00650631 -0.02603268 0.00413915
v 0.00650106 -0.02605607 0.00412915
v 0.00653489 -0.02590502 0.00420046
v 0.00654405 -0.02588027 0.00421373
v 0.00654282 -0.02588013 0.00421557
v 0.00654074 -0.02588253 0.00421589
v 0.00653213 -0.02591210 0.00419667
v 0.00652775 -0.02593364 0.00418579
v 0.00653333 -0.02591164 0.00419599
v 0.00650780 -0.02605489 0.00411998
v 0.00650347 -0.02608542 0.00410598
v 0.00650517 -0.02608546 0.00410445
v 0.00650715 -0.02608236 0.00410452
v 0.00650928 -0.02604638 0.00412407
v 0.00651145 -0.02602790 0.00413629
v 0.00650810 -0.02604791 0.00412465
v 0.00647436 -0.02605053 0.00417463
v 0.00645851 -0.02607054 0.00418057
v 0.00645768 -0.02607448 0.00417897
v 0.00645856 -0.02607584 0.00417689
v 0.00647894 -0.02604478 0.00417278
v 0.00649059 -0.02602445 0.00416991
v 0.00647889 -0.02604282 0.00417402
v -0.00474722 0.03078477 -0.00369247
v -0.00268018 0.03338397 -0.00298524
v -0.00042313 0.03466074 -0.00212426
v 0.00185871 0.03459147 -0.00117620
v 0.00405274 0.03308989 -0.00018232
v 0.00607024 0.03030578 0.00081037
v 0.00786698 0.02648224 0.00177003
v 0.00938590 0.02170401 0.00266830
v 0.01056718 0.01609191 0.00347356
v 0.01130361 0.00977312 0.00413422
v 0.01161351 0.00308209 0.00463909
v 0.01145490 -0.00372865 0.00495656
v 0.01085494 -0.01037604 0.00508195
v 0.00985841 -0.01659359 0.00501880
v -0.00495329 0.03083179 -0.00324709
v -0.00309282 0.03353805 -0.00214734
v -0.00103038 0.03491668 -0.00090784
v 0.00107362 0.03497804 0.00036686
v 0.00314012 0.03362667 0.00163080
v 0.00507503 0.03094885 0.00282577
v 0.00680392 0.02709070 0.00390537
v 0.00830478 0.02232041 0.00485412
v 0.00950119 0.01667733 0.00562537
v 0.01031531 0.01032685 0.00617056
v 0.01071992 0.00355905 0.00647085
v 0.01069073 -0.00333682 0.00650915
v 0.01022554 -0.01004922 0.00628162
v 0.00942767 -0.01636571 0.00584914
v 0.00824142 -0.02165764 0.00517286
v -0.00523190 0.03075329 -0.00284965
v -0.00363823 0.03340443 -0.00138686
v -0.00182092 0.03470180 0.00019753
v 0.00006490 0.03463877 0.00177185
v 0.00195547 0.03338341 0.00329067
v 0.00376454 0.03071030 0.00467114
v 0.00540721 0.02678239 0.00585027
v 0.00686101 0.02196114 0.00682717
v 0.00808049 0.01634678 0.00756874
v 0.00898713 0.01004444 0.00801457
v 0.00951739 0.00330645 0.00812401
v 0.00967092 -0.00354354 0.00791280
v 0.00943072 -0.01020780 0.00738150
v 0.00887376 -0.01646307 0.00660555
v 0.00794814 -0.02169906 0.00557178
v -0.00556341 0.03051094 -0.00250479
v -0.00427562 0.03292364 -0.00072474
v -0.00274705 0.03396025 0.00115608
v -0.00112170 0.03371863 0.00298334
v 0.00054747 0.03233076 0.00471562
v 0.00219380 0.02952672 0.00624270
v 0.00374366 0.02557688 0.00751460
v 0.00516912 0.02078892 0.00853832
v 0.00641734 0.01521238 0.00925966
v 0.00741718 0.00897973 0.00961411
v 0.00809786 0.00234950 0.00955343
v 0.00847540 -0.00435283 0.00913717
v 0.00849877 -0.01084508 0.00834260
v 0.00821827 -0.01688032 0.00725853
v -0.00595076 0.03015271 -0.00223064
v -0.00500514 0.03221502 -0.00019721
v -0.00379278 0.03288111 0.00192692
v -0.00244800 0.03233090 0.00396599
v -0.00101740 0.03066317 0.00586848
v 0.00045598 0.02773530 0.00753126
v 0.00190786 0.02372369 0.00889388
v 0.00328465 0.01882557 0.00991806
v 0.00455136 0.01326423 0.01060194
v 0.00565601 0.00716224 0.01089153
v 0.00652254 0.00072862 0.01071524
v 0.00713868 -0.00573024 0.01012826
v 0.00745402 -0.01192531 0.00911999
v 0.00749105 -0.01760967 0.00778726
v 0.00721307 -0.02227799 0.00619454
v -0.00634742 0.02958389 -0.00202247
v -0.00577743 0.03120351 0.00019112
v -0.00491649 0.03145395 0.00249009
v -0.00386252 0.03043825 0.00467901
v -0.00268521 0.02842652 0.00670584
v -0.00139918 0.02527994 0.00846849
v -0.00005854 0.02113589 0.00989546
v 0.00128214 0.01617980 0.01093670
v 0.00257752 0.01063881 0.01158522
v 0.00378242 0.00467717 0.01180462
v 0.00483341 -0.00149412 0.01153447
v 0.00569978 -0.00760685 0.01082449
v 0.00632491 -0.01338095 0.00966431
v 0.00671015 -0.01859769 0.00816123
v 0.00680236 -0.02280267 0.00639659
v -0.00676387 0.02892740 -0.00190460
v -0.00657546 0.02997938 0.00041762
v -0.00606945 0.02966818 0.00282002
v -0.00533531 0.02823468 0.00511447
v -0.00440015 0.02572619 0.00720619
v -0.00330119 0.02225198 0.00901896
v -0.00207648 0.01792540 0.01048213
v -0.00077265 0.01290799 0.01153631
v 0.00055950 0.00741373 0.01216311
v 0.00186882 0.00162509 0.01230356
v 0.00310689 -0.00421875 0.01198318
v 0.00423463 -0.00992156 0.01122652
v 0.00517387 -0.01517860 0.00997518
v 0.00591422 -0.01982398 0.00837483
v 0.00638836 -0.02347817 0.00651855
v -0.00715825 0.02812797 -0.00186716
v -0.00734410 0.02848714 0.00048184
v -0.00719118 0.02752265 0.00290830
v -0.00678009 0.02558678 0.00522794
v -0.00610748 0.02265389 0.00735412
v -0.00519750 0.01883610 0.00919563
v -0.00407706 0.01425636 0.01065858
v -0.00280753 0.00915682 0.01172127
v -0.00142626 0.00369752 0.01228673
v -0.00000223 -0.00186243 0.01241592
v 0.00142507 -0.00737182 0.01212531
v 0.00279939 -0.01259927 0.01133145
v 0.00405557 -0.01729662 0.01007029
v 0.00514262 -0.02127969 0.00843580
v 0.00598189 -0.02426114 0.00655203
v -0.00755131 0.02734657 -0.00193301
v -0.00807359 0.02688091 0.00036727
v -0.00824975 0.02516082 0.00274040
v -0.00813458 0.02262743 0.00501283
v -0.00770074 0.01917864 0.00709471
v -0.00695527 0.01494622 0.00888463
v -0.00595500 0.01017151 0.01034361
v -0.00471294 0.00499280 0.01137325
v -0.00329654 -0.00034833 0.01195893
v -0.00176738 -0.00566006 0.01211734
v -0.00017196 -0.01080639 0.01187016
v 0.00143871 -0.01550741 0.01110520
v 0.00299687 -0.01963312 0.00992519
v 0.00442040 -0.02291764 0.00834184
v 0.00559622 -0.02511243 0.00649383
v -0.00790334 0.02648266 -0.00208210
v -0.00873580 0.02522151 0.00007163
v -0.00922809 0.02282411 0.00228190
v -0.00936575 0.01957609 0.00447316
v -0.00912573 0.01553087 0.00646038
v -0.00852990 0.01090194 0.00816885
v -0.00764262 0.00590866 0.00959344
v -0.00645528 0.00067462 0.01064656
v -0.00499371 -0.00457144 0.01123759
v -0.00336976 -0.00964853 0.01145123
v -0.00162119 -0.01443436 0.01128002
v 0.00020958 -0.01857322 0.01058692
v 0.00202869 -0.02202215 0.00950716
v 0.00376278 -0.02462846 0.00807631
v -0.00820493 0.02560560 -0.00231648
v -0.00930732 0.02355929 -0.00036473
v -0.01006907 0.02045021 0.00167465
v -0.01042622 0.01650187 0.00367127
v -0.01039016 0.01193932 0.00551947
v -0.00993028 0.00691072 0.00713049
v -0.00910270 0.00164625 0.00846914
v -0.00794522 -0.00367490 0.00949963
v -0.00645493 -0.00882851 0.01012656
v -0.00475606 -0.01369549 0.01042574
v -0.00286538 -0.01807499 0.01033118
v -0.00084613 -0.02168933 0.00979196
v 0.00120038 -0.02443460 0.00886707
v 0.00319377 -0.02632390 0.00764268
v 0.00494427 -0.02688157 0.00611340
v -0.00842007 0.02467653 -0.00260797
v -0.00973271 0.02187598 -0.00093410
v -0.01072567 0.01810079 0.00084528
v -0.01128103 0.01353207 0.00260697
v -0.01141168 0.00845316 0.00427092
v -0.01106602 0.00303120 0.00575353
v -0.01029342 -0.00248552 0.00700726
v -0.00912400 -0.00787863 0.00798217
v -0.00763223 -0.01297601 0.00866967
v -0.00586801 -0.01763665 0.00905593
v -0.00385147 -0.02157558 0.00906423
v -0.00168391 -0.02464882 0.00871096
v 0.00054234 -0.02677978 0.00802814
v 0.00273636 -0.02791993 0.00705565
v 0.00470117 -0.02772108 0.00580410
v -0.00857534 0.02387795 -0.00296506
v -0.01001820 0.02033566 -0.00162833
v -0.01115979 0.01588843 -0.00016933
v -0.01185330 0.01074664 0.00131154
v -0.01210220 0.00518492 0.00274679
v -0.01186932 -0.00059434 0.00407545
v -0.01115819 -0.00635051 0.00524020
v -0.00999439 -0.01182617 0.00618681
v -0.00845906 -0.01682388 0.00689411
v -0.00664149 -0.02125961 0.00737122
v -0.00454703 -0.02483574 0.00754752
v -0.00227456 -0.02742020 0.00742363
v 0.00007906 -0.02890003 0.00700414
v 0.00241298 -0.02938128 0.00634827
v -0.00866394 0.02318112 -0.00337780
v -0.01012948 0.01889857 -0.00239570
v -0.01136711 0.01390438 -0.00130449
v -0.01213952 0.00828168 -0.00014706
v -0.01249175 0.00230306 0.00102785
v -0.01231713 -0.00381500 0.00216730
v -0.01163898 -0.00978857 0.00322040
v -0.01047671 -0.01533408 0.00413559
v -0.00894520 -0.02031150 0.00489979
v -0.00706870 -0.02449264 0.00547255
v -0.00491966 -0.02769818 0.00582838
v -0.00258732 -0.02979511 0.00595255
v -0.00017069 -0.03078801 0.00585749
v 0.00223825 -0.03068032 0.00555467
v 0.00443208 -0.02916975 0.00501107
v -0.00866635 0.02258598 -0.00381820
v -0.01011073 0.01774158 -0.00322167
v -0.01137225 0.01228563 -0.00252322
v -0.01219236 0.00626308 -0.00171482
v -0.01253651 -0.00009538 -0.00082600
v -0.01236886 -0.00649041 0.00010231
v -0.01169331 -0.01263162 0.00102821
v -0.01053194 -0.01822625 0.00190826
v -0.00898746 -0.02311991 0.00271345
v -0.00710137 -0.02710021 0.00341054
v -0.00495277 -0.03003530 0.00397534
v -0.00261922 -0.03177819 0.00438156
v -0.00019882 -0.03240672 0.00463380
v 0.00221853 -0.03177299 0.00470483
v 0.00442023 -0.02974240 0.00456109
v -0.00859104 0.02214015 -0.00427449
v -0.00999096 0.01696534 -0.00409230
v -0.01117490 0.01109817 -0.00378766
v -0.01194166 0.00471970 -0.00333307
v -0.01221038 -0.00190910 -0.00273359
v -0.01199859 -0.00848499 -0.00202442
v -0.01128753 -0.01470652 -0.00123120
v -0.01013852 -0.02033246 -0.00039271
v -0.00860865 -0.02516559 0.00045764
v -0.00676615 -0.02907113 0.00128999
v -0.00464809 -0.03176156 0.00206668
v -0.00237189 -0.03332328 0.00276825
v -0.00000358 -0.03361147 0.00336437
v 0.00235195 -0.03258584 0.00382589
v 0.00449362 -0.03019262 0.00409926
v -0.00843336 0.02182766 -0.00472502
v -0.00975043 0.01651013 -0.00496946
v -0.01077925 0.01033745 -0.00504835
v -0.01141902 0.00373245 -0.00494173
v -0.01159442 -0.00307174 -0.00463172
v -0.01127753 -0.00974956 -0.00412475
v -0.01054555 -0.01605879 -0.00346645
v -0.00938136 -0.02169348 -0.00266700
v -0.00787395 -0.02650556 -0.00177160
v -0.00605607 -0.03023359 -0.00080855
v -0.00401421 -0.03276164 0.00017980
v -0.00184500 -0.03423174 0.00116141
v 0.00040685 -0.03433643 0.00210044
v 0.00263608 -0.03312527 0.00295606
v -0.00820686 0.02168410 -0.00515232
v -0.00935832 0.01632070 -0.00580744
v -0.01020182 0.01006836 -0.00626733
v -0.01062574 0.00334163 -0.00646966
v -0.01066974 -0.00353381 -0.00644060
v -0.01026141 -0.01027097 -0.00613833
v -0.00945865 -0.01660220 -0.00560019
v -0.00829961 -0.02230650 -0.00485110
v -0.00678646 -0.02702150 -0.00389535
v -0.00502381 -0.03063682 -0.00279725
v -0.00309007 -0.03306611 -0.00160506
v -0.00106632 -0.03452332 -0.00036617
v 0.00101627 -0.03462905 0.00089741
v 0.00305830 -0.03334587 0.00212512
v 0.00487244 -0.03061590 0.00320291
v -0.00794388 0.02180946 -0.00556004
v -0.00883882 0.01646454 -0.00657652
v -0.00943363 0.01024318 -0.00738286
v -0.00964776 0.00355553 -0.00789295
v -0.00948628 -0.00328836 -0.00809711
v -0.00895155 -0.01000310 -0.00798276
v -0.00808365 -0.01635319 -0.00757169
v -0.00688452 -0.02203640 -0.00685055
v -0.00540556 -0.02677423 -0.00584849
v -0.00374020 -0.03051198 -0.00464094
v -0.00193613 -0.03302456 -0.00325664
v -0.00007036 -0.03439015 -0.00176387
v 0.00180401 -0.03450711 -0.00020200
v 0.00360443 -0.03325676 0.00136582
v 0.00515994 -0.03055601 0.00280070
v -0.00762175 0.02209406 -0.00591959
v -0.00821025 0.01691908 -0.00724352
v -0.00850951 0.01088615 -0.00834911
v -0.00846808 0.00436869 -0.00912686
v -0.00808687 -0.00233956 -0.00953959
v -0.00738277 -0.00893640 -0.00956928
v -0.00641107 -0.01519743 -0.00925061
v -0.00519063 -0.02087541 -0.00857383
v -0.00374770 -0.02560431 -0.00752271
v -0.00218837 -0.02945055 -0.00622684
v -0.00054638 -0.03215859 -0.00469255
v 0.00111552 -0.03365484 -0.00298218
v 0.00273524 -0.03385811 -0.00115649
v 0.00425167 -0.03283851 0.00070584
v -0.00726399 0.02253055 -0.00620855
v -0.00752315 0.01774071 -0.00780150
v -0.00747542 0.01198743 -0.00913931
v -0.00714282 0.00574952 -0.01012978
v -0.00651685 -0.00071928 -0.01070351
v -0.00564078 -0.00714077 -0.01086166
v -0.00456204 -0.01329564 -0.01062687
v -0.00330061 -0.01891701 -0.00996623
v -0.00191127 -0.02376556 -0.00890964
v -0.00045561 -0.02770776 -0.00752390
v 0.00101494 -0.03061792 -0.00586127
v 0.00244229 -0.03229461 -0.00396624
v 0.00378034 -0.03280891 -0.00193070
v 0.00497548 -0.03211041 0.00017111
v -0.00689152 0.02317237 -0.00643270
v -0.00678171 0.01884722 -0.00822156
v -0.00637011 0.01349327 -0.00972352
v -0.00572750 0.00766507 -0.01086606
v -0.00484848 0.00151121 -0.01156405
v -0.00379001 -0.00468449 -0.01182723
v -0.00257998 -0.01064910 -0.01159631
v -0.00128477 -0.01621302 -0.01095914
v 0.00005848 -0.02110329 -0.00988012
v 0.00139661 -0.02523483 -0.00845355
v 0.00268833 -0.02846678 -0.00671704
v 0.00386704 -0.03048807 -0.00469155
v 0.00490054 -0.03137719 -0.00249589
v 0.00575142 -0.03111887 -0.00021759
v 0.00707313 -0.02472161 0.00432192
v -0.00648757 0.02389252 -0.00656602
v -0.00600626 0.02016289 -0.00847261
v -0.00523727 0.01537800 -0.01007558
v -0.00426446 0.01000411 -0.01129154
v -0.00313092 0.00426184 -0.01206375
v -0.00187969 -0.00163179 -0.01237177
v -0.00055886 -0.00740491 -0.01214879
v 0.00077151 -0.01288913 -0.01151945
v 0.00206995 -0.01786882 -0.01044887
v 0.00329660 -0.02222120 -0.00900656
v 0.00439728 -0.02571133 -0.00720402
v 0.00533138 -0.02822046 -0.00512002
v 0.00604726 -0.02957462 -0.00282668
v 0.00654909 -0.02989188 -0.00044532
v 0.00671616 -0.02877084 0.00184900
v -0.00608215 0.02469086 -0.00660249
v -0.00522977 0.02164032 -0.00853829
v -0.00410232 0.01749843 -0.01016332
v -0.00281916 0.01268621 -0.01139169
v -0.00143147 0.00740208 -0.01216031
v 0.00000205 0.00187494 -0.01249418
v 0.00142597 -0.00369679 -0.01228431
v 0.00278491 -0.00908309 -0.01162686
v 0.00404366 -0.01413965 -0.01057082
v 0.00516911 -0.01873326 -0.00914519
v 0.00609428 -0.02260484 -0.00734033
v 0.00677247 -0.02556164 -0.00522913
v 0.00718644 -0.02752109 -0.00291429
v 0.00733287 -0.02845423 -0.00050255
v 0.00713129 -0.02802015 0.00182085
v -0.00569802 0.02549921 -0.00654146
v -0.00448547 0.02321821 -0.00841924
v -0.00302270 0.01978103 -0.00998585
v -0.00145180 0.01559808 -0.01115580
v 0.00016807 0.01083944 -0.01189163
v 0.00178337 0.00571399 -0.01222984
v 0.00332008 0.00035031 -0.01204382
v 0.00471475 -0.00499472 -0.01137760
v 0.00594843 -0.01016035 -0.01033216
v 0.00696063 -0.01495762 -0.00889166
v 0.00769991 -0.01917557 -0.00709503
v 0.00814424 -0.02266281 -0.00502268
v 0.00826314 -0.02524469 -0.00274943
v 0.00807296 -0.02686933 -0.00038678
v -0.00536472 0.02641266 -0.00640400
v -0.00381571 0.02488117 -0.00813664
v -0.00205380 0.02219917 -0.00957208
v -0.00022173 0.01869066 -0.01063616
v 0.00161725 0.01446260 -0.01129011
v 0.00339999 0.00973753 -0.01155544
v 0.00503325 0.00460696 -0.01132621
v 0.00648977 -0.00067825 -0.01070346
v 0.00769396 -0.00594801 -0.00965813
v 0.00858807 -0.01097564 -0.00822497
v 0.00916599 -0.01559630 -0.00649069
v 0.00938900 -0.01961551 -0.00450364
v 0.00924080 -0.02285657 -0.00234008
v 0.00873844 -0.02519512 -0.00010247
v 0.00786746 -0.02628364 0.00202915
v -0.00505523 0.02730380 -0.00616782
v -0.00324668 0.02660404 -0.00770359
v -0.00122946 0.02469145 -0.00894640
v 0.00083956 0.02181588 -0.00983764
v 0.00286589 0.01813171 -0.01035495
v 0.00478022 0.01377020 -0.01048082
v 0.00648937 0.00887511 -0.01018041
v 0.00798995 0.00369557 -0.00955311
v 0.00915094 -0.00165466 -0.00851418
v 0.00997305 -0.00693997 -0.00716143
v 0.01041139 -0.01196156 -0.00553175
v 0.01045602 -0.01653618 -0.00369067
v 0.01008768 -0.02046113 -0.00170239
v 0.00931341 -0.02352600 0.00033923
v -0.00481159 0.02810953 -0.00586001
v -0.00278756 0.02824625 -0.00712333
v -0.00056603 0.02709457 -0.00810925
v 0.00168180 0.02480970 -0.00875930
v 0.00386043 0.02166148 -0.00909634
v 0.00587209 0.01765269 -0.00906340
v 0.00764863 0.01300369 -0.00868824
v 0.00914901 0.00790020 -0.00800405
v 0.01028737 0.00248399 -0.00700312
v 0.01105517 -0.00302827 -0.00574789
v 0.01141273 -0.00845257 -0.00427173
v 0.01132272 -0.01357076 -0.00262013
v 0.01076205 -0.01813007 -0.00085800
v 0.00977485 -0.02191917 0.00092203
v -0.00464331 0.02888347 -0.00549154
v -0.00246348 0.02972005 -0.00641812
v -0.00009123 0.02921667 -0.00707685
v 0.00227285 0.02749428 -0.00744050
v 0.00454069 0.02483923 -0.00754623
v 0.00663157 0.02123374 -0.00736164
v 0.00845072 0.01680743 -0.00688734
v 0.00996942 0.01179660 -0.00617136
v 0.01106462 0.00629658 -0.00519610
v 0.01177216 0.00058855 -0.00404187
v 0.01209597 -0.00517920 -0.00274602
v 0.01191686 -0.01078624 -0.00132271
v 0.01123271 -0.01595094 0.00016025
v 0.01009380 -0.02041121 0.00162245
v -0.00454518 0.02954352 -0.00506656
v -0.00229416 0.03103444 -0.00561634
v 0.00015681 0.03112542 -0.00592032
v 0.00258607 0.02988135 -0.00596918
v 0.00490178 0.02763208 -0.00581377
v 0.00701176 0.02430213 -0.00542975
v 0.00885947 0.02011789 -0.00485303
v 0.01035737 0.01515943 -0.00408849
v 0.01148736 0.00965997 -0.00317825
v 0.01216142 0.00376532 -0.00213964
v 0.01245594 -0.00229125 -0.00102583
v 0.01222374 -0.00831525 0.00014357
v 0.01147815 -0.01401035 0.00131078
v 0.01026524 -0.01907821 0.00241386
v 0.00867022 -0.02305590 0.00335502
v -0.00592463 0.02742459 -0.00399791
v -0.00452556 0.03007232 -0.00461774
v -0.00226699 0.03207590 -0.00475040
v 0.00018862 0.03272054 -0.00467838
v 0.00262644 0.03200942 -0.00441406
v 0.00492757 0.02992406 -0.00396107
v 0.00704764 0.02690140 -0.00338563
v 0.00887295 0.02282680 -0.00267908
v 0.01039653 0.01799195 -0.00188372
v 0.01154785 0.01247342 -0.00101527
v 0.01225096 0.00642766 -0.00010121
v 0.01251257 0.00010165 0.00082345
v 0.01224762 -0.00626786 0.00171910
v 0.01148162 -0.01238052 0.00254435
v 0.01027862 -0.01796410 0.00326447
v -0.00459932 0.03051913 -0.00416109
v -0.00240123 0.03288993 -0.00386810
v -0.00000770 0.03391995 -0.00339853
v 0.00238403 0.03358323 -0.00279095
v 0.00465026 0.03180838 -0.00207073
v 0.00673219 0.02893126 -0.00128411
v 0.00854422 0.02497815 -0.00045431
v 0.01006193 0.02017886 0.00038974
v 0.01121918 0.01461689 0.00122380
v 0.01193528 0.00843999 0.00201376
v 0.01220667 0.00191346 0.00273221
v 0.01197860 -0.00471642 0.00334138
v 0.01126980 -0.01115374 0.00381612
v 0.01014129 -0.01712556 0.00414372
v -0.00598675 0.02742508 -0.00385258
v -0.00608631 0.02743561 -0.00373038
v -0.00619230 0.02734692 -0.00361725
v -0.00631031 0.02720992 -0.00352702
v -0.00643860 0.02703865 -0.00346261
v -0.00657511 0.02684999 -0.00342918
v -0.00671205 0.02663845 -0.00342453
v -0.00684094 0.02639331 -0.00344767
v -0.00695369 0.02611227 -0.00349651
v -0.00704182 0.02580507 -0.00356684
v -0.00711207 0.02552051 -0.00366004
v -0.00716352 0.02527268 -0.00377362
v -0.00719973 0.02508524 -0.00390968
v -0.00720251 0.02489305 -0.00405282
v -0.00718115 0.02476163 -0.00419672
v -0.00714015 0.02469780 -0.00435015
v -0.00705881 0.02461567 -0.00448086
v -0.00697967 0.02467413 -0.00461064
v -0.00686972 0.02474381 -0.00472236
v -0.00675387 0.02488026 -0.00481336
v -0.00662432 0.02504578 -0.00487752
v -0.00649670 0.02526888 -0.00491767
v -0.00636287 0.02550813 -0.00492651
v -0.00622824 0.02572730 -0.00490085
v -0.00611521 0.02597847 -0.00485254
v -0.00602821 0.02629989 -0.00478623
v -0.00594422 0.02654834 -0.00468478
v -0.00588422 0.02677653 -0.00456466
v -0.00584891 0.02697520 -0.00442898
v -0.00585467 0.02719671 -0.00429229
v -0.00587940 0.02734490 -0.00414606
v 0.00700943 -0.02469407 0.00445053
v 0.00692817 -0.02472203 0.00456883
v 0.00682986 -0.02479234 0.00467067
v 0.00671775 -0.02490027 0.00475198
v 0.00659800 -0.02505045 0.00481077
v 0.00647412 -0.02523266 0.00484424
v 0.00635691 -0.02546438 0.00485407
v 0.00624357 -0.02570670 0.00483620
v 0.00614234 -0.02596575 0.00479323
v 0.00605563 -0.02622567 0.00472613
v 0.00598754 -0.02647938 0.00463786
v 0.00593888 -0.02671072 0.00453092
v 0.00591166 -0.02691158 0.00440946
v 0.00590890 -0.02708108 0.00427917
v 0.00593084 -0.02721302 0.00414519
v 0.00597659 -0.02730227 0.00401273
v 0.00604213 -0.02733775 0.00388551
v 0.00612558 -0.02732036 0.00376874
v 0.00622387 -0.02725106 0.00366696
v 0.00633517 -0.02713936 0.00358539
v 0.00645123 -0.02697524 0.00352432
v 0.00657203 -0.02678100 0.00348932
v 0.00669100 -0.02655716 0.00348034
v 0.00680387 -0.02631362 0.00349799
v 0.00690654 -0.02606071 0.00354178
v 0.00699385 -0.02580302 0.00360904
v 0.00706355 -0.02555530 0.00369808
v 0.00711372 -0.02533055 0.00380610
v 0.00713913 -0.02512216 0.00392628
v 0.00714190 -0.02495252 0.00405652
v 0.00711968 -0.02481754 0.00419010
v 0.00679500 -0.02536852 0.00424306
v 0.00672156 -0.02536102 0.00436435
v 0.00649500 -0.02560940 0.00449827
v 0.00643487 -0.02571454 0.00450137
v 0.00628349 -0.02607664 0.00443570
v 0.00624931 -0.02619935 0.00439200
v 0.00621291 -0.02641754 0.00428047
v 0.00624320 -0.02660446 0.00408395
v 0.00627616 -0.02662667 0.00402164
v 0.00636840 -0.02659634 0.00391500
v 0.00648231 -0.02646568 0.00384518
v 0.00670852 -0.02601584 0.00385413
v 0.00675346 -0.02589393 0.00388808
v 0.00681397 -0.02566190 0.00398597
v 0.00661618 -0.02544625 0.00445414
v 0.00637816 -0.02583024 0.00449158
v 0.00665781 -0.02614172 0.00383259
v 0.00622502 -0.02631177 0.00433911
v 0.00621145 -0.02650072 0.00421621
v 0.00676296 -0.02535241 0.00430644
v 0.00660186 -0.02626217 0.00382382
v 0.00682879 -0.02556569 0.00404675
v 0.00632689 -0.02595163 0.00446922
v 0.00642315 -0.02653994 0.00387440
v 0.00667248 -0.02539424 0.00441462
v 0.00682917 -0.02547881 0.00411103
v 0.00678849 -0.02577255 0.00393239
v 0.00631837 -0.02662357 0.00396454
v 0.00681833 -0.02541380 0.00417761
v 0.00622166 -0.02656371 0.00414983
v 0.00654278 -0.02637240 0.00382814
v 0.00655605 -0.02551828 0.00448220
v 0.00840530 -0.02453263 0.00256666
v 0.00816648 -0.02539048 0.00226050
v 0.00857577 -0.02374576 0.00293637
v 0.00846835 -0.02178297 0.00473474
v 0.00861493 -0.02205335 0.00427150
v 0.00524631 -0.02599946 0.00634613
v 0.00464707 -0.03049141 0.00364121
v 0.00752063 -0.02718189 0.00188191
v 0.00760045 -0.02190711 0.00591645
v 0.00549960 -0.03031966 0.00245091
v 0.00588323 -0.02993811 0.00216969
v 0.00452720 -0.02848881 0.00543098
v 0.00629403 -0.02941551 0.00196648
v 0.00868167 -0.02247861 0.00380489
v -0.00604404 0.02552413 -0.00394602
v -0.00606948 0.02552162 -0.00388599
v -0.00610878 0.02553484 -0.00384068
v -0.00613991 0.02549614 -0.00380406
v -0.00618244 0.02542537 -0.00376457
v -0.00623306 0.02535715 -0.00373899
v -0.00628730 0.02527952 -0.00372528
v -0.00634175 0.02521433 -0.00372640
v -0.00638606 0.02512913 -0.00373470
v -0.00642309 0.02503033 -0.00375004
v -0.00645204 0.02490163 -0.00377331
v -0.00648055 0.02478770 -0.00381001
v -0.00650042 0.02468818 -0.00385494
v -0.00651464 0.02462581 -0.00390803
v -0.00651559 0.02455630 -0.00395533
v -0.00650547 0.02450342 -0.00401667
v -0.00649637 0.02448940 -0.00406916
v -0.00646387 0.02445350 -0.00411546
v -0.00643191 0.02447748 -0.00417009
v -0.00639251 0.02450310 -0.00420917
v -0.00635119 0.02456135 -0.00424464
v -0.00630180 0.02461330 -0.00426715
v -0.00625238 0.02470327 -0.00428389
v -0.00620746 0.02478554 -0.00428702
v -0.00616066 0.02486112 -0.00427773
v -0.00610679 0.02497125 -0.00425385
v -0.00607929 0.02511449 -0.00423318
v -0.00605376 0.02518742 -0.00420171
v -0.00602991 0.02526871 -0.00415602
v -0.00601525 0.02535171 -0.00409749
v -0.00602106 0.02545385 -0.00404703
v -0.00602894 0.02549949 -0.00399899
v -0.00642462 0.02597980 -0.00364456
v -0.00651059 0.02587256 -0.00364738
v -0.00601210 0.02632966 -0.00407716
v -0.00603702 0.02637058 -0.00398814
v -0.00621967 0.02531340 -0.00452437
v -0.00614219 0.02546585 -0.00449231
v -0.00605156 0.02583512 -0.00440146
v -0.00601295 0.02596634 -0.00432827
v -0.00673393 0.02519432 -0.00378458
v -0.00676294 0.02504762 -0.00385394
v -0.00599810 0.02624794 -0.00416240
v -0.00678592 0.02483504 -0.00401523
v -0.00677218 0.02474876 -0.00410136
v -0.00670502 0.02467507 -0.00426518
v -0.00665830 0.02471282 -0.00434472
v -0.00613927 0.02638334 -0.00382538
v -0.00619653 0.02631439 -0.00375951
v -0.00653040 0.02483672 -0.00446547
v -0.00645202 0.02491644 -0.00450429
v -0.00634098 0.02609836 -0.00366100
v -0.00630046 0.02519223 -0.00453635
v -0.00658419 0.02572971 -0.00366264
v -0.00664672 0.02556262 -0.00368873
v -0.00610012 0.02569582 -0.00445789
v -0.00669224 0.02536186 -0.00372758
v -0.00598835 0.02608853 -0.00424233
v -0.00678455 0.02493998 -0.00393403
v -0.00675493 0.02473775 -0.00419079
v -0.00607461 0.02636713 -0.00389663
v -0.00659560 0.02474918 -0.00440888
v -0.00626221 0.02620615 -0.00369899
v -0.00637711 0.02505704 -0.00452927
v -0.00623875 0.02487625 -0.00398557
v -0.00427728 0.03156474 -0.00354241
v -0.00376853 0.03225919 -0.00337143
v -0.00323207 0.03286249 -0.00318386
v -0.00212078 0.03380669 -0.00277801
v -0.00155810 0.03416094 -0.00256541
v -0.00099229 0.03444931 -0.00234771
v 0.00014867 0.03477822 -0.00189442
v 0.00072107 0.03480914 -0.00165940
v 0.00129191 0.03474838 -0.00141974
v 0.00241972 0.03434650 -0.00092996
v 0.00297333 0.03401369 -0.00068174
v 0.00351758 0.03358912 -0.00043224
v 0.00457515 0.03249795 0.00006749
v 0.00508448 0.03182539 0.00031639
v 0.00558426 0.03110144 0.00056423
v 0.00654222 0.02944406 0.00105443
v 0.00700050 0.02852242 0.00129619
v 0.00744245 0.02753472 0.00153491
v 0.00827419 0.02537054 0.00200132
v 0.00866257 0.02419950 0.00222814
v 0.00903217 0.02297384 0.00245026
v 0.00971436 0.02037160 0.00287937
v 0.01002320 0.01899416 0.00308484
v 0.01030929 0.01756906 0.00328359
v 0.01079429 0.01456572 0.00365353
v 0.01099631 0.01300452 0.00382508
v 0.01116564 0.01140421 0.00398528
v 0.01141414 0.00812035 0.00427302
v 0.01149932 0.00645126 0.00440222
v 0.01156580 0.00477182 0.00452425
v 0.01162573 0.00137992 0.00473993
v 0.01160461 -0.00032727 0.00482723
v 0.01154360 -0.00203202 0.00489785
v 0.01134095 -0.00541398 0.00500416
v 0.01120644 -0.00708767 0.00504258
v 0.01104502 -0.00874366 0.00506887
v 0.01063911 -0.01198189 0.00508286
v 0.01040273 -0.01356023 0.00507370
v 0.01014307 -0.01510097 0.00505279
v -0.00453532 0.03164802 -0.00300180
v -0.00407917 0.03237678 -0.00273312
v -0.00359459 0.03300559 -0.00244618
v -0.00258390 0.03399236 -0.00184278
v -0.00206990 0.03437049 -0.00153408
v -0.00155172 0.03467486 -0.00122212
v -0.00050580 0.03507070 -0.00059104
v 0.00002070 0.03512916 -0.00027244
v 0.00054768 0.03510256 0.00004710
v 0.00159715 0.03476385 0.00068596
v 0.00211677 0.03446308 0.00100347
v 0.00263167 0.03408575 0.00131876
v 0.00363928 0.03307458 0.00193796
v 0.00412988 0.03245054 0.00224050
v 0.00461018 0.03174953 0.00253742
v 0.00552553 0.03006967 0.00310607
v 0.00596277 0.02912617 0.00337883
v 0.00638979 0.02813676 0.00364579
v 0.00720320 0.02598394 0.00415646
v 0.00758244 0.02480405 0.00439599
v 0.00794655 0.02357369 0.00462675
v 0.00863421 0.02098375 0.00506472
v 0.00894703 0.01960258 0.00526561
v 0.00923488 0.01816270 0.00545184
v 0.00974116 0.01514343 0.00578333
v 0.00995978 0.01357456 0.00592862
v 0.01015271 0.01196881 0.00605864
v 0.01045084 0.00865880 0.00626629
v 0.01056335 0.00697274 0.00634819
v 0.01065297 0.00527186 0.00641634
v 0.01075328 0.00183502 0.00650508
v 0.01076072 0.00010796 0.00652362
v 0.01074019 -0.00161781 0.00652518
v 0.01061342 -0.00504383 0.00647614
v 0.01050972 -0.00673440 0.00642700
v 0.01038099 -0.00840481 0.00636251
v 0.01005568 -0.01167553 0.00619182
v 0.00986787 -0.01327678 0.00609096
v 0.00965938 -0.01484376 0.00597727
v 0.00917076 -0.01782961 0.00570526
v 0.00888662 -0.01921280 0.00554421
v 0.00857521 -0.02049240 0.00536578
v 0.00385252 0.03329396 0.00028111
v 0.00363297 0.03345010 0.00073848
v 0.00339543 0.03356270 0.00118878
v 0.00535315 0.03085703 0.00233321
v 0.00561040 0.03070989 0.00183187
v 0.00585056 0.03053140 0.00132428
v -0.00489613 0.03083402 -0.00335285
v -0.00484312 0.03082949 -0.00346271
v -0.00479361 0.03081426 -0.00357622
v 0.01142149 0.00326880 0.00510874
v 0.01120847 0.00341093 0.00557171
v 0.01097510 0.00350809 0.00602661
v 0.01090584 -0.00337855 0.00613138
v 0.01110508 -0.00345789 0.00574593
v 0.01128899 -0.00357492 0.00535433
v 0.00710104 0.02701596 0.00338454
v 0.00737727 0.02688798 0.00285404
v 0.00763277 0.02670999 0.00231548
v -0.00297714 0.03352836 -0.00234995
v -0.00286923 0.03349235 -0.00255700
v -0.00277082 0.03345135 -0.00276947
v 0.01040237 -0.01008837 0.00599115
v 0.01056582 -0.01015533 0.00569346
v 0.01071542 -0.01024998 0.00538943
v 0.00860174 0.02223159 0.00431811
v 0.00889504 0.02213377 0.00378065
v 0.00915088 0.02194305 0.00322751
v -0.00086090 0.03489577 -0.00120288
v -0.00070334 0.03484731 -0.00150463
v -0.00055744 0.03476765 -0.00181204
v 0.00954933 -0.01639520 0.00564825
v 0.00966124 -0.01644205 0.00544217
v 0.00976310 -0.01650602 0.00523149
v 0.00980248 0.01661482 0.00510227
v 0.01008416 0.01650114 0.00456957
v 0.01034082 0.01632886 0.00402650
v 0.00129278 0.03495343 -0.00000870
v 0.00149692 0.03487530 -0.00039182
v 0.00168598 0.03475856 -0.00078142
v 0.01059713 0.01026696 0.00567597
v 0.01085912 0.01015697 0.00517193
v 0.01109315 0.00999051 0.00465658
v -0.00487981 0.03155930 -0.00251544
v -0.00449116 0.03227579 -0.00215537
v -0.00407375 0.03288752 -0.00177643
v -0.00319365 0.03384462 -0.00099333
v -0.00274199 0.03420846 -0.00059750
v -0.00228463 0.03450306 -0.00020027
v -0.00135314 0.03481799 0.00059463
v -0.00088193 0.03483758 0.00098978
v -0.00040901 0.03477982 0.00138249
v 0.00053907 0.03443292 0.00215821
v 0.00101290 0.03415815 0.00254084
v 0.00148556 0.03381241 0.00291897
v 0.00242055 0.03286246 0.00365379
v 0.00287797 0.03223737 0.00400536
v 0.00332722 0.03152545 0.00434579
v 0.00419035 0.02981446 0.00498285
v 0.00460633 0.02885987 0.00528345
v 0.00501132 0.02784431 0.00557181
v 0.00579313 0.02567100 0.00611794
v 0.00616543 0.02449766 0.00637115
v 0.00652428 0.02326879 0.00661035
v 0.00719368 0.02063860 0.00703982
v 0.00750455 0.01924934 0.00723094
v 0.00780088 0.01781943 0.00740789
v 0.00834283 0.01483407 0.00771315
v 0.00858072 0.01327368 0.00783476
v 0.00879489 0.01167428 0.00793459
v 0.00915788 0.00838947 0.00807532
v 0.00930390 0.00671132 0.00811426
v 0.00942092 0.00501333 0.00812795
v 0.00959152 0.00159327 0.00810107
v 0.00963875 -0.00012247 0.00805550
v 0.00966648 -0.00183586 0.00799375
v 0.00965203 -0.00524139 0.00781282
v 0.00960315 -0.00692055 0.00768869
v 0.00952794 -0.00857646 0.00754369
v 0.00931827 -0.01181853 0.00720759
v 0.00918973 -0.01340416 0.00702148
v 0.00904244 -0.01495584 0.00682135
v 0.00867765 -0.01790473 0.00637005
v 0.00845560 -0.01926440 0.00611692
v 0.00821265 -0.02053524 0.00585071
v 0.01000881 0.01033068 0.00665079
v 0.00968461 0.01028460 0.00711880
v 0.00934351 0.01018880 0.00757352
v 0.00984081 0.00343673 0.00772971
v 0.01014988 0.00352252 0.00732232
v 0.01044385 0.00356359 0.00690279
v 0.00286734 0.03363594 0.00206301
v 0.00257851 0.03359759 0.00248443
v 0.00227433 0.03351323 0.00289402
v 0.00412116 0.03087125 0.00423331
v 0.00445847 0.03095886 0.00377777
v 0.00477680 0.03098480 0.00330803
v -0.00515548 0.03078808 -0.00294605
v -0.00508287 0.03080990 -0.00304434
v -0.00501566 0.03082538 -0.00314480
v 0.00994607 -0.00343540 0.00757853
v 0.01020903 -0.00336505 0.00723314
v 0.01045714 -0.00333204 0.00687611
v 0.00578565 0.02695157 0.00538835
v 0.00614693 0.02706633 0.00491037
v 0.00648603 0.02710942 0.00441480
v -0.00349164 0.03347370 -0.00156986
v -0.00335083 0.03351382 -0.00175756
v -0.00321747 0.03353314 -0.00194997
v 0.00964294 -0.01012222 0.00711769
v 0.00984739 -0.01006818 0.00684672
v 0.01004386 -0.01004587 0.00656919
v 0.00725380 0.02214792 0.00636160
v 0.00762493 0.02226631 0.00587523
v 0.00797360 0.02231811 0.00537079
v -0.00160844 0.03480611 -0.00006699
v -0.00140493 0.03487175 -0.00033967
v -0.00121191 0.03490807 -0.00062004
v 0.00902208 -0.01640723 0.00642461
v 0.00916594 -0.01637578 0.00623924
v 0.00930035 -0.01636027 0.00604663
v 0.00846334 0.01651142 0.00710657
v 0.00882955 0.01662378 0.00662860
v 0.00917648 0.01668025 0.00613474
v 0.00033539 0.03478299 0.00143697
v 0.00059412 0.03488918 0.00109062
v 0.00084049 0.03495660 0.00073367
v 0.00802761 -0.02167480 0.00547695
v 0.00810349 -0.02166113 0.00537893
v 0.00817512 -0.02165639 0.00527768
v -0.00528589 0.03126037 -0.00209316
v -0.00497332 0.03191115 -0.00165281
v -0.00463439 0.03246766 -0.00119378
v -0.00390683 0.03330850 -0.00025354
v -0.00352863 0.03361276 0.00021796
v -0.00314215 0.03383642 0.00068852
v -0.00234602 0.03399793 0.00161932
v -0.00194046 0.03395554 0.00207751
v -0.00153227 0.03385807 0.00253171
v -0.00070736 0.03349978 0.00342923
v -0.00029023 0.03320011 0.00386810
v 0.00012859 0.03281888 0.00429859
v 0.00096490 0.03175853 0.00512036
v 0.00137888 0.03108802 0.00550873
v 0.00178925 0.03035012 0.00588444
v 0.00259080 0.02861857 0.00658161
v 0.00298202 0.02765983 0.00690752
v 0.00336639 0.02664476 0.00721846
v 0.00411173 0.02444767 0.00779250
v 0.00447311 0.02327744 0.00805754
v 0.00482452 0.02205171 0.00830415
v 0.00549677 0.01945278 0.00874380
v 0.00581710 0.01808604 0.00893707
v 0.00612452 0.01667231 0.00910965
v 0.00669485 0.01371052 0.00938690
v 0.00695535 0.01216898 0.00948964
v 0.00719763 0.01059193 0.00956709
v 0.00761587 0.00734289 0.00963417
v 0.00779456 0.00568855 0.00962915
v 0.00795430 0.00402242 0.00960097
v 0.00822182 0.00067155 0.00948287
v 0.00832593 -0.00100737 0.00938951
v 0.00841327 -0.00268419 0.00927720
v 0.00851213 -0.00600633 0.00896997
v 0.00852817 -0.00764203 0.00878140
v 0.00852207 -0.00925447 0.00857044
v 0.00845794 -0.01241078 0.00809789
v 0.00839886 -0.01394523 0.00783626
v 0.00832052 -0.01544044 0.00755754
v 0.00871783 -0.01653666 0.00677904
v 0.00855531 -0.01662890 0.00694513
v 0.00838935 -0.01674485 0.00710562
v 0.00768525 0.01613720 0.00801741
v 0.00727723 0.01588115 0.00845112
v 0.00685520 0.01557486 0.00886685
v 0.00783146 0.00932014 0.00924326
v 0.00823185 0.00961147 0.00885215
v 0.00861886 0.00985480 0.00844358
v -0.00021666 0.03445597 0.00209440
v -0.00050852 0.03423139 0.00240351
v -0.00081040 0.03398995 0.00270031
v 0.00091659 0.03266417 0.00438472
v 0.00127520 0.03295522 0.00403682
v 0.00162202 0.03319740 0.00367205
v 0.00846835 0.00265240 0.00921817
v 0.00883144 0.00291410 0.00887027
v 0.00918216 0.00313260 0.00850585
v 0.00260518 0.02989610 0.00587792
v 0.00300501 0.03021898 0.00549411
v 0.00339249 0.03049629 0.00509245
v -0.00547590 0.03057864 -0.00258304
v -0.00539262 0.03064749 -0.00266730
v -0.00531065 0.03070323 -0.00275601
v 0.00878942 -0.00409566 0.00885124
v 0.00909382 -0.00387475 0.00855137
v 0.00938607 -0.00368989 0.00823671
v 0.00417822 0.02594629 0.00712552
v 0.00460178 0.02627587 0.00671924
v 0.00501196 0.02655573 0.00629405
v -0.00410865 0.03307148 -0.00087796
v -0.00394664 0.03319959 -0.00103980
v -0.00379046 0.03331624 -0.00120988
v 0.00874281 -0.01064178 0.00811724
v 0.00898028 -0.01046807 0.00788197
v 0.00920930 -0.01032280 0.00763615
v 0.00561294 0.02115896 0.00813946
v 0.00604495 0.02148313 0.00772243
v 0.00645954 0.02174452 0.00728243
v -0.00250465 0.03419144 0.00093330
v -0.00226952 0.03439482 0.00069874
v -0.00204183 0.03457076 0.00045323
v -0.00575644 0.03080865 -0.00175649
v -0.00552976 0.03136924 -0.00125286
v -0.00527776 0.03184020 -0.00073000
v -0.00471973 0.03251259 0.00033732
v -0.00442189 0.03272420 0.00087088
v -0.00411217 0.03284436 0.00140132
v -0.00346432 0.03282937 0.00244544
v -0.00313012 0.03271468 0.00295763
v -0.00279089 0.03254257 0.00346373
v -0.00209846 0.03204128 0.00445976
v -0.00174306 0.03167225 0.00494351
v -0.00138212 0.03120958 0.00541323
v -0.00065004 0.03002913 0.00630654
v -0.00028165 0.02933404 0.00673137
v 0.00008733 0.02857450 0.00714135
v 0.00082316 0.02682443 0.00790128
v 0.00118805 0.02584984 0.00825195
v 0.00154978 0.02481413 0.00858259
v 0.00226029 0.02256782 0.00918006
v 0.00260674 0.02135774 0.00944326
v 0.00294738 0.02010412 0.00968643
v 0.00361467 0.01749983 0.01012639
v 0.00393694 0.01613113 0.01031170
v 0.00424865 0.01471496 0.01046830
v 0.00484357 0.01177924 0.01071016
v 0.00513012 0.01027491 0.01080454
v 0.00540198 0.00873459 0.01086636
v 0.00589560 0.00557082 0.01088870
v 0.00611712 0.00396295 0.01085265
v 0.00632540 0.00234793 0.01079347
v 0.00670280 -0.00089362 0.01060901
v 0.00686796 -0.00251463 0.01047871
v 0.00701333 -0.00412881 0.01031808
v 0.00724375 -0.00731315 0.00991021
v 0.00733121 -0.00887536 0.00966877
v 0.00740012 -0.01041219 0.00940361
v 0.00749052 -0.01340838 0.00881564
v 0.00750860 -0.01485377 0.00849075
v 0.00751085 -0.01626060 0.00814974
v 0.00744855 -0.01889034 0.00740486
v 0.00738745 -0.02009994 0.00700985
v 0.00730983 -0.02123412 0.00660658
v 0.00824767 -0.01107635 0.00855659
v 0.00798860 -0.01133289 0.00875698
v 0.00772385 -0.01161610 0.00894494
v 0.00767841 -0.01740009 0.00766815
v 0.00786236 -0.01720836 0.00754012
v 0.00804246 -0.01703496 0.00740348
v 0.00471104 0.02035979 0.00891220
v 0.00424307 0.01988554 0.00926547
v 0.00376571 0.01936487 0.00959634
v 0.00502955 0.01381531 0.01029674
v 0.00550150 0.01432699 0.00997281
v 0.00596519 0.01479493 0.00962808
v -0.00299753 0.03371305 0.00136684
v -0.00325607 0.03345414 0.00156576
v -0.00352149 0.03317784 0.00175253
v -0.00210543 0.03271719 0.00374306
v -0.00176972 0.03307653 0.00350462
v -0.00144200 0.03342015 0.00325224
v 0.00611085 0.00768410 0.01060664
v 0.00655581 0.00816058 0.01029658
v 0.00699025 0.00859114 0.00996354
v -0.00061404 0.03112005 0.00560542
v -0.00021851 0.03155233 0.00532560
v 0.00016882 0.03195563 0.00502879
v 0.00692929 0.00119349 0.01045426
v 0.00732857 0.00161941 0.01017379
v 0.00771646 0.00200455 0.00987067
v 0.00090372 0.02823799 0.00723762
v 0.00134216 0.02868592 0.00692007
v 0.00177236 0.02911927 0.00658933
v -0.00584897 0.03025869 -0.00229394
v -0.00575033 0.03035490 -0.00236102
v -0.00565408 0.03043369 -0.00243069
v 0.00748441 -0.00533590 0.00990598
v 0.00782308 -0.00497429 0.00966631
v 0.00815378 -0.00464632 0.00940990
v 0.00238036 0.02424214 0.00857639
v 0.00284344 0.02471784 0.00823828
v 0.00329875 0.02516904 0.00788628
v -0.00481662 0.03242440 -0.00031699
v -0.00463070 0.03260585 -0.00044472
v -0.00445047 0.03277499 -0.00058063
v -0.00624484 0.03012677 -0.00150437
v -0.00611191 0.03057274 -0.00095556
v -0.00595454 0.03093027 -0.00038707
v -0.00558443 0.03139497 0.00077054
v -0.00537633 0.03150234 0.00134823
v -0.00515395 0.03152552 0.00192236
v -0.00466618 0.03129631 0.00304971
v -0.00440592 0.03106780 0.00360094
v -0.00413771 0.03078002 0.00414401
v -0.00357990 0.03003694 0.00520445
v -0.00328945 0.02957047 0.00571863
v -0.00299103 0.02903344 0.00621947
v -0.00237266 0.02775130 0.00717675
v -0.00205314 0.02699626 0.00762740
v -0.00172801 0.02616686 0.00805691
v -0.00106701 0.02433222 0.00885960
v -0.00073247 0.02333067 0.00923115
v -0.00039593 0.02226397 0.00957685
v 0.00027860 0.01996042 0.01019100
v 0.00061439 0.01872636 0.01045518
v 0.00094844 0.01745879 0.01069912
v 0.00161122 0.01483725 0.01113237
v 0.00193746 0.01346796 0.01130818
v 0.00226006 0.01206928 0.01146074
v 0.00289021 0.00918408 0.01168603
v 0.00319619 0.00770335 0.01175754
v 0.00349443 0.00620033 0.01179885
v 0.00406044 0.00314160 0.01177922
v 0.00432735 0.00159818 0.01172196
v 0.00458543 0.00005226 0.01164110
v 0.00506961 -0.00303740 0.01139952
v 0.00529367 -0.00457381 0.01123700
v 0.00550360 -0.00609812 0.01104447
v 0.00587950 -0.00909268 0.01057374
v 0.00604198 -0.01054975 0.01029295
v 0.00619043 -0.01197983 0.00998941
v 0.00644510 -0.01474989 0.00931829
v 0.00655045 -0.01608135 0.00895241
v 0.00664027 -0.01736938 0.00856787
v 0.00676100 -0.01976238 0.00773657
v 0.00679505 -0.02086160 0.00730049
v 0.00680919 -0.02187828 0.00685320
v -0.00605109 0.03002418 -0.00217046
v -0.00615020 0.02988348 -0.00211530
v -0.00624863 0.02973539 -0.00206583
v -0.00558217 0.03147863 0.00010891
v -0.00538800 0.03173806 0.00001644
v -0.00519576 0.03198498 -0.00008580
v 0.00678697 -0.00615644 0.01033278
v 0.00642903 -0.00661211 0.01051711
v 0.00606549 -0.00709520 0.01067979
v 0.00661291 -0.01298632 0.00955235
v 0.00689640 -0.01260917 0.00942234
v 0.00717834 -0.01225746 0.00927986
v 0.00142640 0.02315731 0.00918768
v 0.00093701 0.02253777 0.00945414
v 0.00044143 0.02186733 0.00969231
v 0.00179031 0.01690033 0.01071750
v 0.00229494 0.01758882 0.01047820
v 0.00279574 0.01824553 0.01021946
v -0.00463068 0.03184264 0.00237023
v -0.00434855 0.03221649 0.00223654
v -0.00406836 0.03255770 0.00208823
v 0.00690757 -0.01832564 0.00808189
v 0.00710509 -0.01807314 0.00799439
v 0.00729803 -0.01783002 0.00789424
v 0.00307798 0.01135555 0.01137628
v 0.00357443 0.01203278 0.01114216
v 0.00406567 0.01266868 0.01088315
v -0.00350303 0.03095154 0.00452745
v -0.00314723 0.03144126 0.00435808
v -0.00279566 0.03190567 0.00417131
v 0.00690556 -0.02265514 0.00635305
v 0.00701016 -0.02252407 0.00630599
v 0.00711183 -0.02239495 0.00625243
v 0.00425759 0.00535615 0.01161340
v 0.00472891 0.00599758 0.01139673
v 0.00519564 0.00660043 0.01115636
v -0.00226248 0.02904327 0.00652973
v -0.00184270 0.02962095 0.00633074
v -0.00142713 0.03015787 0.00610943
v 0.00526239 -0.00088720 0.01136411
v 0.00568730 -0.00031333 0.01116964
v 0.00610684 0.00022569 0.01095160
v -0.00092825 0.02595313 0.00826983
v -0.00046140 0.02659383 0.00804888
v 0.00000051 0.02719026 0.00780295
v -0.00675199 0.02931832 -0.00135979
v -0.00671604 0.02962712 -0.00078439
v -0.00665558 0.02984339 -0.00018832
v -0.00647600 0.03002892 0.00102428
v -0.00635695 0.02998744 0.00162797
v -0.00622249 0.02987281 0.00222762
v -0.00590313 0.02939746 0.00340540
v -0.00572396 0.02906189 0.00398266
v -0.00553569 0.02867964 0.00455343
v -0.00512233 0.02772286 0.00566359
v -0.00489426 0.02712890 0.00619564
v -0.00465210 0.02645589 0.00670867
v -0.00413884 0.02494088 0.00768733
v -0.00386783 0.02409666 0.00814964
v -0.00358847 0.02319991 0.00859378
v -0.00300646 0.02125427 0.00942435
v -0.00270402 0.02020274 0.00980638
v -0.00239398 0.01909463 0.01016102
v -0.00175517 0.01672087 0.01078101
v -0.00143034 0.01548095 0.01105603
v -0.00110254 0.01420759 0.01130649
v -0.00044067 0.01157646 0.01173867
v -0.00010730 0.01021184 0.01190812
v 0.00022631 0.00882268 0.01204894
v 0.00089147 0.00598632 0.01224798
v 0.00122094 0.00454212 0.01229855
v 0.00154705 0.00308694 0.01231709
v 0.00218572 0.00016099 0.01226036
v 0.00249891 -0.00130263 0.01219728
v 0.00280623 -0.00276375 0.01210483
v 0.00340085 -0.00566526 0.01183488
v 0.00368892 -0.00710319 0.01166465
v 0.00396681 -0.00852285 0.01146057
v 0.00448842 -0.01128729 0.01095544
v 0.00472835 -0.01261694 0.01065202
v 0.00495647 -0.01391344 0.01032396
v 0.00537954 -0.01640820 0.00960511
v 0.00557356 -0.01760047 0.00921646
v 0.00575073 -0.01873654 0.00880364
v 0.00606097 -0.02085020 0.00792862
v 0.00619151 -0.02181291 0.00747064
v 0.00630348 -0.02270050 0.00700210
v -0.00311136 0.02778854 0.00686252
v -0.00354045 0.02713030 0.00699970
v -0.00396961 0.02643713 0.00711296
v -0.00282390 0.02304583 0.00891476
v -0.00234795 0.02382203 0.00879046
v -0.00187258 0.02456568 0.00864103
v -0.00665842 0.02910839 -0.00192689
v -0.00655267 0.02927471 -0.00195362
v -0.00644865 0.02943172 -0.00198531
v 0.00440113 -0.00213207 0.01167886
v 0.00396842 -0.00279965 0.01180107
v 0.00353638 -0.00349533 0.01190131
v 0.00459982 -0.00930508 0.01115296
v 0.00496558 -0.00871193 0.01105986
v 0.00533208 -0.00814500 0.01094961
v -0.00157074 0.01877056 0.01037077
v -0.00106526 0.01958647 0.01023485
v -0.00056099 0.02037526 0.01007636
v -0.00637483 0.03030714 0.00037586
v -0.00617484 0.03062218 0.00032434
v -0.00597548 0.03092083 0.00026284
v 0.00545903 -0.01469467 0.00991589
v 0.00574789 -0.01423740 0.00984714
v 0.00603556 -0.01379645 0.00976131
v -0.00025830 0.01377484 0.01142449
v 0.00025644 0.01461923 0.01129410
v 0.00076930 0.01539665 0.01111308
v -0.00578036 0.03014236 0.00275943
v -0.00549175 0.03060077 0.00268450
v -0.00520349 0.03103796 0.00259470
v 0.00611154 -0.01949298 0.00833503
v 0.00631194 -0.01918314 0.00828837
v 0.00650964 -0.01887853 0.00822784
v 0.00106416 0.00827021 0.01205817
v 0.00156944 0.00909411 0.01192621
v 0.00207410 0.00988353 0.01176760
v -0.00496461 0.02881703 0.00503300
v -0.00459377 0.02937054 0.00493176
v -0.00422616 0.02991039 0.00481366
v 0.00649135 -0.02329661 0.00649590
v 0.00659637 -0.02312897 0.00646917
v 0.00669984 -0.02296314 0.00643582
v 0.00234602 0.00243362 0.01221680
v 0.00282472 0.00321303 0.01210437
v 0.00330379 0.00396138 0.01196653
v -0.00723608 0.02834470 -0.00131542
v -0.00729470 0.02848254 -0.00073350
v -0.00732901 0.02852312 -0.00013078
v -0.00733391 0.02835317 0.00109472
v -0.00730273 0.02813843 0.00170414
v -0.00725588 0.02786404 0.00230939
v -0.00711101 0.02712392 0.00350031
v -0.00701353 0.02666038 0.00408344
v -0.00690318 0.02614807 0.00465936
v -0.00663792 0.02495218 0.00578316
v -0.00647888 0.02425308 0.00632462
v -0.00630106 0.02348301 0.00684807
v -0.00590060 0.02177530 0.00784383
v -0.00567856 0.02084072 0.00831306
v -0.00544408 0.01986051 0.00876394
v -0.00493630 0.01775867 0.00960167
v -0.00466326 0.01663860 0.00998457
v -0.00437559 0.01546658 0.01033534
v -0.00377138 0.01302136 0.01096166
v -0.00345773 0.01175899 0.01124087
v -0.00313580 0.01046849 0.01149267
v -0.00246993 0.00781490 0.01191002
v -0.00212649 0.00645499 0.01206743
v -0.00177791 0.00508012 0.01219072
v -0.00107285 0.00231108 0.01236259
v -0.00071700 0.00091997 0.01240619
v -0.00036003 -0.00047194 0.01242663
v 0.00035570 -0.00325029 0.01238438
v 0.00071359 -0.00463457 0.01233023
v 0.00107060 -0.00601097 0.01224623
v 0.00177616 -0.00871483 0.01197263
v 0.00212244 -0.01003398 0.01178636
v 0.00246360 -0.01132905 0.01157173
v 0.00312704 -0.01383284 0.01105827
v 0.00344630 -0.01502957 0.01075655
v 0.00375586 -0.01618419 0.01042614
v 0.00434644 -0.01837169 0.00969442
v 0.00462628 -0.01940056 0.00929707
v 0.00489203 -0.02037112 0.00887661
v 0.00538084 -0.02213834 0.00798318
v 0.00560500 -0.02294083 0.00752094
v 0.00580586 -0.02365017 0.00704246
v 0.00005666 0.00652537 0.01223832
v -0.00044276 0.00560676 0.01228122
v -0.00093738 0.00466316 0.01229661
v 0.00045826 -0.00095595 0.01242552
v 0.00092424 -0.00007125 0.01240916
v 0.00139455 0.00078959 0.01236687
v -0.00570363 0.02761915 0.00517491
v -0.00606794 0.02697085 0.00521390
v -0.00642677 0.02629107 0.00523122
v -0.00568661 0.02346095 0.00735357
v -0.00526025 0.02424011 0.00732766
v -0.00483061 0.02499331 0.00727777
v 0.00628450 -0.02366139 0.00653457
v 0.00618218 -0.02385403 0.00654567
v 0.00608279 -0.02406027 0.00655278
v 0.00184013 -0.00655033 0.01212481
v 0.00225903 -0.00574865 0.01209852
v 0.00268102 -0.00497007 0.01204891
v -0.00472892 0.01973083 0.00919137
v -0.00425531 0.02059715 0.00915918
v -0.00377880 0.02143677 0.00910106
v -0.00706130 0.02832127 -0.00186687
v -0.00696524 0.02852688 -0.00187386
v -0.00686660 0.02873193 -0.00188674
v 0.00315379 -0.01190464 0.01133729
v 0.00351157 -0.01122486 0.01132097
v 0.00387241 -0.01056393 0.01128475
v -0.00358329 0.01521597 0.01065735
v -0.00308467 0.01615048 0.01062842
v -0.00258239 0.01705769 0.01057193
v -0.00715448 0.02886862 0.00048164
v -0.00696444 0.02925083 0.00047076
v -0.00677126 0.02962147 0.00044930
v 0.00433063 -0.01674175 0.01006786
v 0.00460826 -0.01620022 0.01004935
v 0.00488881 -0.01567679 0.01001705
v -0.00230617 0.01014219 0.01172462
v -0.00179690 0.01108726 0.01168332
v -0.00128692 0.01202173 0.01163245
v -0.00691827 0.02809709 0.00290952
v -0.00663972 0.02864659 0.00289525
v -0.00635696 0.02917274 0.00286564
v 0.00533148 -0.02089528 0.00843447
v 0.00552231 -0.02052046 0.00842238
v 0.00571664 -0.02016317 0.00840248
v -0.00771611 0.02738283 -0.00139381
v -0.00785760 0.02730847 -0.00082313
v -0.00797904 0.02714581 -0.00023254
v -0.00814454 0.02653408 0.00096646
v -0.00819718 0.02612785 0.00156240
v -0.00823138 0.02566598 0.00215380
v -0.00824579 0.02459576 0.00331908
v -0.00822360 0.02398218 0.00389025
v -0.00818916 0.02333461 0.00445641
v -0.00805891 0.02185698 0.00555724
v -0.00796071 0.02102147 0.00608659
v -0.00784071 0.02012612 0.00659924
v -0.00753782 0.01817473 0.00756819
v -0.00735715 0.01712912 0.00802267
v -0.00716172 0.01604998 0.00846017
v -0.00673228 0.01380635 0.00928856
v -0.00649024 0.01262709 0.00966654
v -0.00623201 0.01141624 0.01002042
v -0.00566337 0.00890290 0.01064030
v -0.00535849 0.00761463 0.01091084
v -0.00504081 0.00630948 0.01115394
v -0.00436998 0.00366200 0.01155416
v -0.00402013 0.00232774 0.01171446
v -0.00366143 0.00099004 0.01184721
v -0.00292335 -0.00168547 0.01204010
v -0.00254240 -0.00301697 0.01208817
v -0.00215733 -0.00434286 0.01211585
v -0.00137417 -0.00697117 0.01210093
v -0.00097663 -0.00826934 0.01205590
v -0.00057559 -0.00955064 0.01198091
v 0.00023266 -0.01203334 0.01172595
v 0.00063669 -0.01322456 0.01154658
v 0.00103863 -0.01437796 0.01133506
v 0.00183546 -0.01659987 0.01084845
v 0.00222838 -0.01765621 0.01056753
v 0.00261575 -0.01866727 0.01025895
v 0.00336968 -0.02054490 0.00956428
v 0.00373396 -0.02140773 0.00918239
v 0.00408421 -0.02219634 0.00877246
v 0.00474386 -0.02358362 0.00789829
v 0.00505167 -0.02418591 0.00744345
v 0.00533781 -0.02470240 0.00697533
v 0.00378382 -0.01786360 0.01005663
v 0.00351726 -0.01844751 0.01003042
v 0.00325407 -0.01903432 0.00998465
v 0.00459540 -0.02249583 0.00838054
v 0.00477454 -0.02208242 0.00840942
v 0.00495620 -0.02167284 0.00842636
v -0.00330101 0.00814597 0.01168518
v -0.00378052 0.00710510 0.01160323
v -0.00425559 0.00605978 0.01151078
v -0.00284524 0.00068522 0.01208747
v -0.00238188 0.00170625 0.01218437
v -0.00190852 0.00271163 0.01225168
v -0.00746185 0.02694003 0.00289299
v -0.00772701 0.02634304 0.00286068
v -0.00799181 0.02575522 0.00281131
v -0.00780497 0.02337864 0.00509735
v -0.00746805 0.02412134 0.00516026
v -0.00712769 0.02486321 0.00520462
v 0.00569060 -0.02489807 0.00651754
v 0.00578581 -0.02468159 0.00653460
v 0.00588286 -0.02446856 0.00654599
v -0.00133966 -0.00468920 0.01222950
v -0.00090221 -0.00373109 0.01231651
v -0.00045624 -0.00278898 0.01238277
v -0.00731810 0.02007630 0.00719786
v -0.00692644 0.02096371 0.00727804
v -0.00652149 0.02182142 0.00732925
v 0.00021538 -0.00992867 0.01196984
v 0.00061139 -0.00906277 0.01204648
v 0.00101512 -0.00821074 0.01209995
v -0.00653335 0.01594651 0.00900529
v -0.00610075 0.01693592 0.00910052
v -0.00565519 0.01790166 0.00916468
v -0.00745321 0.02755058 -0.00190757
v -0.00735394 0.02774604 -0.00188773
v -0.00725489 0.02793537 -0.00187395
v 0.00176836 -0.01476233 0.01119015
v 0.00210498 -0.01402458 0.01125331
v 0.00244863 -0.01330223 0.01129960
v -0.00550649 0.01122827 0.01047544
v -0.00504225 0.01226387 0.01057158
v -0.00456475 0.01327389 0.01063204
v -0.00789695 0.02729481 0.00041383
v -0.00771133 0.02768441 0.00044792
v -0.00752839 0.02808733 0.00047059
v -0.00814370 0.02632157 -0.00157523
v -0.00836356 0.02604847 -0.00103952
v -0.00856266 0.02568118 -0.00048681
v -0.00888715 0.02469686 0.00062656
v -0.00902069 0.02412347 0.00117841
v -0.00913667 0.02350435 0.00172984
v -0.00929464 0.02208535 0.00283528
v -0.00933704 0.02129140 0.00338671
v -0.00936046 0.02045447 0.00393385
v -0.00934506 0.01864088 0.00499706
v -0.00930156 0.01765862 0.00550566
v -0.00922618 0.01661622 0.00599249
v -0.00900390 0.01441219 0.00691118
v -0.00886100 0.01326263 0.00734412
v -0.00870414 0.01209407 0.00776441
v -0.00833674 0.00968552 0.00855525
v -0.00812503 0.00844692 0.00892296
v -0.00789461 0.00718800 0.00927064
v -0.00737080 0.00461376 0.00989153
v -0.00707938 0.00330677 0.01016318
v -0.00677128 0.00199242 0.01041061
v -0.00611275 -0.00064663 0.01083917
v -0.00575533 -0.00196464 0.01100439
v -0.00538028 -0.00327369 0.01113418
v -0.00460071 -0.00586030 0.01132476
v -0.00420110 -0.00714101 0.01139584
v -0.00379016 -0.00840439 0.01143729
v -0.00294324 -0.01087879 0.01144653
v -0.00251013 -0.01209271 0.01142092
v -0.00206944 -0.01328170 0.01136763
v -0.00116677 -0.01553976 0.01115401
v -0.00070892 -0.01659847 0.01099462
v -0.00024955 -0.01760622 0.01080255
v 0.00066773 -0.01950152 0.01035014
v 0.00112411 -0.02038607 0.01009061
v 0.00157761 -0.02122126 0.00980691
v 0.00247661 -0.02278298 0.00918919
v 0.00291707 -0.02347622 0.00884415
v 0.00334647 -0.02409070 0.00847166
v -0.00764577 0.02713305 -0.00196321
v -0.00773492 0.02691270 -0.00199771
v -0.00781998 0.02669301 -0.00203703
v -0.00857703 0.02563300 0.00015982
v -0.00841297 0.02604526 0.00023918
v -0.00824589 0.02646415 0.00030874
v 0.00111724 -0.01626071 0.01100085
v 0.00080486 -0.01702370 0.01087953
v 0.00050212 -0.01779499 0.01074147
v 0.00225907 -0.02142042 0.00963377
v 0.00249762 -0.02082082 0.00974587
v 0.00274411 -0.02022728 0.00984444
v -0.00639110 0.00910666 0.01018557
v -0.00681668 0.00803944 0.01000601
v -0.00723621 0.00697570 0.00981184
v -0.00603760 0.00176325 0.01086352
v -0.00560452 0.00284542 0.01105123
v -0.00516370 0.00392248 0.01122270
v -0.00899336 0.02340691 0.00241400
v -0.00875154 0.02398915 0.00253762
v -0.00850367 0.02457383 0.00264811
v 0.00392000 -0.02419985 0.00815912
v 0.00408273 -0.02377351 0.00823193
v 0.00424887 -0.02334120 0.00829131
v -0.00458615 -0.00350422 0.01144789
v -0.00416738 -0.00244414 0.01163879
v -0.00373643 -0.00139149 0.01180628
v -0.00907188 0.02034298 0.00463448
v -0.00876896 0.02110908 0.00477979
v -0.00845612 0.02187043 0.00490646
v -0.00298704 -0.00863970 0.01165098
v -0.00259190 -0.00763746 0.01182870
v -0.00218465 -0.00664233 0.01198181
v -0.00878412 0.01644223 0.00664911
v -0.00843169 0.01735348 0.00681744
v -0.00807087 0.01826707 0.00696652
v -0.00127555 -0.01351774 0.01146036
v -0.00091801 -0.01260352 0.01161653
v -0.00054992 -0.01169861 0.01175256
v -0.00815020 0.01190906 0.00837734
v -0.00775998 0.01291772 0.00856512
v -0.00736137 0.01392976 0.00873398
v -0.00851150 0.02525097 -0.00186103
v -0.00879784 0.02477644 -0.00137702
v -0.00906280 0.02420400 -0.00087493
v -0.00953285 0.02286427 0.00014602
v -0.00973796 0.02211955 0.00065641
v -0.00991752 0.02131559 0.00116620
v -0.01019309 0.01952787 0.00218088
v -0.01029132 0.01855579 0.00268303
v -0.01036720 0.01754337 0.00317980
v -0.01045883 0.01541848 0.00415253
v -0.01046698 0.01429903 0.00462323
v -0.01044436 0.01313818 0.00507954
v -0.01031299 0.01071600 0.00594631
v -0.01021018 0.00946781 0.00635759
v -0.01008125 0.00819736 0.00675179
v -0.00975744 0.00561007 0.00749302
v -0.00956502 0.00429859 0.00784030
v -0.00934740 0.00297612 0.00816681
v -0.00883954 0.00031451 0.00875371
v -0.00855699 -0.00101716 0.00901874
v -0.00825703 -0.00234674 0.00926543
v -0.00759090 -0.00498258 0.00968265
v -0.00722662 -0.00627982 0.00985137
v -0.00684688 -0.00756139 0.00999809
v -0.00605099 -0.01008017 0.01023665
v -0.00563422 -0.01131344 0.01032624
v -0.00520100 -0.01251700 0.01038704
v -0.00430073 -0.01484931 0.01044382
v -0.00383339 -0.01596833 0.01043550
v -0.00335438 -0.01704486 0.01039793
v -0.00236766 -0.01905119 0.01023343
v -0.00186469 -0.01998381 0.01011246
v -0.00135718 -0.02086666 0.00996641
v -0.00033348 -0.02245093 0.00959075
v 0.00017902 -0.02315961 0.00936786
v 0.00069053 -0.02382168 0.00912678
v 0.00170823 -0.02500454 0.00859167
v 0.00221141 -0.02551204 0.00829522
v 0.00270757 -0.02595466 0.00797906
v 0.00366551 -0.02660460 0.00728432
v 0.00411657 -0.02678595 0.00690579
v 0.00454475 -0.02688223 0.00651519
v -0.00946060 0.01462829 0.00625481
v -0.00978477 0.01372952 0.00603008
v -0.01009322 0.01283032 0.00578383
v -0.00959930 0.00790055 0.00742039
v -0.00925582 0.00889722 0.00769080
v -0.00889859 0.00989757 0.00793990
v -0.00813415 0.02583105 -0.00224991
v -0.00806027 0.02605356 -0.00218852
v -0.00798257 0.02626816 -0.00213226
v -0.00195385 -0.01535039 0.01107587
v -0.00227300 -0.01626632 0.01085066
v -0.00257631 -0.01716991 0.01059872
v -0.00060096 -0.02092320 0.01002103
v -0.00034266 -0.02014484 0.01022931
v -0.00007221 -0.01936075 0.01041813
v -0.00876404 0.00270539 0.00878604
v -0.00841026 0.00377195 0.00908283
v -0.00803621 0.00484109 0.00935252
v -0.00917631 0.02398162 -0.00024266
v -0.00903540 0.02439531 -0.00012935
v -0.00888938 0.02481120 -0.00002470
v 0.00139237 -0.02383015 0.00904519
v 0.00159471 -0.02322616 0.00921160
v 0.00180742 -0.02262896 0.00936814
v -0.00760086 -0.00259474 0.00982461
v -0.00723531 -0.00150737 0.01012219
v -0.00685606 -0.00041700 0.01040072
v -0.00987515 0.02104800 0.00184412
v -0.00966980 0.02164387 0.00199964
v -0.00945305 0.02223441 0.00214425
v 0.00332605 -0.02590342 0.00776538
v 0.00346554 -0.02548227 0.00787944
v 0.00361197 -0.02506185 0.00798474
v -0.00611392 -0.00776829 0.01043755
v -0.00575969 -0.00670797 0.01073313
v -0.00538568 -0.00564086 0.01099986
v -0.01018020 0.01726807 0.00389664
v -0.00991928 0.01803438 0.00410424
v -0.00964671 0.01880256 0.00429573
v -0.00443273 -0.01268635 0.01071495
v -0.00409308 -0.01167316 0.01098184
v -0.00373863 -0.01066018 0.01122772
v -0.00877266 0.02411992 -0.00221910
v -0.00911005 0.02345289 -0.00180512
v -0.00942972 0.02269562 -0.00137405
v -0.01002212 0.02102036 -0.00049151
v -0.01028787 0.02011085 -0.00004674
v -0.01052391 0.01913873 0.00039940
v -0.01090016 0.01701390 0.00128995
v -0.01105169 0.01588895 0.00173269
v -0.01118072 0.01472967 0.00217253
v -0.01135460 0.01230316 0.00303500
v -0.01140013 0.01104452 0.00345530
v -0.01141839 0.00975977 0.00386726
v -0.01137312 0.00712236 0.00466283
v -0.01129966 0.00577047 0.00504021
v -0.01119669 0.00440526 0.00540388
v -0.01090891 0.00165204 0.00608878
v -0.01072988 0.00027115 0.00641130
v -0.01052731 -0.00110954 0.00671949
v -0.01003703 -0.00385411 0.00727910
v -0.00975295 -0.00520977 0.00753015
v -0.00944597 -0.00655030 0.00776260
v -0.00877074 -0.00917760 0.00817365
v -0.00840703 -0.01046336 0.00835467
v -0.00802878 -0.01173180 0.00852149
v -0.00721664 -0.01419083 0.00879714
v -0.00678357 -0.01537459 0.00890434
v -0.00633358 -0.01652376 0.00899051
v -0.00538628 -0.01870541 0.00909779
v -0.00488987 -0.01972693 0.00911601
v -0.00437675 -0.02068200 0.00910341
v -0.00331802 -0.02241659 0.00900370
v -0.00277825 -0.02320838 0.00892400
v -0.00223377 -0.02395747 0.00882811
v -0.00112986 -0.02527826 0.00857196
v -0.00057312 -0.02584356 0.00841129
v -0.00001523 -0.02634001 0.00822846
v 0.00109802 -0.02714975 0.00780718
v 0.00165092 -0.02747800 0.00757488
v 0.00219850 -0.02774301 0.00732608
v 0.00326148 -0.02801245 0.00676660
v 0.00376666 -0.02800436 0.00645826
v 0.00424831 -0.02790898 0.00613690
v -0.00677831 -0.00988217 0.00979403
v -0.00708395 -0.01092805 0.00944138
v -0.00736984 -0.01196184 0.00906744
v -0.00562049 -0.01667586 0.00943163
v -0.00535255 -0.01569806 0.00978675
v -0.00506273 -0.01469969 0.01011584
v -0.01065738 0.01573982 0.00342815
v -0.01087994 0.01499363 0.00317012
v -0.01108860 0.01425779 0.00289627
v -0.01118369 0.00930934 0.00461069
v -0.01093454 0.01017517 0.00493147
v -0.01066955 0.01105212 0.00523446
v 0.00487804 -0.02709889 0.00604324
v 0.00481326 -0.02730213 0.00596640
v 0.00475436 -0.02751003 0.00588670
v -0.00363114 -0.02071916 0.00940686
v -0.00339320 -0.01985026 0.00973341
v -0.00313732 -0.01896564 0.01004048
v -0.01080981 0.00398303 0.00612741
v -0.01053844 0.00495013 0.00648438
v -0.01024409 0.00592668 0.00681854
v -0.00837439 0.02489985 -0.00253088
v -0.00832224 0.02512634 -0.00245613
v -0.00826609 0.02536329 -0.00238477
v -0.00149641 -0.02391943 0.00900096
v -0.00129461 -0.02319189 0.00928207
v -0.00107769 -0.02244919 0.00954664
v -0.01002339 -0.00147174 0.00740242
v -0.00973104 -0.00044367 0.00777543
v -0.00942467 0.00059601 0.00813162
v -0.00964113 0.02228820 -0.00077996
v -0.00953957 0.02270771 -0.00063367
v -0.00942895 0.02313413 -0.00049524
v 0.00068962 -0.02621155 0.00825712
v 0.00084861 -0.02562743 0.00847277
v 0.00101871 -0.02502713 0.00867364
v -0.00885516 -0.00684606 0.00838732
v -0.00856805 -0.00579989 0.00877475
v -0.00826050 -0.00474016 0.00914103
v -0.01058282 0.01868146 0.00107315
v -0.01042452 0.01926666 0.00128824
v -0.01025316 0.01985717 0.00148924
v 0.00283926 -0.02753580 0.00721593
v 0.00294971 -0.02713825 0.00736672
v 0.00306821 -0.02673592 0.00750966
v -0.00896235 0.02314375 -0.00265916
v -0.00933167 0.02228813 -0.00232958
v -0.00968023 0.02133546 -0.00198311
v -0.01034338 0.01930198 -0.00126942
v -0.01064938 0.01822552 -0.00090648
v -0.01092140 0.01708485 -0.00053920
v -0.01136838 0.01464788 0.00020155
v -0.01155356 0.01337572 0.00057247
v -0.01171839 0.01207754 0.00094298
v -0.01196350 0.00939164 0.00167769
v -0.01203698 0.00800705 0.00203881
v -0.01208278 0.00660367 0.00239529
v -0.01208792 0.00375096 0.00309085
v -0.01204051 0.00230683 0.00342641
v -0.01197025 0.00085788 0.00375560
v -0.01173283 -0.00204485 0.00438311
v -0.01157042 -0.00349048 0.00468099
v -0.01137823 -0.00492681 0.00496674
v -0.01090945 -0.00775689 0.00549996
v -0.01063270 -0.00914180 0.00574519
v -0.01032643 -0.01049885 0.00597387
v -0.00963946 -0.01312263 0.00638465
v -0.00925836 -0.01437893 0.00656405
v -0.00886415 -0.01561105 0.00673323
v -0.00803626 -0.01800468 0.00704132
v -0.00759615 -0.01915155 0.00717457
v -0.00712816 -0.02023178 0.00728236
v -0.00614121 -0.02224477 0.00744520
v -0.00562465 -0.02317261 0.00749982
v -0.00509333 -0.02404036 0.00753495
v -0.00398960 -0.02556530 0.00754038
v -0.00342549 -0.02624749 0.00751952
v -0.00285335 -0.02686630 0.00748058
v -0.00169016 -0.02790225 0.00734735
v -0.00110168 -0.02830569 0.00725061
v -0.00051135 -0.02863481 0.00713517
v 0.00066834 -0.02910247 0.00685824
v 0.00125557 -0.02926938 0.00670436
v 0.00183813 -0.02936507 0.00653471
v 0.00040736 -0.02733639 0.00778827
v 0.00028492 -0.02787509 0.00753682
v 0.00017539 -0.02839528 0.00727482
v 0.00248078 -0.02903511 0.00653563
v 0.00255704 -0.02867148 0.00671537
v 0.00264260 -0.02830269 0.00688963
v -0.00938067 -0.00890227 0.00756510
v -0.00961339 -0.00990535 0.00712696
v -0.00981323 -0.01087576 0.00666353
v -0.00828392 -0.01589254 0.00736087
v -0.00808786 -0.01494033 0.00781327
v -0.00786898 -0.01396483 0.00824823
v -0.01085696 0.01753354 0.00060628
v -0.01097396 0.01697615 0.00035683
v -0.01107581 0.01642860 0.00009792
v -0.01174592 0.01142590 0.00165455
v -0.01161285 0.01211683 0.00198551
v -0.01145796 0.01281997 0.00230349
v -0.00648072 -0.02038886 0.00781611
v -0.00629794 -0.01949340 0.00824595
v -0.00609242 -0.01857189 0.00865800
v -0.01196165 0.00597207 0.00314946
v -0.01180360 0.00678303 0.00353975
v -0.01161929 0.00761065 0.00391380
v -0.00440059 -0.02404270 0.00794482
v -0.00423630 -0.02323759 0.00833171
v -0.00405359 -0.02241701 0.00870605
v -0.01170285 0.00027958 0.00452002
v -0.01151117 0.00117665 0.00494784
v -0.01129783 0.00209442 0.00535888
v -0.00854154 0.02406759 -0.00286896
v -0.00850432 0.02426427 -0.00277716
v -0.00846309 0.02446486 -0.00268980
v -0.00215124 -0.02674941 0.00776216
v -0.00201210 -0.02607061 0.00809239
v -0.00185542 -0.02535984 0.00840568
v -0.01097627 -0.00541789 0.00570839
v -0.01077357 -0.00446222 0.00616109
v -0.01054640 -0.00348396 0.00659493
v -0.00996309 0.02071407 -0.00144545
v -0.00989558 0.02109395 -0.00126774
v -0.00981800 0.02147951 -0.00109685
v -0.00905944 0.02226488 -0.00315892
v -0.00943497 0.02122269 -0.00291792
v -0.00978715 0.02008153 -0.00266026
v -0.01046765 0.01770268 -0.00212953
v -0.01079766 0.01648692 -0.00186077
v -0.01109921 0.01522110 -0.00158561
v -0.01160017 0.01254241 -0.00101870
v -0.01180324 0.01114628 -0.00072995
v -0.01198530 0.00972735 -0.00043938
v -0.01227049 0.00681489 0.00014649
v -0.01237607 0.00532816 0.00044078
v -0.01245241 0.00382326 0.00073504
v -0.01249519 0.00077443 0.00131806
v -0.01246651 -0.00075731 0.00160510
v -0.01240674 -0.00228821 0.00188834
v -0.01219535 -0.00533304 0.00244085
v -0.01203924 -0.00683643 0.00270760
v -0.01185461 -0.00832355 0.00296792
v -0.01139091 -0.01122500 0.00346367
v -0.01111355 -0.01263026 0.00369759
v -0.01080990 -0.01400296 0.00392227
v -0.01013278 -0.01664773 0.00434434
v -0.00976169 -0.01791697 0.00454149
v -0.00936653 -0.01914165 0.00472736
v -0.00850387 -0.02143391 0.00506085
v -0.00804427 -0.02250887 0.00521079
v -0.00756544 -0.02352906 0.00534809
v -0.00655374 -0.02539163 0.00558263
v -0.00602341 -0.02622877 0.00567917
v -0.00547790 -0.02699692 0.00576087
v -0.00435017 -0.02833145 0.00588170
v -0.00377130 -0.02889839 0.00592132
v -0.00318268 -0.02938355 0.00594431
v -0.00198782 -0.03014731 0.00594904
v -0.00138507 -0.03044425 0.00593467
v -0.00077859 -0.03065467 0.00590347
v 0.00043681 -0.03084818 0.00579768
v 0.00104240 -0.03086536 0.00572994
v 0.00164393 -0.03081394 0.00564967
v 0.00282018 -0.03044432 0.00544170
v 0.00338340 -0.03010962 0.00531221
v 0.00392185 -0.02968059 0.00516774
v -0.00237945 -0.02805463 0.00707026
v -0.00246651 -0.02866130 0.00670620
v -0.00253554 -0.02923842 0.00633252
v -0.00012879 -0.03033496 0.00615210
v -0.00007311 -0.02986494 0.00644094
v -0.00000382 -0.02939407 0.00672685
v -0.01131695 -0.00725703 0.00475649
v -0.01145138 -0.00813468 0.00425812
v -0.01155970 -0.00898008 0.00374583
v -0.01039595 -0.01450942 0.00466890
v -0.01028562 -0.01364446 0.00518812
v -0.01014668 -0.01274314 0.00569165
v -0.01006154 0.01996129 -0.00181503
v -0.01009398 0.01959481 -0.00200510
v -0.01011633 0.01923944 -0.00219860
v -0.01133482 0.01437081 -0.00101176
v -0.01129214 0.01486144 -0.00072487
v -0.01123083 0.01536409 -0.00044374
v 0.00226688 -0.03036438 0.00575786
v 0.00230618 -0.03004956 0.00595953
v 0.00235505 -0.02972344 0.00615689
v -0.00886173 -0.01949005 0.00541918
v -0.00874904 -0.01862568 0.00592321
v -0.00861266 -0.01773228 0.00641358
v -0.01208915 0.00885793 0.00022933
v -0.01202500 0.00946171 0.00059829
v -0.01194780 0.01009276 0.00095936
v -0.00699998 -0.02374269 0.00596762
v -0.00690403 -0.02294679 0.00644872
v -0.00678397 -0.02211690 0.00691657
v -0.01241867 0.00298079 0.00147216
v -0.01232487 0.00368640 0.00190642
v -0.01222254 0.00442224 0.00233196
v -0.00485975 -0.02703722 0.00627591
v -0.00477787 -0.02634032 0.00671311
v -0.00467351 -0.02560564 0.00713749
v -0.01223716 -0.00305441 0.00266145
v -0.01213649 -0.00226318 0.00314502
v -0.01201301 -0.00144243 0.00361646
v -0.00864876 0.02334388 -0.00327093
v -0.00862957 0.02351679 -0.00316666
v -0.00860593 0.02369786 -0.00306497
v -0.00906098 0.02154145 -0.00369525
v -0.00942846 0.02035076 -0.00354966
v -0.00977543 0.01906803 -0.00338932
v -0.01044850 0.01641695 -0.00305419
v -0.01078095 0.01507981 -0.00288449
v -0.01108930 0.01370212 -0.00270745
v -0.01161961 0.01082424 -0.00233027
v -0.01183800 0.00933036 -0.00213075
v -0.01202789 0.00780835 -0.00192532
v -0.01232574 0.00469478 -0.00149888
v -0.01242858 0.00310883 -0.00127833
v -0.01250060 0.00151037 -0.00105391
v -0.01254010 -0.00170221 -0.00059579
v -0.01251134 -0.00330548 -0.00036395
v -0.01245510 -0.00490286 -0.00013111
v -0.01225268 -0.00806450 0.00033581
v -0.01209978 -0.00961566 0.00056850
v -0.01191543 -0.01114203 0.00079973
v -0.01143980 -0.01408415 0.00125347
v -0.01115965 -0.01550005 0.00147528
v -0.01085626 -0.01688042 0.00169354
v -0.01018318 -0.01952871 0.00211840
v -0.00981260 -0.02078878 0.00232390
v -0.00941473 -0.02199028 0.00252285
v -0.00853948 -0.02419114 0.00289707
v -0.00807357 -0.02520652 0.00307387
v -0.00759513 -0.02617979 0.00324548
v -0.00658749 -0.02794391 0.00356594
v -0.00605532 -0.02870746 0.00371109
v -0.00551024 -0.02940607 0.00384777
v -0.00438328 -0.03058798 0.00409273
v -0.00380429 -0.03106996 0.00420062
v -0.00321531 -0.03146416 0.00429661
v -0.00201990 -0.03204511 0.00445997
v -0.00141622 -0.03224539 0.00452912
v -0.00080890 -0.03237434 0.00458829
v 0.00041150 -0.03236266 0.00466835
v 0.00101950 -0.03223964 0.00469144
v 0.00162264 -0.03204337 0.00470369
v 0.00280200 -0.03140183 0.00469067
v 0.00336718 -0.03093707 0.00466188
v 0.00390940 -0.03038994 0.00461974
v -0.00867270 0.02272005 -0.00370587
v -0.00867521 0.02286654 -0.00359523
v -0.00867204 0.02301961 -0.00348567
v -0.00495836 -0.02832668 0.00537295
v -0.00497694 -0.02892736 0.00491186
v -0.00497493 -0.02949649 0.00444554
v -0.00263654 -0.03130956 0.00477858
v -0.00263762 -0.03082956 0.00517431
v -0.00262090 -0.03032077 0.00556523
v -0.01237375 -0.00454240 0.00166313
v -0.01240209 -0.00523285 0.00114969
v -0.01239967 -0.00588265 0.00062870
v -0.01172064 -0.01198492 0.00158701
v -0.01171839 -0.01129186 0.00213931
v -0.01169115 -0.01055919 0.00268421
v -0.01012927 0.01800342 -0.00301105
v -0.01013600 0.01827973 -0.00280218
v -0.01013584 0.01857799 -0.00259691
v -0.00021282 -0.03204027 0.00494630
v -0.00021276 -0.03164363 0.00525429
v -0.00019872 -0.03122830 0.00555869
v -0.01056215 -0.01757453 0.00247696
v -0.01057740 -0.01689660 0.00304320
v -0.01054259 -0.01613831 0.00359535
v -0.01138739 0.01264821 -0.00221202
v -0.01139114 0.01303921 -0.00190480
v -0.01138745 0.01346182 -0.00160259
v 0.00220901 -0.03152416 0.00492129
v 0.00220915 -0.03125890 0.00513548
v 0.00221893 -0.03097789 0.00534687
v -0.00902121 -0.02249604 0.00327230
v -0.00902654 -0.02182090 0.00382489
v -0.00900193 -0.02109346 0.00436854
v -0.01220794 0.00672648 -0.00131551
v -0.01220177 0.00721687 -0.00092022
v -0.01217643 0.00773406 -0.00053037
v 0.00441497 -0.02960892 0.00467521
v 0.00441495 -0.02946766 0.00478824
v 0.00442118 -0.02932373 0.00490070
v -0.00712761 -0.02650354 0.00393439
v -0.00713044 -0.02586744 0.00445313
v -0.00711268 -0.02520328 0.00496749
v -0.01256506 0.00045347 -0.00035416
v -0.01256749 0.00103759 0.00011326
v -0.01254141 0.00165469 0.00057443
v -0.00896966 0.02100582 -0.00425147
v -0.00932642 0.01973624 -0.00420993
v -0.00966468 0.01837486 -0.00415503
v -0.01030398 0.01553006 -0.00402347
v -0.01061208 0.01408380 -0.00395209
v -0.01090617 0.01261053 -0.00387475
v -0.01141286 0.00954649 -0.00368942
v -0.01161803 0.00796086 -0.00357993
v -0.01179311 0.00634964 -0.00346064
v -0.01205672 0.00307306 -0.00319575
v -0.01214086 0.00141607 -0.00304996
v -0.01219137 -0.00024643 -0.00289556
v -0.01219770 -0.00356711 -0.00256453
v -0.01215578 -0.00521664 -0.00238931
v -0.01209152 -0.00685780 -0.00220960
v -0.01187171 -0.01008980 -0.00183335
v -0.01170932 -0.01166448 -0.00163679
v -0.01151212 -0.01320260 -0.00143557
v -0.01103390 -0.01616944 -0.00102398
v -0.01075631 -0.01759405 -0.00081485
v -0.01045737 -0.01898161 -0.00060433
v -0.00978541 -0.02161309 -0.00017991
v -0.00941592 -0.02285531 0.00003297
v -0.00902388 -0.02404197 0.00024568
v -0.00817768 -0.02624271 0.00066871
v -0.00772538 -0.02725186 0.00087808
v -0.00725737 -0.02820648 0.00108576
v -0.00625527 -0.02984750 0.00149008
v -0.00573138 -0.03055598 0.00168650
v -0.00519365 -0.03118469 0.00187826
v -0.00409234 -0.03226787 0.00225050
v -0.00352813 -0.03270928 0.00242982
v -0.00295382 -0.03305935 0.00260244
v -0.00178410 -0.03350012 0.00292675
v -0.00119347 -0.03362252 0.00308047
v -0.00059937 -0.03365749 0.00322626
v 0.00059237 -0.03349054 0.00349501
v 0.00118563 -0.03327503 0.00361553
v 0.00177339 -0.03297781 0.00372655
v 0.00292036 -0.03212965 0.00391636
v 0.00347093 -0.03157861 0.00399307
v 0.00399646 -0.03092710 0.00405371
v -0.01215734 0.00582928 -0.00211721
v -0.01210227 0.00542608 -0.00252142
v -0.01203073 0.00505604 -0.00292710
v -0.01231542 -0.00151413 -0.00225459
v -0.01241311 -0.00108068 -0.00177778
v -0.01248435 -0.00060710 -0.00130082
v 0.00443033 -0.02986560 0.00444583
v 0.00444678 -0.02998594 0.00433088
v 0.00446713 -0.03009132 0.00421470
v -0.00705178 -0.02765596 0.00288288
v -0.00698175 -0.02818051 0.00235359
v -0.00688464 -0.02864534 0.00182156
v -0.00475593 -0.03139517 0.00254512
v -0.00484405 -0.03099226 0.00302434
v -0.00490986 -0.03053907 0.00350171
v -0.01212201 -0.00805059 -0.00149181
v -0.01222500 -0.00757283 -0.00095917
v -0.01230975 -0.00705393 -0.00042756
v -0.00861754 0.02223877 -0.00416008
v -0.00863854 0.02234475 -0.00404547
v -0.00865450 0.02245951 -0.00393126
v -0.00245975 -0.03298325 0.00317283
v -0.00253067 -0.03261599 0.00357763
v -0.00258406 -0.03221618 0.00398115
v -0.01142869 -0.01426334 -0.00066667
v -0.01154810 -0.01377428 -0.00010084
v -0.01163872 -0.01323227 0.00046500
v -0.01003129 0.01712626 -0.00387263
v -0.01006452 0.01730844 -0.00365390
v -0.01009072 0.01751279 -0.00343663
v -0.00007308 -0.03336229 0.00368429
v -0.00012888 -0.03307350 0.00400265
v -0.00017086 -0.03275899 0.00432002
v -0.01026581 -0.01986226 0.00018278
v -0.01038196 -0.01936933 0.00075899
v -0.01046003 -0.01880410 0.00133339
v -0.01124503 0.01135743 -0.00347061
v -0.01130155 0.01164144 -0.00315358
v -0.01134322 0.01194978 -0.00283727
v 0.00230495 -0.03241753 0.00404730
v 0.00226642 -0.03221806 0.00426702
v 0.00223748 -0.03200147 0.00448613
v -0.00873490 -0.02471125 0.00102148
v -0.00884054 -0.02421934 0.00158594
v -0.00892538 -0.02369022 0.00215034
v -0.00878164 0.02064027 -0.00480122
v -0.00911740 0.01933956 -0.00486648
v -0.00944113 0.01795510 -0.00492256
v -0.01003835 0.01501810 -0.00500483
v -0.01030441 0.01348738 -0.00502894
v -0.01055574 0.01193061 -0.00504544
v -0.01097813 0.00871786 -0.00503958
v -0.01114752 0.00707275 -0.00501717
v -0.01129541 0.00541081 -0.00498494
v -0.01151327 0.00203931 -0.00488555
v -0.01157557 0.00033637 -0.00481559
v -0.01160116 -0.00136957 -0.00473025
v -0.01155986 -0.00476593 -0.00452209
v -0.01149309 -0.00644554 -0.00439994
v -0.01139965 -0.00810857 -0.00426767
v -0.01113306 -0.01137019 -0.00397369
v -0.01096204 -0.01296349 -0.00381318
v -0.01076469 -0.01452549 -0.00364353
v -0.01029072 -0.01753727 -0.00327767
v -0.01000749 -0.01896432 -0.00308001
v -0.00970266 -0.02034699 -0.00287590
v -0.00903040 -0.02296934 -0.00244979
v -0.00866597 -0.02420902 -0.00222903
v -0.00827942 -0.02538650 -0.00200259
v -0.00744540 -0.02754549 -0.00153552
v -0.00699805 -0.02851231 -0.00129574
v -0.00653328 -0.02940328 -0.00105302
v -0.00556370 -0.03098389 -0.00056231
v -0.00505669 -0.03164600 -0.00031496
v -0.00453965 -0.03223713 -0.00006745
v -0.00348255 -0.03323302 0.00042663
v -0.00294528 -0.03365766 0.00067317
v -0.00239913 -0.03399546 0.00091849
v -0.00128568 -0.03437878 0.00140145
v -0.00072291 -0.03443630 0.00163789
v -0.00015853 -0.03443122 0.00187148
v 0.00097201 -0.03417774 0.00232571
v 0.00153418 -0.03392399 0.00254439
v 0.00208955 -0.03356619 0.00275440
v -0.00998398 -0.02074757 -0.00096676
v -0.00979435 -0.02108823 -0.00153619
v -0.00960513 -0.02142920 -0.00210523
v -0.00809469 -0.02625481 -0.00122124
v -0.00829137 -0.02594804 -0.00066512
v -0.00846342 -0.02558622 -0.00010491
v -0.01109401 0.01086579 -0.00410483
v -0.01100199 0.01066120 -0.00442144
v -0.01089681 0.01048424 -0.00473609
v -0.01157696 0.00392457 -0.00454486
v -0.01171437 0.00415297 -0.00414279
v -0.01183763 0.00441885 -0.00373908
v 0.00240971 -0.03275446 0.00360713
v 0.00247621 -0.03289759 0.00338852
v 0.00255171 -0.03302131 0.00317132
v -0.00626926 -0.03003268 -0.00029147
v -0.00646090 -0.02977935 0.00023196
v -0.00662519 -0.02945135 0.00075970
v -0.01177821 -0.00284542 -0.00416245
v -0.01194045 -0.00257525 -0.00368830
v -0.01208540 -0.00226311 -0.00321190
v -0.00420369 -0.03259511 0.00064506
v -0.00437205 -0.03236601 0.00111553
v -0.00452035 -0.03208789 0.00158987
v -0.01148585 -0.00950163 -0.00360529
v -0.01167772 -0.00920953 -0.00308205
v -0.01185032 -0.00887163 -0.00255503
v -0.00847970 0.02189100 -0.00461356
v -0.00852285 0.02196857 -0.00450200
v -0.00856052 0.02205321 -0.00438916
v -0.00200176 -0.03406727 0.00155846
v -0.00214218 -0.03386201 0.00195946
v -0.00226535 -0.03360875 0.00236278
v -0.01076440 -0.01579476 -0.00291397
v -0.01095679 -0.01547450 -0.00235549
v -0.01112979 -0.01510968 -0.00179415
v -0.00982314 0.01659729 -0.00475145
v -0.00988765 0.01670243 -0.00453240
v -0.00994211 0.01682262 -0.00431193
v 0.00028494 -0.03420616 0.00241322
v 0.00017567 -0.03403374 0.00272813
v 0.00007942 -0.03383977 0.00304580
v -0.00850895 0.02047573 -0.00532574
v -0.00880254 0.01916369 -0.00549317
v -0.00908607 0.01777027 -0.00565393
v -0.00960807 0.01482069 -0.00594671
v -0.00983242 0.01327553 -0.00606996
v -0.01003132 0.01169066 -0.00617738
v -0.01034113 0.00841279 -0.00633823
v -0.01045917 0.00673802 -0.00639617
v -0.01054988 0.00504450 -0.00643745
v -0.01067850 0.00162841 -0.00648779
v -0.01070385 -0.00009200 -0.00648921
v -0.01070166 -0.00181463 -0.00647391
v -0.01061428 -0.00524676 -0.00639308
v -0.01052716 -0.00694485 -0.00632646
v -0.01040871 -0.00862119 -0.00624104
v -0.01009164 -0.01189547 -0.00602221
v -0.00989978 -0.01349184 -0.00589292
v -0.00968999 -0.01506325 -0.00575295
v -0.00920609 -0.01810581 -0.00543484
v -0.00892756 -0.01955981 -0.00525416
v -0.00862071 -0.02095092 -0.00505680
v -0.00794345 -0.02356445 -0.00462493
v -0.00757350 -0.02477488 -0.00439081
v -0.00718905 -0.02593308 -0.00414828
v -0.00636714 -0.02803761 -0.00363286
v -0.00593260 -0.02897962 -0.00336173
v -0.00548425 -0.02984583 -0.00308286
v -0.00455069 -0.03133860 -0.00250469
v -0.00406880 -0.03196563 -0.00220741
v -0.00358171 -0.03253923 -0.00190742
v -0.00259414 -0.03355294 -0.00130041
v -0.00209205 -0.03398008 -0.00099250
v -0.00158182 -0.03429958 -0.00068054
v -0.00054763 -0.03466394 -0.00005053
v -0.00002702 -0.03472798 0.00026565
v 0.00049459 -0.03471843 0.00058184
v 0.00153653 -0.03445523 0.00121145
v 0.00205259 -0.03418719 0.00152218
v 0.00256090 -0.03381680 0.00182736
v 0.00354410 -0.03280072 0.00241526
v 0.00401183 -0.03216347 0.00269368
v 0.00445624 -0.03143474 0.00295721
v -0.00167281 -0.03436418 0.00076963
v -0.00148551 -0.03446200 0.00038383
v -0.00128299 -0.03451143 0.00000485
v 0.00084626 -0.03459248 0.00118991
v 0.00068779 -0.03452973 0.00148823
v 0.00054129 -0.03444927 0.00179217
v -0.01030072 -0.01626517 -0.00401090
v -0.01003611 -0.01642204 -0.00454780
v -0.00975397 -0.01653213 -0.00507704
v -0.00859771 -0.02222117 -0.00431608
v -0.00887348 -0.02208012 -0.00377149
v -0.00913406 -0.02190271 -0.00322157
v -0.00966703 0.01643700 -0.00518461
v -0.00957228 0.01637773 -0.00539564
v -0.00946963 0.01633911 -0.00560367
v -0.01036336 0.01009150 -0.00596919
v -0.01051285 0.01014254 -0.00566578
v -0.01065399 0.01022634 -0.00535982
v 0.00294015 -0.03331637 0.00232709
v 0.00282998 -0.03326645 0.00253294
v 0.00272910 -0.03320921 0.00274327
v -0.00708566 -0.02695774 -0.00337721
v -0.00736590 -0.02684674 -0.00284965
v -0.00762978 -0.02669949 -0.00231457
v -0.01084432 0.00338287 -0.00609700
v -0.01105027 0.00346148 -0.00571790
v -0.01124333 0.00357819 -0.00533314
v -0.00530269 -0.03056647 -0.00231122
v -0.00556850 -0.03048054 -0.00181819
v -0.00582065 -0.03037474 -0.00131755
v -0.01092996 -0.00348564 -0.00600194
v -0.01117263 -0.00339294 -0.00555405
v -0.01139404 -0.00325479 -0.00509666
v -0.00334230 -0.03301682 -0.00117073
v -0.00358214 -0.03296519 -0.00072884
v -0.00380644 -0.03288177 -0.00027848
v -0.01054584 -0.01021547 -0.00564852
v -0.01081110 -0.01011047 -0.00514910
v -0.01105443 -0.00995433 -0.00464038
v -0.00826699 0.02169536 -0.00504751
v -0.00832466 0.02172259 -0.00494097
v -0.00838037 0.02176746 -0.00483348
v -0.00818546 0.02061211 -0.00582274
v -0.00841539 0.01930463 -0.00608059
v -0.00863336 0.01791303 -0.00633240
v -0.00902594 0.01497345 -0.00680733
v -0.00918760 0.01343596 -0.00701894
v -0.00932378 0.01185775 -0.00721107
v -0.00951744 0.00859822 -0.00753433
v -0.00958116 0.00693328 -0.00767001
v -0.00962543 0.00525171 -0.00779028
v -0.00964645 0.00184845 -0.00797644
v -0.00961766 0.00013505 -0.00803727
v -0.00956545 -0.00157911 -0.00807859
v -0.00938646 -0.00498980 -0.00809799
v -0.00926296 -0.00667810 -0.00807838
v -0.00911731 -0.00834984 -0.00803944
v -0.00876248 -0.01163028 -0.00790530
v -0.00855733 -0.01323701 -0.00781338
v -0.00832984 -0.01481079 -0.00770114
v -0.00781881 -0.01786056 -0.00742493
v -0.00753103 -0.01931746 -0.00725648
v -0.00721905 -0.02071146 -0.00706465
v -0.00653427 -0.02330442 -0.00662048
v -0.00616781 -0.02450708 -0.00637361
v -0.00579086 -0.02566096 -0.00611553
v -0.00500736 -0.02782252 -0.00556741
v -0.00459638 -0.02879771 -0.00527203
v -0.00417308 -0.02969196 -0.00496232
v -0.00329690 -0.03123760 -0.00430614
v -0.00284782 -0.03189581 -0.00396318
v -0.00239372 -0.03248676 -0.00361268
v -0.00147447 -0.03349584 -0.00289389
v -0.00100890 -0.03388676 -0.00252387
v -0.00054022 -0.03417862 -0.00214635
v 0.00039971 -0.03452778 -0.00137754
v 0.00086947 -0.03460325 -0.00098839
v 0.00133786 -0.03459436 -0.00059619
v 0.00226593 -0.03432719 0.00019326
v 0.00272168 -0.03406026 0.00058767
v 0.00316942 -0.03371166 0.00097944
v 0.00402558 -0.03271458 0.00174493
v 0.00442889 -0.03208782 0.00211333
v 0.00480823 -0.03136624 0.00246637
v -0.00801486 0.02175916 -0.00546099
v -0.00808151 0.02171851 -0.00535936
v -0.00814470 0.02169080 -0.00525595
v -0.00282430 -0.03310400 -0.00203183
v -0.00254462 -0.03312837 -0.00245115
v -0.00224860 -0.03310617 -0.00286023
v -0.00033857 -0.03446454 -0.00142849
v -0.00059413 -0.03450812 -0.00108328
v -0.00083664 -0.03452091 -0.00072888
v -0.00996040 -0.01027884 -0.00661861
v -0.00964153 -0.01023705 -0.00708711
v -0.00930557 -0.01014578 -0.00754272
v -0.00846003 -0.01650494 -0.00710380
v -0.00881235 -0.01659119 -0.00661568
v -0.00914789 -0.01662800 -0.00611563
v -0.00898102 0.01640060 -0.00639313
v -0.00911441 0.01635333 -0.00620293
v -0.00924087 0.01632747 -0.00600797
v 0.00159159 -0.03457435 0.00006106
v 0.00138938 -0.03462054 0.00033238
v 0.00119736 -0.03463595 0.00061132
v -0.00726906 -0.02219450 -0.00637498
v -0.00762200 -0.02225770 -0.00587296
v -0.00797311 -0.02231675 -0.00537046
v -0.00964150 0.01015634 -0.00711618
v -0.00983911 0.01009886 -0.00684084
v -0.01002616 0.01006993 -0.00655772
v 0.00345762 -0.03331108 0.00154749
v 0.00331734 -0.03334318 0.00173486
v 0.00318413 -0.03335476 0.00192756
v -0.00577957 -0.02692340 -0.00538270
v -0.00613484 -0.02701338 -0.00490071
v -0.00646898 -0.02703851 -0.00440321
v -0.00991143 0.00344537 -0.00755161
v -0.01015960 0.00337251 -0.00719786
v -0.01039879 0.00333842 -0.00683769
v 0.00508259 -0.03058721 0.00289686
v 0.00500906 -0.03060893 0.00299627
v 0.00493868 -0.03061719 0.00309821
v -0.00408887 -0.03062981 -0.00420012
v -0.00441942 -0.03068810 -0.00374468
v -0.00473000 -0.03068158 -0.00327561
v -0.00980232 -0.00341546 -0.00769926
v -0.01010633 -0.00349909 -0.00729078
v -0.01039499 -0.00353828 -0.00687046
v -0.00779460 0.02094984 -0.00626081
v -0.00795027 0.01968774 -0.00659743
v -0.00808937 0.01833599 -0.00692663
v -0.00831116 0.01545846 -0.00754345
v -0.00839508 0.01396605 -0.00782824
v -0.00846420 0.01244588 -0.00809972
v -0.00853043 0.00929107 -0.00857506
v -0.00853037 0.00766995 -0.00878026
v -0.00850949 0.00602756 -0.00896428
v -0.00840631 0.00269796 -0.00926761
v -0.00832184 0.00101932 -0.00938336
v -0.00821461 -0.00066158 -0.00947337
v -0.00793832 -0.00400959 -0.00958104
v -0.00776943 -0.00566683 -0.00959763
v -0.00758515 -0.00731089 -0.00959497
v -0.00716693 -0.01054567 -0.00952614
v -0.00693236 -0.01212816 -0.00945821
v -0.00667975 -0.01367928 -0.00936567
v -0.00612813 -0.01668214 -0.00911499
v -0.00582917 -0.01812369 -0.00895563
v -0.00551853 -0.01952993 -0.00877845
v -0.00484733 -0.02215580 -0.00834340
v -0.00448917 -0.02336069 -0.00808643
v -0.00412175 -0.02450687 -0.00781143
v -0.00336840 -0.02666045 -0.00722273
v -0.00298324 -0.02767057 -0.00691027
v -0.00258950 -0.02860284 -0.00657814
v -0.00178270 -0.03023132 -0.00586192
v -0.00137249 -0.03092654 -0.00548098
v -0.00096022 -0.03156491 -0.00509048
v -0.00013058 -0.03267550 -0.00428264
v 0.00028607 -0.03309494 -0.00385947
v 0.00070180 -0.03341524 -0.00342478
v 0.00152652 -0.03381969 -0.00253325
v 0.00193404 -0.03390967 -0.00207881
v 0.00233693 -0.03391810 -0.00161937
v 0.00312832 -0.03372937 -0.00069089
v 0.00351424 -0.03352488 -0.00022390
v 0.00388979 -0.03323107 0.00024252
v -0.00937171 0.00370407 -0.00822280
v -0.00908022 0.00388890 -0.00853682
v -0.00877827 0.00411051 -0.00883786
v -0.00845570 -0.00264180 -0.00920368
v -0.00881326 -0.00290141 -0.00885142
v -0.00915692 -0.00311706 -0.00848203
v -0.00337370 -0.03032722 -0.00506424
v -0.00299152 -0.03008229 -0.00546936
v -0.00259558 -0.02978402 -0.00585606
v -0.00091227 -0.03244580 -0.00435731
v -0.00126669 -0.03269091 -0.00400614
v -0.00160843 -0.03288585 -0.00363905
v -0.00779357 -0.00927347 -0.00919838
v -0.00819362 -0.00956528 -0.00881090
v -0.00857884 -0.00980743 -0.00840427
v -0.00770731 0.02201036 -0.00583592
v -0.00778988 0.02193555 -0.00574804
v -0.00786913 0.02186946 -0.00565616
v 0.00080397 -0.03390998 -0.00269850
v 0.00050178 -0.03411576 -0.00240003
v 0.00021001 -0.03427152 -0.00208787
v -0.00684688 -0.01555586 -0.00885608
v -0.00727297 -0.01587180 -0.00844616
v -0.00768794 -0.01614288 -0.00802022
v -0.00837429 0.01677239 -0.00708692
v -0.00853405 0.01664822 -0.00692327
v -0.00869118 0.01654984 -0.00675467
v 0.00249087 -0.03406528 -0.00093375
v 0.00225392 -0.03424426 -0.00070005
v 0.00202493 -0.03439468 -0.00045597
v -0.00563778 -0.02125256 -0.00817546
v -0.00606855 -0.02156697 -0.00775257
v -0.00648095 -0.02181661 -0.00730657
v -0.00875129 0.01067960 -0.00812203
v -0.00898748 0.01050471 -0.00788605
v -0.00921467 0.01035857 -0.00763907
v 0.00408174 -0.03297363 0.00086004
v 0.00391671 -0.03308640 0.00102165
v 0.00375759 -0.03318174 0.00119040
v -0.00418066 -0.02596125 -0.00712964
v -0.00460178 -0.02627587 -0.00671924
v -0.00501097 -0.02655053 -0.00629280
v -0.00735981 0.02148930 -0.00661813
v -0.00743619 0.02033172 -0.00702484
v -0.00749031 0.01907343 -0.00742090
v -0.00753332 0.01635110 -0.00816004
v -0.00752910 0.01492858 -0.00850328
v -0.00751195 0.01347702 -0.00883248
v -0.00742125 0.01046695 -0.00942463
v -0.00734673 0.00891601 -0.00968404
v -0.00725341 0.00734160 -0.00991866
v -0.00701242 0.00414203 -0.01031283
v -0.00686434 0.00252523 -0.01046976
v -0.00669659 0.00090317 -0.01059628
v -0.00631813 -0.00233827 -0.01077923
v -0.00610359 -0.00394886 -0.01082727
v -0.00587679 -0.00554928 -0.01085301
v -0.00539059 -0.00871503 -0.01084315
v -0.00512657 -0.01026745 -0.01079697
v -0.00484924 -0.01179319 -0.01072274
v -0.00426279 -0.01476425 -0.01050321
v -0.00395160 -0.01619147 -0.01035017
v -0.00363104 -0.01757920 -0.01017229
v -0.00296366 -0.02021494 -0.00973988
v -0.00261976 -0.02146396 -0.00949032
v -0.00226791 -0.02264315 -0.00921081
v -0.00155071 -0.02482846 -0.00858757
v -0.00118783 -0.02584471 -0.00825033
v -0.00082254 -0.02680327 -0.00789506
v -0.00008742 -0.02854578 -0.00713441
v 0.00028106 -0.02930957 -0.00672626
v 0.00064887 -0.03000288 -0.00630193
v 0.00137786 -0.03114582 -0.00540433
v 0.00173643 -0.03158743 -0.00493325
v 0.00209131 -0.03197027 -0.00445374
v 0.00278858 -0.03255397 -0.00347036
v 0.00312674 -0.03271594 -0.00296376
v 0.00345739 -0.03279918 -0.00245001
v 0.00409692 -0.03276160 -0.00140770
v 0.00440377 -0.03263740 -0.00088156
v 0.00469822 -0.03242719 -0.00035438
v -0.00473138 -0.02044767 -0.00895068
v -0.00426602 -0.01999302 -0.00931555
v -0.00378711 -0.01947492 -0.00965088
v -0.00238679 -0.02430684 -0.00859937
v -0.00285247 -0.02479558 -0.00826431
v -0.00330595 -0.02522346 -0.00790340
v -0.00826086 0.01112181 -0.00856517
v -0.00800496 0.01138431 -0.00876891
v -0.00774267 0.01167285 -0.00896010
v -0.00748420 0.00535186 -0.00990230
v -0.00781925 0.00498907 -0.00965870
v -0.00814858 0.00466190 -0.00940129
v 0.00442631 -0.03268324 0.00055949
v 0.00460494 -0.03250635 0.00042132
v 0.00478855 -0.03231821 0.00029181
v -0.00090331 -0.02822088 -0.00723341
v -0.00134236 -0.02868515 -0.00692017
v -0.00177070 -0.02908793 -0.00658253
v -0.00692049 -0.00118397 -0.01043917
v -0.00731897 -0.00160990 -0.01015906
v -0.00770614 -0.00199483 -0.00985636
v 0.00061175 -0.03106606 -0.00559734
v 0.00021648 -0.03147180 -0.00531388
v -0.00016989 -0.03183578 -0.00501195
v -0.00608976 -0.00765545 -0.01056956
v -0.00653188 -0.00812885 -0.01025860
v -0.00696466 -0.00855799 -0.00992677
v -0.00735419 0.02240418 -0.00614316
v -0.00744467 0.02229120 -0.00607356
v -0.00753463 0.02218979 -0.00599942
v 0.00209918 -0.03266996 -0.00374236
v 0.00176390 -0.03303268 -0.00350462
v 0.00143561 -0.03335775 -0.00325068
v -0.00504145 -0.01384825 -0.01032114
v -0.00550902 -0.01434672 -0.00998648
v -0.00596635 -0.01479782 -0.00962996
v -0.00770002 0.01750418 -0.00767348
v -0.00787247 0.01728501 -0.00753653
v -0.00804297 0.01709032 -0.00739348
v 0.00351012 -0.03310515 -0.00175553
v 0.00324503 -0.03337424 -0.00156759
v 0.00298641 -0.03362318 -0.00136771
v -0.00690133 0.02226014 -0.00689416
v -0.00688412 0.02121725 -0.00734974
v -0.00684418 0.02007372 -0.00779497
v -0.00670306 0.01757063 -0.00862973
v -0.00660525 0.01624265 -0.00901306
v -0.00649439 0.01488270 -0.00937825
v -0.00623069 0.01207406 -0.01004482
v -0.00607846 0.01063111 -0.01034511
v -0.00591078 0.00916083 -0.01061930
v -0.00552866 0.00614668 -0.01108409
v -0.00531508 0.00461115 -0.01127281
v -0.00508785 0.00306417 -0.01143239
v -0.00459875 -0.00004319 -0.01167016
v -0.00433996 -0.00159658 -0.01175287
v -0.00407031 -0.00314529 -0.01180580
v -0.00349900 -0.00620755 -0.01181381
v -0.00319927 -0.00771056 -0.01176877
v -0.00289170 -0.00918889 -0.01169212
v -0.00226416 -0.01209142 -0.01148165
v -0.00194240 -0.01350247 -0.01133707
v -0.00161565 -0.01487817 -0.01116302
v -0.00095107 -0.01750687 -0.01072862
v -0.00061537 -0.01875578 -0.01047166
v -0.00027853 -0.01995422 -0.01018781
v 0.00039497 -0.02220733 -0.00955236
v 0.00073023 -0.02325757 -0.00920209
v 0.00106450 -0.02427487 -0.00883869
v 0.00172671 -0.02615030 -0.00805232
v 0.00205381 -0.02700986 -0.00763213
v 0.00237505 -0.02778536 -0.00718687
v 0.00299431 -0.02907336 -0.00623015
v 0.00329272 -0.02960916 -0.00572882
v 0.00358285 -0.03007316 -0.00521429
v 0.00414199 -0.03082953 -0.00415726
v 0.00440622 -0.03109077 -0.00361203
v 0.00465895 -0.03127111 -0.00305750
v 0.00513375 -0.03142965 -0.00193001
v 0.00535543 -0.03141257 -0.00136031
v 0.00556214 -0.03131137 -0.00078857
v 0.00708723 -0.02474298 0.00428959
v 0.00709917 -0.02476351 0.00425641
v 0.00711024 -0.02478959 0.00422339
v 0.00279210 -0.03189546 -0.00417459
v 0.00314723 -0.03146458 -0.00436586
v 0.00350547 -0.03099093 -0.00453777
v 0.00461649 -0.03177442 -0.00237594
v 0.00433430 -0.03214367 -0.00224132
v 0.00405596 -0.03249360 -0.00209311
v -0.00407520 -0.01269866 -0.01090876
v -0.00358142 -0.01205652 -0.01116401
v -0.00308278 -0.01137350 -0.01139413
v -0.00179696 -0.01696311 -0.01075731
v -0.00230189 -0.01764202 -0.01050990
v -0.00280625 -0.01831403 -0.01025785
v -0.00734281 0.01799478 -0.00792096
v -0.00715994 0.01826686 -0.00803218
v -0.00697183 0.01854895 -0.00813147
v -0.00664991 0.01307884 -0.00959792
v -0.00692790 0.01268991 -0.00945836
v -0.00720299 0.01232558 -0.00930487
v 0.00555521 -0.03139591 -0.00013501
v 0.00535955 -0.03165053 -0.00004253
v 0.00516566 -0.03188587 0.00005958
v -0.00044062 -0.02182881 -0.00967515
v -0.00093626 -0.02252009 -0.00944669
v -0.00142726 -0.02317091 -0.00919310
v -0.00608834 0.00714237 -0.01071049
v -0.00644307 0.00664547 -0.01053240
v -0.00679469 0.00618057 -0.01033866
v 0.00092631 -0.02590049 -0.00825319
v 0.00046039 -0.02653802 -0.00803207
v -0.00000055 -0.02714201 -0.00778916
v -0.00527093 0.00090031 -0.01137741
v -0.00568998 0.00032420 -0.01117087
v -0.00610600 -0.00021603 -0.01094699
v 0.00226410 -0.02907332 -0.00653808
v 0.00184241 -0.02962855 -0.00633382
v 0.00142528 -0.03013605 -0.00610640
v -0.00426161 -0.00535925 -0.01162354
v -0.00472746 -0.00599375 -0.01139254
v -0.00518693 -0.00658718 -0.01113700
v -0.00698950 0.02299992 -0.00638389
v -0.00708255 0.02282948 -0.00632890
v -0.00717426 0.02267386 -0.00627067
v -0.00640597 0.02312545 -0.00705680
v -0.00629427 0.02222653 -0.00754068
v -0.00615918 0.02122959 -0.00801381
v -0.00583576 0.01903547 -0.00890785
v -0.00565001 0.01785847 -0.00931987
v -0.00545145 0.01664156 -0.00971135
v -0.00501115 0.01408032 -0.01041730
v -0.00477380 0.01275157 -0.01073598
v -0.00452429 0.01139062 -0.01102690
v -0.00399354 0.00859240 -0.01152482
v -0.00371444 0.00716398 -0.01173278
v -0.00342676 0.00571961 -0.01191263
v -0.00282799 0.00279432 -0.01218800
v -0.00251820 0.00131989 -0.01228283
v -0.00220199 -0.00015733 -0.01234573
v -0.00155287 -0.00309733 -0.01236193
v -0.00122267 -0.00454819 -0.01231551
v -0.00089114 -0.00598392 -0.01224317
v -0.00022599 -0.00880874 -0.01203000
v 0.00010707 -0.01019173 -0.01188474
v 0.00043978 -0.01155366 -0.01171561
v 0.00110058 -0.01418250 -0.01128647
v 0.00142698 -0.01544452 -0.01102994
v 0.00174961 -0.01666781 -0.01074668
v 0.00238605 -0.01903118 -0.01012707
v 0.00269638 -0.02014550 -0.00977842
v 0.00300057 -0.02121265 -0.00940583
v 0.00358549 -0.02318105 -0.00858710
v 0.00386450 -0.02407662 -0.00814349
v 0.00413604 -0.02492533 -0.00768370
v 0.00464932 -0.02644281 -0.00670843
v 0.00489000 -0.02710903 -0.00619557
v 0.00511706 -0.02769929 -0.00566490
v 0.00552961 -0.02865677 -0.00456007
v 0.00571540 -0.02902922 -0.00399059
v 0.00588615 -0.02932585 -0.00341128
v 0.00619494 -0.02975770 -0.00223563
v 0.00632978 -0.02987951 -0.00164056
v 0.00644854 -0.02992678 -0.00104296
v 0.00662759 -0.02976021 0.00014906
v 0.00668390 -0.02953610 0.00073418
v 0.00671359 -0.02920520 0.00130309
v 0.00311574 -0.02783316 -0.00687538
v 0.00354143 -0.02714180 -0.00700449
v 0.00396925 -0.02643758 -0.00711498
v 0.00496495 -0.02882724 -0.00504216
v 0.00459762 -0.02940523 -0.00494405
v 0.00423109 -0.02995714 -0.00482674
v -0.00331451 -0.00397187 -0.01200388
v -0.00283638 -0.00322359 -0.01215229
v -0.00235769 -0.00244285 -0.01227482
v -0.00106377 -0.00826694 -0.01205344
v -0.00157005 -0.00909773 -0.01193090
v -0.00207573 -0.00989133 -0.01177685
v -0.00679177 0.02335110 -0.00647614
v -0.00668980 0.02352746 -0.00651212
v -0.00658884 0.02370996 -0.00654256
v -0.00620032 0.01981471 -0.00842580
v -0.00639585 0.01948276 -0.00836989
v -0.00659026 0.01916104 -0.00830219
v 0.00576019 -0.03005402 -0.00276667
v 0.00547289 -0.03051481 -0.00269137
v 0.00518706 -0.03096189 -0.00260154
v 0.00025842 -0.01378216 -0.01143057
v -0.00025656 -0.01462606 -0.01129938
v -0.00077151 -0.01544082 -0.01114498
v -0.00552204 0.01487786 -0.01001082
v -0.00580608 0.01439535 -0.00993048
v -0.00608800 0.01393105 -0.00983320
v 0.00634986 -0.03022107 -0.00040410
v 0.00614955 -0.03053279 -0.00035228
v 0.00595066 -0.03083608 -0.00029010
v 0.00156799 -0.01873751 -0.01035241
v 0.00106443 -0.01957114 -0.01022679
v 0.00056055 -0.02035930 -0.01006842
v -0.00463208 0.00938610 -0.01121777
v -0.00499930 0.00878953 -0.01112211
v -0.00536382 0.00821395 -0.01100264
v 0.00282158 -0.02302739 -0.00890780
v 0.00234600 -0.02380289 -0.00878360
v 0.00187062 -0.02454110 -0.00863260
v -0.00356201 0.00353273 -0.01197674
v -0.00399423 0.00283061 -0.01186849
v -0.00442374 0.00215581 -0.01173105
v -0.00591117 0.02409300 -0.00710197
v -0.00570705 0.02336466 -0.00759375
v -0.00547777 0.02253868 -0.00807387
v -0.00496705 0.02068402 -0.00898140
v -0.00469247 0.01967997 -0.00940414
v -0.00440292 0.01861299 -0.00979671
v -0.00379242 0.01634308 -0.01050499
v -0.00347402 0.01515040 -0.01082106
v -0.00315029 0.01393453 -0.01111959
v -0.00247959 0.01140000 -0.01162761
v -0.00213471 0.01008924 -0.01183550
v -0.00178459 0.00875331 -0.01201017
v -0.00107580 0.00603715 -0.01228604
v -0.00071810 0.00466103 -0.01238931
v -0.00035841 0.00327201 -0.01245864
v 0.00036188 0.00047445 -0.01249095
v 0.00071972 -0.00092360 -0.01245261
v 0.00107435 -0.00231436 -0.01237962
v 0.00177298 -0.00506601 -0.01215719
v 0.00211471 -0.00641919 -0.01200093
v 0.00245135 -0.00775609 -0.01182062
v 0.00310879 -0.01037837 -0.01139355
v 0.00342868 -0.01166023 -0.01114612
v 0.00374055 -0.01291500 -0.01087168
v 0.00433809 -0.01533411 -0.01024623
v 0.00462366 -0.01649745 -0.00989922
v 0.00490171 -0.01763432 -0.00953394
v 0.00542377 -0.01978643 -0.00873135
v 0.00566378 -0.02078648 -0.00829199
v 0.00588724 -0.02172594 -0.00782725
v 0.00628662 -0.02342922 -0.00683569
v 0.00646381 -0.02419717 -0.00631460
v 0.00662546 -0.02490689 -0.00577831
v 0.00690102 -0.02614671 -0.00466561
v 0.00701187 -0.02666467 -0.00409036
v 0.00710770 -0.02712552 -0.00350656
v 0.00724916 -0.02785536 -0.00231559
v 0.00729409 -0.02812111 -0.00171226
v 0.00732214 -0.02832145 -0.00110717
v 0.00732254 -0.02850475 0.00009908
v 0.00728630 -0.02845308 0.00069179
v 0.00722347 -0.02829555 0.00126849
v 0.00682145 -0.02859291 0.00183359
v 0.00692737 -0.02841411 0.00182443
v 0.00702880 -0.02821523 0.00181928
v 0.00376945 -0.02138378 -0.00907856
v 0.00423950 -0.02052060 -0.00912502
v 0.00470493 -0.01963068 -0.00914450
v 0.00567675 -0.02342058 -0.00734315
v 0.00525275 -0.02420623 -0.00731960
v 0.00482562 -0.02496874 -0.00727271
v -0.00270026 0.00501378 -0.01212252
v -0.00227222 0.00578734 -0.01215543
v -0.00184909 0.00658390 -0.01216853
v -0.00046148 0.00096320 -0.01250654
v -0.00093058 0.00007317 -0.01249010
v -0.00140353 -0.00079245 -0.01244274
v -0.00618551 0.02448801 -0.00660361
v -0.00628617 0.02428038 -0.00659640
v -0.00638710 0.02408289 -0.00658407
v 0.00641826 -0.02625938 -0.00523277
v 0.00605895 -0.02693459 -0.00521538
v 0.00569753 -0.02759461 -0.00517888
v 0.00093643 -0.00465849 -0.01228448
v 0.00044206 -0.00559815 -0.01226255
v -0.00005660 -0.00651373 -0.01221669
v -0.00542261 0.02125835 -0.00853938
v -0.00561569 0.02088050 -0.00852728
v -0.00581096 0.02051725 -0.00850593
v 0.00690554 -0.02805815 -0.00291596
v 0.00662050 -0.02857565 -0.00290140
v 0.00633463 -0.02908336 -0.00287181
v 0.00228983 -0.01007038 -0.01164159
v 0.00178657 -0.01102354 -0.01161617
v 0.00128220 -0.01197774 -0.01158990
v -0.00438251 0.01694885 -0.01016503
v -0.00466619 0.01641388 -0.01015225
v -0.00495134 0.01588976 -0.01012223
v 0.00714060 -0.02883296 -0.00050453
v 0.00694486 -0.02919662 -0.00049557
v 0.00674753 -0.02954987 -0.00047582
v 0.00355534 -0.01509724 -0.01057372
v 0.00306301 -0.01603697 -0.01055331
v 0.00256877 -0.01696757 -0.01051580
v -0.00317496 0.01198684 -0.01139557
v -0.00353473 0.01130493 -0.01137939
v -0.00389838 0.01064422 -0.01134544
v -0.00543953 0.02509479 -0.00702845
v -0.00514549 0.02456519 -0.00750716
v -0.00482392 0.02392797 -0.00797064
v -0.00413462 0.02244500 -0.00884698
v -0.00377276 0.02161044 -0.00925083
v -0.00340237 0.02072551 -0.00963287
v -0.00263680 0.01879155 -0.01031372
v -0.00224580 0.01776219 -0.01061750
v -0.00185065 0.01669734 -0.01089833
v -0.00104939 0.01446037 -0.01138523
v -0.00064443 0.01328550 -0.01158452
v -0.00023814 0.01207336 -0.01174949
v 0.00057383 0.00958536 -0.01201132
v 0.00097878 0.00831306 -0.01210921
v 0.00138244 0.00702311 -0.01218433
v 0.00217995 0.00438821 -0.01224272
v 0.00256913 0.00304775 -0.01221432
v 0.00294896 0.00169942 -0.01214477
v 0.00368081 -0.00099555 -0.01190967
v 0.00403363 -0.00233566 -0.01175370
v 0.00437687 -0.00366778 -0.01157235
v 0.00504106 -0.00630983 -0.01115450
v 0.00535759 -0.00761337 -0.01090902
v 0.00566004 -0.00889767 -0.01063402
v 0.00622347 -0.01140069 -0.01000664
v 0.00648288 -0.01261283 -0.00965554
v 0.00672891 -0.01379945 -0.00928394
v 0.00717534 -0.01608023 -0.00847664
v 0.00737127 -0.01716150 -0.00803863
v 0.00754472 -0.01819069 -0.00757589
v 0.00783799 -0.02011775 -0.00659853
v 0.00795873 -0.02101555 -0.00608735
v 0.00806196 -0.02186737 -0.00556244
v 0.00820243 -0.02339116 -0.00446812
v 0.00824178 -0.02406536 -0.00390364
v 0.00826161 -0.02468239 -0.00333016
v 0.00824631 -0.02575076 -0.00216262
v 0.00820921 -0.02619262 -0.00157150
v 0.00815058 -0.02656354 -0.00097855
v -0.00382443 0.01805296 -0.01014178
v -0.00355124 0.01861812 -0.01010455
v -0.00328417 0.01919684 -0.01005383
v -0.00178259 0.01485286 -0.01124457
v -0.00212204 0.01412278 -0.01131730
v -0.00246780 0.01339883 -0.01136553
v 0.00752252 -0.02806704 -0.00048973
v 0.00771062 -0.02767771 -0.00046618
v 0.00789376 -0.02727633 -0.00043182
v 0.00452736 -0.01316533 -0.01054454
v 0.00500683 -0.01217794 -0.01049700
v 0.00548174 -0.01117797 -0.01042819
v 0.00652473 -0.01592545 -0.00899347
v 0.00608045 -0.01687966 -0.00907021
v 0.00562759 -0.01781441 -0.00911981
v -0.00021943 0.00995841 -0.01199113
v -0.00061577 0.00909261 -0.01207229
v -0.00101994 0.00823807 -0.01212659
v 0.00731011 -0.02005375 -0.00719121
v 0.00691158 -0.02091832 -0.00726386
v 0.00650633 -0.02177042 -0.00731400
v 0.00135040 0.00472939 -0.01233118
v 0.00090850 0.00375940 -0.01240666
v 0.00045897 0.00280798 -0.01246353
v -0.00578786 0.02530001 -0.00656454
v -0.00588052 0.02509252 -0.00658122
v -0.00597877 0.02488863 -0.00659389
v 0.00780912 -0.02339987 -0.00510271
v 0.00746714 -0.02412574 -0.00516300
v 0.00712239 -0.02485000 -0.00520587
v 0.00285888 -0.00068884 -0.01214508
v 0.00238850 -0.00171117 -0.01221794
v 0.00191042 -0.00271435 -0.01226373
v -0.00466661 0.02282021 -0.00846664
v -0.00485120 0.02242301 -0.00850204
v -0.00503955 0.02203131 -0.00852671
v 0.00800052 -0.02582404 -0.00281352
v 0.00773541 -0.02640506 -0.00286326
v 0.00746378 -0.02697130 -0.00289689
v 0.00424344 -0.00604252 -0.01147794
v 0.00376496 -0.00707586 -0.01155550
v 0.00327607 -0.00808448 -0.01159696
v -0.00502346 0.02620053 -0.00685730
v -0.00464421 0.02585866 -0.00729984
v -0.00423849 0.02541230 -0.00772772
v -0.00338451 0.02429014 -0.00852615
v -0.00294726 0.02364972 -0.00889755
v -0.00250318 0.02295045 -0.00924589
v -0.00160019 0.02139874 -0.00987597
v -0.00114289 0.02054507 -0.01015444
v -0.00068316 0.01964424 -0.01040928
v 0.00024016 0.01769118 -0.01083698
v 0.00070136 0.01665181 -0.01101336
v 0.00116060 0.01557259 -0.01116301
v 0.00207063 0.01332437 -0.01139499
v 0.00252094 0.01216271 -0.01148077
v 0.00296425 0.01096445 -0.01153304
v 0.00382757 0.00848722 -0.01155016
v 0.00424272 0.00721080 -0.01150819
v 0.00464357 0.00591395 -0.01142974
v 0.00541533 0.00329464 -0.01120653
v 0.00578438 0.00197436 -0.01105985
v 0.00614431 0.00064987 -0.01089510
v 0.00681120 -0.00200410 -0.01047203
v 0.00712122 -0.00332612 -0.01022334
v 0.00741627 -0.00464193 -0.00995272
v 0.00794936 -0.00723740 -0.00933522
v 0.00818084 -0.00850444 -0.00898456
v 0.00839623 -0.00975402 -0.00861668
v 0.00876728 -0.01218101 -0.00782126
v 0.00892512 -0.01335742 -0.00739799
v 0.00905980 -0.01449976 -0.00695522
v 0.00925455 -0.01666227 -0.00601402
v 0.00932123 -0.01768877 -0.00552315
v 0.00936730 -0.01867633 -0.00501999
v 0.00938438 -0.02049944 -0.00397482
v 0.00935716 -0.02133330 -0.00343685
v 0.00930928 -0.02211948 -0.00289162
v 0.00914998 -0.02353820 -0.00178301
v 0.00903650 -0.02415959 -0.00122267
v 0.00889857 -0.02471139 -0.00066150
v 0.00855766 -0.02561062 0.00045169
v 0.00835342 -0.02594141 0.00099604
v 0.00812337 -0.02616975 0.00152420
v 0.00377050 0.00140352 -0.01191337
v 0.00420622 0.00246621 -0.01174676
v 0.00462845 0.00353580 -0.01155298
v 0.00606638 -0.00177168 -0.01091533
v 0.00562552 -0.00285609 -0.01109265
v 0.00517738 -0.00393286 -0.01125244
v -0.00430994 0.02362639 -0.00836345
v -0.00413930 0.02403886 -0.00829729
v -0.00397491 0.02446064 -0.00822280
v -0.00228351 0.02158566 -0.00969660
v -0.00252183 0.02097664 -0.00980695
v -0.00276824 0.02037338 -0.00990281
v 0.00851797 -0.02465335 -0.00266942
v 0.00876424 -0.02405187 -0.00257379
v 0.00900473 -0.02345108 -0.00246378
v 0.00857866 -0.02561264 -0.00018880
v 0.00841616 -0.02603735 -0.00026510
v 0.00824457 -0.02644738 -0.00033107
v 0.00728282 -0.00702032 -0.00987528
v 0.00685042 -0.00807900 -0.01005571
v 0.00640647 -0.00912845 -0.01021014
v -0.00051480 0.01790240 -0.01078876
v -0.00081744 0.01711995 -0.01092441
v -0.00112981 0.01635225 -0.01104743
v 0.00820294 -0.01198555 -0.00843197
v 0.00780117 -0.01298580 -0.00861099
v 0.00738781 -0.01397947 -0.00876567
v 0.00127126 0.01354225 -0.01146818
v 0.00091427 0.01263416 -0.01163097
v 0.00054632 0.01173413 -0.01177378
v 0.00881820 -0.01650330 -0.00667659
v 0.00845622 -0.01740183 -0.00683873
v 0.00808226 -0.01829130 -0.00697755
v 0.00301680 0.00872797 -0.01176852
v 0.00261771 0.00771586 -0.01194821
v 0.00220632 0.00671073 -0.01210282
v -0.00544778 0.02617582 -0.00644814
v -0.00553012 0.02593939 -0.00648469
v -0.00561269 0.02571085 -0.00651500
v 0.00909300 -0.02038597 -0.00466211
v 0.00878544 -0.02114980 -0.00480115
v 0.00847000 -0.02191199 -0.00492205
v -0.00464736 0.02728065 -0.00656839
v -0.00420403 0.02715132 -0.00696229
v -0.00373372 0.02691995 -0.00734195
v -0.00275090 0.02621685 -0.00804422
v -0.00224905 0.02576931 -0.00836543
v -0.00174143 0.02525738 -0.00866517
v -0.00071354 0.02406508 -0.00920615
v -0.00019531 0.02337052 -0.00943982
v 0.00032298 0.02262004 -0.00965054
v 0.00135265 0.02095869 -0.00999963
v 0.00186147 0.02005507 -0.01013837
v 0.00236618 0.01911404 -0.01025768
v 0.00335969 0.01710799 -0.01042921
v 0.00384578 0.01604220 -0.01047836
v 0.00431945 0.01492590 -0.01049420
v 0.00522842 0.01258442 -0.01044241
v 0.00566309 0.01137127 -0.01037909
v 0.00608208 0.01013145 -0.01028903
v 0.00688610 0.00760431 -0.01005520
v 0.00726983 0.00631712 -0.00991019
v 0.00763815 0.00501347 -0.00974288
v 0.00831078 0.00236212 -0.00932581
v 0.00860918 0.00102358 -0.00907385
v 0.00889163 -0.00031608 -0.00880542
v 0.00938807 -0.00298874 -0.00820249
v 0.00960438 -0.00431591 -0.00787273
v 0.00980132 -0.00563483 -0.00752692
v 0.01012462 -0.00823201 -0.00678110
v 0.01024597 -0.00950023 -0.00638022
v 0.01034268 -0.01074559 -0.00596400
v 0.01045490 -0.01314794 -0.00508636
v 0.01047855 -0.01430918 -0.00463141
v 0.01047888 -0.01543922 -0.00416588
v 0.01040697 -0.01759297 -0.00320570
v 0.01032467 -0.01859392 -0.00271034
v 0.01022036 -0.01955486 -0.00220936
v 0.00993652 -0.02132933 -0.00119256
v 0.00975422 -0.02212798 -0.00068012
v 0.00954585 -0.02286072 -0.00016862
v 0.00950011 -0.01468623 -0.00628265
v 0.00981711 -0.01377198 -0.00605151
v 0.01011944 -0.01286114 -0.00580012
v 0.01020799 -0.01730168 -0.00391976
v 0.00994705 -0.01807129 -0.00413195
v 0.00967384 -0.01884321 -0.00432672
v 0.00376998 0.01075263 -0.01132358
v 0.00412335 0.01176335 -0.01106499
v 0.00445998 0.01276904 -0.01078297
v 0.00615310 0.00781748 -0.01050417
v 0.00579727 0.00675117 -0.01080289
v 0.00542403 0.00568042 -0.01107788
v -0.00528257 0.02664563 -0.00635305
v -0.00520309 0.02687128 -0.00629628
v -0.00512718 0.02709059 -0.00623444
v -0.00337928 0.02617491 -0.00782622
v -0.00351823 0.02574247 -0.00793910
v -0.00366347 0.02530894 -0.00804208
v 0.00989249 -0.02106104 -0.00188260
v 0.00968556 -0.02166068 -0.00204917
v 0.00946660 -0.02225613 -0.00220142
v 0.00764119 0.00260851 -0.00987676
v 0.00727511 0.00151567 -0.01017789
v 0.00689149 0.00041913 -0.01045449
v -0.00142104 0.02406738 -0.00912199
v -0.00162243 0.02344247 -0.00928487
v -0.00183315 0.02281585 -0.00943358
v 0.00917852 -0.02393725 0.00021483
v 0.00903841 -0.02435547 0.00009960
v 0.00889161 -0.02477508 -0.00000625
v 0.00881712 -0.00272142 -0.00883943
v 0.00846392 -0.00379565 -0.00914098
v 0.00808823 -0.00487208 -0.00941327
v 0.00059292 0.02103985 -0.01006366
v 0.00033325 0.02026333 -0.01027434
v 0.00006130 0.01947844 -0.01046466
v 0.00965574 -0.00794636 -0.00746434
v 0.00931755 -0.00895585 -0.00774246
v 0.00896145 -0.00996681 -0.00799639
v 0.00257615 0.01722505 -0.01062311
v 0.00227048 0.01630662 -0.01086705
v 0.00195033 0.01538295 -0.01108810
v -0.00435136 0.02828537 -0.00619283
v -0.00385283 0.02835910 -0.00651624
v -0.00332789 0.02834191 -0.00682719
v -0.00223901 0.02806543 -0.00739847
v -0.00168615 0.02782601 -0.00765838
v -0.00112800 0.02750320 -0.00789591
v -0.00000221 0.02662524 -0.00830478
v 0.00056167 0.02608305 -0.00847761
v 0.00112362 0.02547617 -0.00862896
v 0.00223501 0.02409126 -0.00887026
v 0.00278346 0.02333123 -0.00896525
v 0.00332491 0.02251664 -0.00903894
v 0.00438448 0.02074175 -0.00912663
v 0.00489485 0.01976133 -0.00912973
v 0.00538948 0.01872451 -0.00910565
v 0.00634209 0.01654726 -0.00900299
v 0.00679629 0.01540352 -0.00892109
v 0.00723226 0.01422133 -0.00881613
v 0.00804934 0.01176167 -0.00854327
v 0.00843518 0.01049826 -0.00838262
v 0.00880088 0.00920908 -0.00820173
v 0.00946823 0.00656578 -0.00778091
v 0.00976251 0.00521493 -0.00753755
v 0.01003506 0.00385335 -0.00727768
v 0.01051991 0.00110871 -0.00671475
v 0.01072987 -0.00027115 -0.00641128
v 0.01090670 -0.00165169 -0.00608755
v 0.01117997 -0.00439871 -0.00539580
v 0.01128066 -0.00576060 -0.00503179
v 0.01135912 -0.00711302 -0.00465728
v 0.01143536 -0.00977180 -0.00387377
v 0.01142752 -0.01106687 -0.00346491
v 0.01139081 -0.01233537 -0.00304685
v 0.01122422 -0.01476976 -0.00218636
v 0.01109562 -0.01592835 -0.00174697
v 0.01094090 -0.01704842 -0.00130380
v 0.01055318 -0.01915982 -0.00041022
v 0.01031919 -0.02013947 0.00003714
v 0.01005687 -0.02105564 0.00048183
v 0.01027486 -0.00594407 -0.00683918
v 0.01055901 -0.00495951 -0.00649715
v 0.01081823 -0.00398596 -0.00613224
v 0.01118973 -0.00931300 -0.00461367
v 0.01094615 -0.01018444 -0.00493733
v 0.01068550 -0.01106687 -0.00524306
v 0.00314057 0.01903414 -0.01006934
v 0.00339889 0.01992713 -0.00976502
v 0.00363866 0.02080102 -0.00943909
v 0.00562986 0.01670769 -0.00944866
v 0.00536701 0.01574501 -0.00981476
v 0.00508362 0.01476526 -0.01015943
v -0.00486564 0.02791470 -0.00594264
v -0.00492350 0.02771149 -0.00602084
v -0.00498690 0.02750868 -0.00609615
v 0.01112963 -0.01429956 -0.00291090
v 0.01091936 -0.01503661 -0.00318639
v 0.01069415 -0.01578204 -0.00344636
v 0.00738725 0.01198987 -0.00908879
v 0.00710770 0.01096438 -0.00947294
v 0.00680775 0.00992470 -0.00983644
v -0.00289013 0.02784316 -0.00727944
v -0.00300153 0.02743875 -0.00742950
v -0.00312075 0.02702743 -0.00757158
v 0.01061359 -0.01870576 -0.00108705
v 0.01045181 -0.01928810 -0.00130462
v 0.01027623 -0.01987362 -0.00150991
v 0.00888904 0.00687224 -0.00841943
v 0.00860360 0.00582394 -0.00881115
v 0.00830988 0.00476851 -0.00919568
v -0.00071600 0.02652034 -0.00834042
v -0.00087660 0.02591900 -0.00855486
v -0.00104792 0.02531075 -0.00875769
v 0.00967102 -0.02231138 0.00076420
v 0.00955763 -0.02270649 0.00061411
v 0.00943912 -0.02311349 0.00047242
v 0.01003124 0.00147293 -0.00740824
v 0.00975429 0.00044486 -0.00779406
v 0.00946325 -0.00059817 -0.00816504
v 0.00149335 0.02408171 -0.00905289
v 0.00128985 0.02333555 -0.00932991
v 0.00107185 0.02257925 -0.00959161
v -0.00414500 0.02922657 -0.00574125
v -0.00360789 0.02947558 -0.00598028
v -0.00304388 0.02964012 -0.00620709
v -0.00187655 0.02972992 -0.00661381
v -0.00128391 0.02964455 -0.00678795
v -0.00068814 0.02947220 -0.00694213
v 0.00050500 0.02888539 -0.00719333
v 0.00109892 0.02848875 -0.00729342
v 0.00168894 0.02802688 -0.00737652
v 0.00285073 0.02691141 -0.00749026
v 0.00342073 0.02626736 -0.00752252
v 0.00398437 0.02557855 -0.00754175
v 0.00508608 0.02403489 -0.00753123
v 0.00561787 0.02316418 -0.00749555
v 0.00613248 0.02222483 -0.00743747
v 0.00711380 0.02019368 -0.00726834
v 0.00757812 0.01910711 -0.00715778
v 0.00802354 0.01797647 -0.00703025
v 0.00886066 0.01560491 -0.00673058
v 0.00924925 0.01436485 -0.00655761
v 0.00961938 0.01309537 -0.00637136
v 0.01028603 0.01045768 -0.00595049
v 0.01057443 0.00909149 -0.00571365
v 0.01083068 0.00770045 -0.00546014
v 0.01127371 0.00488069 -0.00492092
v 0.01146217 0.00345684 -0.00463695
v 0.01163056 0.00202603 -0.00434466
v 0.01189315 -0.00085290 -0.00373129
v 0.01198811 -0.00229661 -0.00341153
v 0.01205677 -0.00374001 -0.00308314
v 0.01210146 -0.00660838 -0.00240017
v 0.01207013 -0.00802044 -0.00204629
v 0.01200774 -0.00941368 -0.00168670
v 0.01179020 -0.01212743 -0.00095450
v 0.01163514 -0.01343934 -0.00058400
v 0.01144987 -0.01471614 -0.00021205
v 0.01098441 -0.01713881 0.00053145
v 0.01070850 -0.01827711 0.00089973
v 0.01040912 -0.01936504 0.00126353
v -0.00042763 0.02765387 -0.00786692
v -0.00030172 0.02819313 -0.00761325
v -0.00018928 0.02871353 -0.00734953
v 0.00215139 0.02686403 -0.00779084
v 0.00201160 0.02620255 -0.00812726
v 0.00185511 0.02552096 -0.00845162
v 0.00986639 -0.02152566 0.00108690
v 0.00995302 -0.02114875 0.00125921
v 0.01002878 -0.02077665 0.00143789
v 0.01052371 0.00347629 -0.00658069
v 0.01073148 0.00444448 -0.00613692
v 0.01091100 0.00538519 -0.00567433
v 0.01162807 -0.00027847 -0.00449097
v 0.01146466 -0.00117229 -0.00492774
v 0.01127132 -0.00208968 -0.00534626
v 0.00440104 0.02408227 -0.00795521
v 0.00424091 0.02329867 -0.00835062
v 0.00406080 0.02249189 -0.00873175
v 0.01195571 -0.00596666 -0.00314845
v 0.01179377 -0.00677550 -0.00353724
v 0.01161360 -0.00760539 -0.00391229
v 0.00647622 0.02037990 -0.00781206
v 0.00629748 0.01949646 -0.00824661
v 0.00609473 0.01858287 -0.00866245
v -0.00467874 0.02869467 -0.00559000
v -0.00471850 0.02850095 -0.00568418
v -0.00476228 0.02830301 -0.00577366
v 0.01179776 -0.01146051 -0.00166564
v 0.01165949 -0.01215159 -0.00199700
v 0.01150022 -0.01285497 -0.00231538
v 0.00828464 0.01589390 -0.00736151
v 0.00809704 0.01495717 -0.00782210
v 0.00788563 0.01399418 -0.00826564
v -0.00252995 0.02936570 -0.00660379
v -0.00260669 0.02900493 -0.00678421
v -0.00269222 0.02862620 -0.00695623
v 0.01113500 -0.01647597 -0.00010845
v 0.01102316 -0.01701411 -0.00036812
v 0.01089785 -0.01756446 -0.00061811
v 0.00980077 0.01086196 -0.00665508
v 0.00961395 0.00990594 -0.00712738
v 0.00939474 0.00891562 -0.00757645
v -0.00403042 0.03005130 -0.00522388
v -0.00347594 0.03046565 -0.00536848
v -0.00289306 0.03078721 -0.00549871
v -0.00168700 0.03119441 -0.00571794
v -0.00107456 0.03126141 -0.00580220
v -0.00045922 0.03124064 -0.00587012
v 0.00077119 0.03092522 -0.00595437
v 0.00138237 0.03065641 -0.00597508
v 0.00198830 0.03031146 -0.00598074
v 0.00317511 0.02938525 -0.00594403
v 0.00375710 0.02884457 -0.00590963
v 0.00433357 0.02826700 -0.00586761
v 0.00545787 0.02692382 -0.00574464
v 0.00599531 0.02612433 -0.00565606
v 0.00651356 0.02524741 -0.00555055
v 0.00749685 0.02331959 -0.00530033
v 0.00796841 0.02229876 -0.00516205
v 0.00842716 0.02124186 -0.00501545
v 0.00926576 0.01893657 -0.00467667
v 0.00964585 0.01770495 -0.00448771
v 0.01000437 0.01643707 -0.00428936
v 0.01068131 0.01383616 -0.00387557
v 0.01098799 0.01248705 -0.00365574
v 0.01125792 0.01109319 -0.00342310
v 0.01169333 0.00820896 -0.00292728
v 0.01187333 0.00674067 -0.00267000
v 0.01202944 0.00525885 -0.00240734
v 0.01227625 0.00226332 -0.00186831
v 0.01236610 0.00075145 -0.00159219
v 0.01242748 -0.00076801 -0.00131129
v 0.01244954 -0.00381284 -0.00073657
v 0.01240577 -0.00532638 -0.00044447
v 0.01232827 -0.00682741 -0.00015078
v 0.01208346 -0.00978034 0.00043780
v 0.01191401 -0.01122238 0.00073108
v 0.01171127 -0.01263315 0.00102233
v 0.01121075 -0.01534311 0.00159482
v 0.01091956 -0.01663682 0.00187425
v 0.01060270 -0.01788141 0.00214737
v 0.00990353 -0.02021299 0.00267141
v 0.00951604 -0.02126567 0.00291643
v 0.00910344 -0.02221684 0.00314515
v 0.00859213 0.01769023 -0.00639835
v 0.00870781 0.01853839 -0.00589540
v 0.00879745 0.01934942 -0.00538002
v 0.01030433 0.01438155 -0.00462774
v 0.01022402 0.01356274 -0.00515706
v 0.01010532 0.01269120 -0.00566846
v -0.00240776 0.03007333 -0.00622814
v -0.00236099 0.03040817 -0.00603012
v -0.00232323 0.03072861 -0.00582582
v 0.00011534 0.03066572 -0.00621824
v 0.00006057 0.03019594 -0.00651127
v -0.00000811 0.02970970 -0.00679708
v 0.01131635 -0.01544096 0.00043730
v 0.01138414 -0.01494524 0.00072185
v 0.01143812 -0.01446797 0.00101325
v 0.01023732 -0.01939342 0.00220924
v 0.01020145 -0.01972529 0.00200922
v 0.01015329 -0.02006434 0.00181337
v 0.01141468 0.00886640 -0.00369863
v 0.01131541 0.00803710 -0.00420735
v 0.01119566 0.00717838 -0.00470534
v 0.00253383 0.02930839 -0.00634671
v 0.00246410 0.02871764 -0.00671792
v 0.00237743 0.02811612 -0.00708362
v 0.01208950 0.00301617 -0.00262905
v 0.01200174 0.00223676 -0.00310983
v 0.01189597 0.00142726 -0.00358098
v 0.00484275 0.02697775 -0.00626103
v 0.00476187 0.02628870 -0.00669843
v 0.00466039 0.02557161 -0.00712605
v 0.01239474 -0.00297022 -0.00147021
v 0.01231629 -0.00367943 -0.00190595
v 0.01221424 -0.00441551 -0.00233113
v 0.00694972 0.02357919 -0.00592616
v 0.00686706 0.02283074 -0.00641565
v 0.00676306 0.02205509 -0.00689670
v -0.00456263 0.02939128 -0.00517594
v -0.00458529 0.02923330 -0.00528395
v -0.00461138 0.02905966 -0.00538854
v 0.01217231 -0.00889596 -0.00023548
v 0.01210549 -0.00950348 -0.00060684
v 0.01202106 -0.01013473 -0.00096963
v -0.00591121 0.02741138 -0.00403482
v -0.00589869 0.02739207 -0.00407157
v -0.00588825 0.02737014 -0.00410875
v -0.00400961 0.03070901 -0.00467328
v -0.00345258 0.03124768 -0.00471223
v -0.00286876 0.03171007 -0.00473872
v -0.00165838 0.03237082 -0.00475168
v -0.00104488 0.03258165 -0.00474076
v -0.00042834 0.03269600 -0.00471596
v 0.00080415 0.03266828 -0.00462992
v 0.00141632 0.03252535 -0.00456871
v 0.00202422 0.03230678 -0.00449687
v 0.00321843 0.03160333 -0.00431628
v 0.00379872 0.03110594 -0.00420614
v 0.00436746 0.03053687 -0.00408647
v 0.00548022 0.02927356 -0.00383078
v 0.00602170 0.02856561 -0.00369300
v 0.00654395 0.02776992 -0.00354392
v 0.00752758 0.02595062 -0.00321715
v 0.00799192 0.02495395 -0.00304312
v 0.00844053 0.02391256 -0.00286375
v 0.00928211 0.02168170 -0.00248748
v 0.00966875 0.02048483 -0.00228994
v 0.01003199 0.01923916 -0.00208700
v 0.01069953 0.01663640 -0.00166906
v 0.01100742 0.01528799 -0.00145506
v 0.01129194 0.01390121 -0.00123715
v 0.01177430 0.01100882 -0.00079007
v 0.01196587 0.00950794 -0.00056202
v 0.01212178 0.00797707 -0.00033205
v 0.01235308 0.00486249 0.00013007
v 0.01243042 0.00328515 0.00036144
v 0.01248772 0.00169827 0.00059283
v 0.01249989 -0.00149946 0.00105221
v 0.01245153 -0.00309879 0.00127831
v 0.01236717 -0.00469021 0.00150086
v 0.01210332 -0.00783216 0.00193375
v 0.01192754 -0.00937578 0.00214333
v 0.01171630 -0.01089002 0.00234633
v 0.01121725 -0.01383682 0.00273548
v 0.01092846 -0.01525756 0.00291987
v 0.01061603 -0.01663654 0.00309669
v 0.01250046 -0.00164364 -0.00057349
v 0.01252639 -0.00102818 -0.00011385
v 0.01253094 -0.00044590 0.00035221
v 0.01226913 -0.00673600 0.00131828
v 0.01227280 -0.00723437 0.00092147
v 0.01225487 -0.00775951 0.00052945
v 0.00705750 0.02501416 -0.00493010
v 0.00707792 0.02568306 -0.00442136
v 0.00707510 0.02631442 -0.00390635
v 0.00889756 0.02218920 -0.00322769
v 0.00890289 0.02152350 -0.00377275
v 0.00889317 0.02083992 -0.00431600
v -0.00453213 0.02968519 -0.00495534
v -0.00452515 0.02982457 -0.00484395
v -0.00452217 0.02994968 -0.00473075
v -0.00225939 0.03184181 -0.00496919
v -0.00226173 0.03159071 -0.00518681
v -0.00227362 0.03132375 -0.00540313
v 0.01150248 -0.01275367 0.00223085
v 0.01150923 -0.01315076 0.00192030
v 0.01150186 -0.01357087 0.00161344
v 0.01041466 0.01732915 -0.00244236
v 0.01042048 0.01664592 -0.00299806
v 0.01038842 0.01590231 -0.00354277
v 0.00020153 0.03235332 -0.00499345
v 0.00020028 0.03196874 -0.00530658
v 0.00018518 0.03155403 -0.00561491
v 0.01029034 -0.01821980 0.00304811
v 0.01029035 -0.01848816 0.00283341
v 0.01028265 -0.01877572 0.00262202
v 0.01156617 0.01182582 -0.00156592
v 0.01156352 0.01114150 -0.00211086
v 0.01153822 0.01041996 -0.00264892
v 0.00264240 0.03151889 -0.00481097
v 0.00264041 0.03099118 -0.00520155
v 0.00262189 0.03044672 -0.00558811
v 0.01226711 0.00581868 -0.00062180
v 0.01225510 0.00516954 -0.00113585
v 0.01221744 0.00448359 -0.00164187
v 0.00494941 0.02938518 -0.00442896
v 0.00495454 0.02883481 -0.00489604
v 0.00493871 0.02824988 -0.00535800
v -0.00409774 0.03124360 -0.00411247
v -0.00355726 0.03188741 -0.00404625
v -0.00298776 0.03243527 -0.00396362
v -0.00180841 0.03327371 -0.00376450
v -0.00121060 0.03356510 -0.00365077
v -0.00061009 0.03378671 -0.00352939
v 0.00059492 0.03397147 -0.00325916
v 0.00119563 0.03392839 -0.00311064
v 0.00179296 0.03380460 -0.00295486
v 0.00296733 0.03327447 -0.00262031
v 0.00353975 0.03286653 -0.00244245
v 0.00410112 0.03237695 -0.00225909
v 0.00518819 0.03117604 -0.00187863
v 0.00571599 0.03049086 -0.00168364
v 0.00623094 0.02974202 -0.00148534
v 0.00721277 0.02803646 -0.00107942
v 0.00767356 0.02707083 -0.00087237
v 0.00811810 0.02605269 -0.00066396
v 0.00895294 0.02385365 -0.00024382
v 0.00933823 0.02266721 -0.00003275
v 0.00970475 0.02143520 0.00017840
v 0.01037541 0.01883265 0.00059961
v 0.01068259 0.01747316 0.00080930
v 0.01096484 0.01606779 0.00101761
v 0.01144472 0.01312465 0.00142723
v 0.01164082 0.01159556 0.00162728
v 0.01180040 0.01002858 0.00182240
v 0.01203958 0.00682880 0.00220005
v 0.01211966 0.00520266 0.00238205
v 0.01217541 0.00356355 0.00255951
v 0.01220371 0.00025403 0.00289764
v 0.01216465 -0.00140858 0.00305475
v 0.01209063 -0.00306790 0.00320315
v 0.01184247 -0.00635341 0.00347267
v 0.01168020 -0.00797529 0.00359618
v 0.01148852 -0.00957626 0.00371056
v 0.01102484 -0.01270388 0.00391265
v 0.01075565 -0.01422192 0.00400016
v 0.01046088 -0.01569827 0.00407736
v 0.01220905 0.00699557 0.00042414
v 0.01213915 0.00751918 0.00095249
v 0.01204628 0.00799994 0.00148253
v 0.01231349 0.00151940 0.00225355
v 0.01240229 0.00108563 0.00177543
v 0.01246790 0.00061257 0.00129821
v 0.00488651 0.03043543 -0.00349054
v 0.00482787 0.03092839 -0.00301900
v 0.00474821 0.03138060 -0.00254493
v 0.00683921 0.02846295 -0.00181027
v 0.00692608 0.02796270 -0.00233567
v 0.00699697 0.02744760 -0.00286135
v -0.00457333 0.03042141 -0.00427689
v -0.00455312 0.03031865 -0.00439254
v -0.00453660 0.03019904 -0.00450571
v 0.01207211 -0.00505387 0.00293481
v 0.01214986 -0.00542622 0.00252860
v 0.01220746 -0.00583078 0.00212281
v 0.00865792 0.02449456 -0.00101259
v 0.00875542 0.02398724 -0.00157081
v 0.00882553 0.02342647 -0.00212646
v -0.00235319 0.03271276 -0.00409031
v -0.00231489 0.03252253 -0.00431244
v -0.00228561 0.03230354 -0.00453172
v 0.01134206 -0.01141955 0.00349694
v 0.01140005 -0.01171158 0.00317772
v 0.01144625 -0.01203167 0.00285992
v 0.01017550 0.01968753 -0.00018116
v 0.01027746 0.01917435 -0.00075135
v 0.01034925 0.01860498 -0.00131928
v 0.00006277 0.03366017 -0.00371971
v 0.00011912 0.03337498 -0.00404082
v 0.00016113 0.03306137 -0.00436064
v 0.01018942 -0.01730729 0.00392296
v 0.01022809 -0.01750739 0.00370237
v 0.01025864 -0.01772785 0.00348298
v 0.01133730 0.01414858 0.00066142
v 0.01143344 0.01363661 0.00009994
v 0.01150294 0.01307686 -0.00045944
v 0.00247155 0.03324582 -0.00319897
v 0.00254104 0.03287159 -0.00360642
v 0.00259270 0.03246044 -0.00401203
v -0.00587050 0.02731245 -0.00418267
v -0.00586467 0.02728048 -0.00421993
v -0.00585897 0.02724098 -0.00425631
v 0.00713846 -0.02491435 0.00408964
v 0.00713350 -0.02487852 0.00412292
v 0.00712703 -0.02484533 0.00415630
v -0.00584605 0.02702840 -0.00439460
v -0.00584746 0.02708742 -0.00436105
v -0.00585062 0.02714463 -0.00432712
v 0.00714354 -0.02499181 0.00402343
v 0.00714357 -0.02503302 0.00399061
v 0.00714202 -0.02507611 0.00395814
v -0.00585493 0.02692623 -0.00446353
v -0.00586354 0.02687944 -0.00449797
v -0.00587256 0.02682764 -0.00453159
v 0.00713488 -0.02517100 0.00389511
v 0.00712993 -0.02522538 0.00386520
v 0.00712253 -0.02527704 0.00383524
v -0.00589695 0.02672149 -0.00459648
v -0.00591147 0.02666533 -0.00462715
v -0.00592694 0.02660652 -0.00465648
v 0.00710244 -0.02538089 0.00377698
v 0.00708967 -0.02543238 0.00374873
v 0.00707784 -0.02549579 0.00372333
v -0.00596438 0.02649423 -0.00471246
v -0.00598590 0.02643804 -0.00473903
v -0.00600756 0.02637438 -0.00476389
v 0.00701307 -0.02573996 0.00362940
v 0.00703112 -0.02567752 0.00365107
v 0.00704797 -0.02561592 0.00367398
v -0.00609252 0.02605642 -0.00483876
v -0.00607102 0.02613897 -0.00482357
v -0.00604999 0.02622211 -0.00480631
v 0.00697228 -0.02586137 0.00358903
v 0.00695191 -0.02593005 0.00357227
v 0.00692959 -0.02599482 0.00355618
v -0.00614004 0.02590763 -0.00486568
v -0.00616824 0.02584625 -0.00487852
v -0.00619605 0.02578001 -0.00488993
v 0.00688181 -0.02612325 0.00352827
v 0.00685661 -0.02618715 0.00351660
v 0.00683061 -0.02625066 0.00350650
v -0.00626085 0.02567271 -0.00491005
v -0.00629346 0.02561446 -0.00491726
v -0.00632849 0.02556419 -0.00492308
v 0.00677647 -0.02637585 0.00349111
v 0.00674845 -0.02643724 0.00348586
v 0.00671999 -0.02649786 0.00348229
v -0.00639585 0.02544490 -0.00492733
v -0.00642980 0.02538643 -0.00492630
v -0.00646351 0.02532794 -0.00492308
v 0.00660194 -0.02672679 0.00348446
v 0.00663204 -0.02667230 0.00348154
v 0.00666186 -0.02661614 0.00348026
v -0.00659275 0.02509706 -0.00488982
v -0.00656038 0.02514896 -0.00490057
v -0.00652923 0.02520994 -0.00491016
v 0.00654197 -0.02683322 0.00349578
v 0.00651205 -0.02688411 0.00350399
v 0.00648075 -0.02692758 0.00351273
v -0.00665661 0.02500067 -0.00486407
v -0.00668888 0.02495709 -0.00484896
v -0.00672154 0.02491766 -0.00483216
v 0.00642193 -0.02702059 0.00353748
v 0.00639241 -0.02706187 0.00355180
v 0.00636416 -0.02710401 0.00356829
v -0.00678423 0.02484006 -0.00479234
v -0.00681325 0.02480196 -0.00476980
v -0.00684128 0.02476783 -0.00474625
v 0.00630664 -0.02717206 0.00360390
v 0.00627863 -0.02720201 0.00362378
v 0.00625124 -0.02722913 0.00364497
v -0.00689813 0.02472496 -0.00469756
v -0.00692639 0.02470843 -0.00467099
v -0.00695384 0.02469184 -0.00464206
v 0.00614901 -0.02730819 0.00374181
v 0.00617334 -0.02729296 0.00371590
v 0.00619759 -0.02727134 0.00369043
v -0.00700176 0.02465011 -0.00457721
v -0.00702172 0.02463066 -0.00454388
v -0.00704039 0.02461849 -0.00451161
v 0.00610284 -0.02732845 0.00379647
v 0.00608170 -0.02733531 0.00382546
v 0.00606135 -0.02733810 0.00385510
v -0.00707889 0.02462689 -0.00445106
v -0.00710028 0.02464847 -0.00442022
v -0.00712169 0.02467671 -0.00438729
v 0.00602359 -0.02733259 0.00391628
v 0.00600579 -0.02732262 0.00394738
v 0.00599025 -0.02731300 0.00397964
v -0.00715446 0.02471227 -0.00431077
v -0.00716653 0.02473311 -0.00427222
v -0.00717423 0.02474343 -0.00423356
v 0.00596329 -0.02728511 0.00404557
v 0.00595120 -0.02726444 0.00407865
v 0.00594038 -0.02724039 0.00411188
v -0.00718704 0.02478209 -0.00416036
v -0.00719306 0.02481291 -0.00412453
v -0.00719896 0.02485429 -0.00408933
v 0.00591235 -0.02711866 0.00424595
v 0.00591704 -0.02715285 0.00421244
v 0.00592259 -0.02718224 0.00417847
v -0.00720532 0.02494168 -0.00401733
v -0.00720551 0.02498794 -0.00398123
v -0.00720339 0.02503392 -0.00394501
v 0.00590733 -0.02704221 0.00431233
v 0.00590605 -0.02699678 0.00434448
v 0.00590797 -0.02695481 0.00437715
v -0.00719287 0.02512941 -0.00387382
v -0.00718413 0.02517368 -0.00383888
v -0.00717441 0.02522235 -0.00380561
v 0.00591597 -0.02686323 0.00444073
v 0.00592157 -0.02681227 0.00447124
v 0.00592979 -0.02676339 0.00450164
v -0.00715208 0.02532850 -0.00374330
v -0.00714007 0.02539048 -0.00371459
v -0.00712682 0.02545487 -0.00368689
v 0.00594853 -0.02665344 0.00455890
v 0.00596103 -0.02659972 0.00458668
v 0.00597405 -0.02654168 0.00461301
v -0.00709558 0.02558608 -0.00363393
v -0.00707892 0.02565859 -0.00361042
v -0.00706043 0.02572894 -0.00358737
v 0.00603707 -0.02629124 0.00470609
v 0.00601958 -0.02635570 0.00468468
v 0.00600219 -0.02641541 0.00466151
v -0.00702139 0.02587922 -0.00354674
v -0.00700066 0.02595853 -0.00352908
v -0.00697816 0.02603658 -0.00351233
v -0.00687124 0.02632750 -0.00345786
v -0.00690024 0.02625872 -0.00346941
v -0.00692778 0.02618697 -0.00348232
v 0.00607539 -0.02615978 0.00474486
v 0.00609575 -0.02609180 0.00476198
v 0.00611863 -0.02602902 0.00477838
v -0.00680999 0.02645857 -0.00343950
v -0.00677813 0.02652132 -0.00343292
v -0.00674511 0.02657961 -0.00342752
v 0.00616552 -0.02589704 0.00480588
v 0.00619071 -0.02583296 0.00481755
v 0.00621665 -0.02576906 0.00482760
v -0.00667865 0.02669590 -0.00342351
v -0.00664398 0.02674732 -0.00342325
v -0.00660884 0.02679616 -0.00342446
v 0.00627062 -0.02564294 0.00484290
v 0.00629928 -0.02558392 0.00484847
v 0.00632729 -0.02552134 0.00485181
v -0.00654106 0.02690071 -0.00343523
v -0.00650616 0.02694620 -0.00344201
v -0.00647227 0.02699337 -0.00345145
v 0.00644497 -0.02529022 0.00484943
v 0.00641539 -0.02534701 0.00485266
v 0.00638626 -0.02540606 0.00485432
v -0.00634127 0.02716892 -0.00350805
v -0.00637302 0.02712657 -0.00349094
v -0.00640567 0.02708362 -0.00347594
v 0.00650549 -0.02518557 0.00483847
v 0.00653498 -0.02513254 0.00483011
v 0.00656596 -0.02508789 0.00482093
v -0.00628009 0.02724889 -0.00354765
v -0.00624841 0.02727943 -0.00356818
v -0.00621988 0.02731419 -0.00359196
v 0.00662719 -0.02500401 0.00479768
v 0.00665835 -0.02496954 0.00478425
v 0.00668834 -0.02493398 0.00476889
v -0.00616563 0.02737750 -0.00364409
v -0.00613857 0.02740197 -0.00367172
v -0.00611325 0.02742477 -0.00370128
v 0.00674719 -0.02487147 0.00473394
v 0.00677525 -0.02484167 0.00471407
v 0.00680292 -0.02481566 0.00469302
v -0.00605942 0.02743801 -0.00375966
v -0.00603382 0.02743620 -0.00378982
v -0.00600852 0.02742836 -0.00381997
v 0.00685616 -0.02477230 0.00464714
v 0.00688059 -0.02475051 0.00462186
v 0.00690484 -0.02473479 0.00459588
v 0.00695008 -0.02471042 0.00454055
v 0.00697081 -0.02470118 0.00451127
v 0.00699020 -0.02469379 0.00448099
v -0.00596812 0.02742571 -0.00388719
v -0.00595206 0.02742801 -0.00392336
v -0.00593801 0.02742916 -0.00396053
v 0.00702656 -0.02469316 0.00441880
v 0.00704318 -0.02469871 0.00438690
v 0.00705878 -0.02470854 0.00435463
v 0.01008529 -0.01696527 0.00436477
v 0.01001895 -0.01682224 0.00458451
v 0.00994312 -0.01669800 0.00480263
v 0.01108793 0.01505251 0.00178744
v 0.01093914 0.01544943 0.00235171
v 0.01076439 0.01579476 0.00291397
v 0.01149695 0.00951153 0.00360873
v 0.01166390 0.00919900 0.00307837
v 0.01180856 0.00884039 0.00254602
v 0.00227860 0.03388708 -0.00238378
v 0.00215576 0.03415934 -0.00197847
v 0.00201495 0.03438342 -0.00157512
v 0.00423307 0.03283952 -0.00065063
v 0.00439353 0.03254620 -0.00112256
v 0.00453224 0.03219895 -0.00159630
v 0.01178853 0.00285267 0.00416579
v 0.01194395 0.00258052 0.00368901
v 0.01208419 0.00226747 0.00321114
v 0.00626979 0.03003777 0.00029133
v 0.00644774 0.02972263 -0.00023178
v 0.00660246 0.02935538 -0.00075755
v -0.00470473 0.03074262 -0.00381031
v -0.00466482 0.03067858 -0.00392729
v -0.00462993 0.03060544 -0.00404450
v 0.01160455 -0.00391930 0.00455468
v 0.01174220 -0.00414785 0.00415132
v 0.01186773 -0.00441394 0.00374693
v 0.00807716 0.02619820 0.00121857
v 0.00825712 0.02584133 0.00066232
v 0.00841066 0.02542743 0.00010418
v -0.00259735 0.03328870 -0.00320324
v -0.00252346 0.03317801 -0.00342376
v -0.00245805 0.03304519 -0.00364560
v 0.01097767 -0.01052730 0.00476876
v 0.01108969 -0.01070934 0.00445364
v 0.01118643 -0.01091763 0.00413553
v 0.00959305 0.02140229 0.00210258
v 0.00976921 0.02103413 0.00153225
v 0.00992552 0.02062609 0.00096109
v -0.00030039 0.03451868 -0.00243967
v -0.00018984 0.03435086 -0.00275788
v -0.00009208 0.03415296 -0.00307790
v -0.00674748 0.02844834 -0.00240495
v -0.00670341 0.02790326 -0.00283858
v -0.00664179 0.02734975 -0.00318593
v -0.00682296 0.02703579 -0.00317426
v -0.00694231 0.02744150 -0.00281712
v -0.00705924 0.02782392 -0.00237532
v -0.00807444 0.02286295 -0.00463600
v -0.00772142 0.02370114 -0.00453741
v -0.00740053 0.02431649 -0.00443825
v -0.00729548 0.02423311 -0.00462115
v -0.00758268 0.02360412 -0.00478968
v -0.00789425 0.02274474 -0.00497136
v -0.00653573 0.02450248 -0.00608070
v -0.00654841 0.02492756 -0.00562395
v -0.00653216 0.02517528 -0.00522600
v -0.00634790 0.02551110 -0.00523841
v -0.00630059 0.02539783 -0.00564247
v -0.00621419 0.02513492 -0.00610821
v -0.00498937 0.02936639 -0.00454914
v -0.00537657 0.02860689 -0.00446742
v -0.00566468 0.02784198 -0.00437605
v -0.00569893 0.02804751 -0.00417419
v -0.00542132 0.02887922 -0.00419305
v -0.00504649 0.02971528 -0.00418794
v -0.00788425 0.02582540 -0.00273072
v -0.00756639 0.02591056 -0.00308612
v -0.00727865 0.02589875 -0.00337042
v -0.00737344 0.02549621 -0.00349663
v -0.00769546 0.02535412 -0.00325880
v -0.00805426 0.02508977 -0.00295947
v -0.00541138 0.02719347 -0.00576697
v -0.00569566 0.02694596 -0.00538456
v -0.00589981 0.02661666 -0.00504782
v -0.00578826 0.02697252 -0.00490941
v -0.00554751 0.02742926 -0.00519919
v -0.00521749 0.02782200 -0.00552377
v -0.00610460 0.02940352 -0.00266131
v -0.00621740 0.02862310 -0.00303248
v -0.00628445 0.02786216 -0.00332508
v -0.00645788 0.02762162 -0.00323516
v -0.00645444 0.02829074 -0.00290866
v -0.00641857 0.02896379 -0.00249774
v -0.00685443 0.02393080 -0.00597678
v -0.00678919 0.02449418 -0.00554621
v -0.00670764 0.02486245 -0.00517017
v -0.00500491 0.02894402 -0.00489918
v -0.00538410 0.02826571 -0.00472750
v -0.00566530 0.02757076 -0.00456418
v -0.00820093 0.02311851 -0.00427897
v -0.00781390 0.02388377 -0.00426213
v -0.00746484 0.02443889 -0.00423272
v -0.00591199 0.02576307 -0.00605879
v -0.00606932 0.02586619 -0.00560290
v -0.00617234 0.02583987 -0.00520627
v -0.00602782 0.02619956 -0.00514385
v -0.00587666 0.02639070 -0.00552067
v -0.00565436 0.02647666 -0.00595087
v -0.00516431 0.02992835 -0.00381634
v -0.00551144 0.02904202 -0.00391018
v -0.00576276 0.02815994 -0.00396747
v -0.00584680 0.02816259 -0.00377131
v -0.00562606 0.02904341 -0.00364135
v -0.00532291 0.02995254 -0.00346353
v -0.00554011 0.02988749 -0.00315057
v -0.00579234 0.02900566 -0.00340604
v -0.00597510 0.02815712 -0.00360189
v -0.00611938 0.02803319 -0.00344529
v -0.00598967 0.02884969 -0.00319675
v -0.00580136 0.02969499 -0.00287812
v -0.00737049 0.02721351 -0.00242867
v -0.00717790 0.02697276 -0.00285716
v -0.00699768 0.02669423 -0.00320445
v -0.00715295 0.02630668 -0.00327092
v -0.00738906 0.02644804 -0.00294703
v -0.00764709 0.02652212 -0.00254591
v -0.00743106 0.02308170 -0.00557751
v -0.00723052 0.02386575 -0.00524880
v -0.00703572 0.02441668 -0.00495491
v -0.00687676 0.02460068 -0.00507859
v -0.00701330 0.02411381 -0.00541703
v -0.00714690 0.02341908 -0.00580215
v -0.00508356 0.02842641 -0.00523253
v -0.00544535 0.02788360 -0.00497819
v -0.00571057 0.02729557 -0.00474622
v -0.00825921 0.02347067 -0.00391763
v -0.00785780 0.02415171 -0.00398893
v -0.00749560 0.02462912 -0.00403408
v -0.00825306 0.02393230 -0.00356704
v -0.00785036 0.02449449 -0.00372012
v -0.00748868 0.02487440 -0.00383477
v -0.00744370 0.02515900 -0.00365154
v -0.00779067 0.02488943 -0.00347034
v -0.00817915 0.02447107 -0.00323977
v -0.00768897 0.02285500 -0.00529322
v -0.00742846 0.02369266 -0.00503266
v -0.00718460 0.02430401 -0.00479850
v 0.00801602 -0.02491857 0.00292278
v 0.00764184 -0.02520648 0.00323914
v 0.00731278 -0.02540944 0.00350168
v 0.00814852 -0.02429760 0.00321211
v 0.00773964 -0.02473712 0.00345444
v 0.00738444 -0.02508447 0.00365657
v 0.00806515 -0.02276820 0.00462310
v 0.00767916 -0.02360666 0.00451031
v 0.00733791 -0.02426539 0.00440597
v 0.00554577 -0.02609630 0.00589085
v 0.00580255 -0.02611024 0.00545976
v 0.00600843 -0.02607179 0.00508487
v 0.00507046 -0.02960177 0.00376660
v 0.00544515 -0.02872283 0.00387241
v 0.00575320 -0.02792843 0.00395537
v 0.00574227 -0.02947851 0.00283471
v 0.00594420 -0.02861884 0.00317425
v 0.00610717 -0.02785038 0.00345776
v 0.00604127 -0.02917044 0.00261305
v 0.00616876 -0.02839309 0.00300945
v 0.00626617 -0.02768657 0.00333988
v 0.00497902 -0.02804121 0.00517247
v 0.00537902 -0.02756393 0.00492389
v 0.00570788 -0.02710907 0.00470433
v 0.00636299 -0.02875769 0.00245374
v 0.00640734 -0.02807750 0.00288932
v 0.00643586 -0.02746147 0.00325429
v 0.00823348 -0.02331376 0.00389463
v 0.00780280 -0.02400261 0.00396455
v 0.00742909 -0.02456104 0.00401961
v 0.00674325 -0.02592506 0.00387862
v 0.00673147 -0.02595299 0.00386952
v 0.00672006 -0.02598384 0.00386141
v 0.00626719 -0.02662451 0.00403694
v 0.00625883 -0.02662092 0.00405255
v 0.00625054 -0.02661258 0.00406804
v 0.00627403 -0.02610770 0.00442567
v 0.00626537 -0.02613963 0.00441525
v 0.00625728 -0.02617111 0.00440421
v 0.00647916 -0.02563220 0.00449967
v 0.00646422 -0.02565880 0.00450102
v 0.00644956 -0.02568665 0.00450169
v 0.00662160 -0.02536168 0.00448359
v 0.00662815 -0.02528618 0.00451267
v 0.00665155 -0.02513509 0.00458751
v 0.00666938 -0.02614151 0.00379163
v 0.00668205 -0.02614807 0.00375398
v 0.00671983 -0.02619394 0.00366889
v 0.00617148 -0.02653833 0.00421893
v 0.00613429 -0.02658665 0.00422336
v 0.00605593 -0.02673484 0.00423936
v 0.00678533 -0.02525749 0.00431923
v 0.00680737 -0.02517155 0.00433190
v 0.00687098 -0.02500506 0.00436912
v 0.00660595 -0.02627165 0.00378158
v 0.00661224 -0.02629023 0.00374261
v 0.00663549 -0.02636751 0.00365498
v 0.00635611 -0.02578730 0.00452437
v 0.00633667 -0.02575529 0.00455937
v 0.00629864 -0.02571074 0.00464669
v 0.00618677 -0.02632854 0.00435585
v 0.00615014 -0.02635232 0.00437377
v 0.00607532 -0.02645254 0.00442293
v 0.00664425 -0.02617254 0.00382918
v 0.00663037 -0.02620294 0.00382658
v 0.00661623 -0.02623285 0.00382479
v 0.00683096 -0.02550085 0.00409503
v 0.00683100 -0.02552138 0.00407873
v 0.00683026 -0.02554296 0.00406261
v 0.00682199 -0.02542760 0.00416085
v 0.00682492 -0.02544280 0.00414409
v 0.00682713 -0.02545936 0.00412738
v 0.00782773 -0.02558772 0.00268224
v 0.00750035 -0.02570304 0.00305880
v 0.00721303 -0.02576743 0.00337406
v 0.00818124 -0.02298301 0.00426069
v 0.00776465 -0.02376099 0.00423880
v 0.00739972 -0.02437928 0.00421330
v 0.00731992 -0.02698786 0.00238562
v 0.00711901 -0.02674220 0.00283625
v 0.00694207 -0.02650957 0.00321617
v 0.00739187 -0.02288648 0.00555416
v 0.00718036 -0.02371058 0.00520814
v 0.00698844 -0.02436495 0.00490599
v 0.00864029 -0.02214911 0.00415503
v 0.00865771 -0.02224498 0.00403705
v 0.00867199 -0.02235639 0.00392050
v 0.00618949 -0.02955774 0.00200942
v 0.00608586 -0.02969178 0.00205761
v 0.00598439 -0.02982178 0.00211143
v 0.00578494 -0.03005074 0.00223346
v 0.00568726 -0.03014832 0.00230126
v 0.00559289 -0.03024178 0.00237426
v 0.00851234 -0.02183578 0.00462031
v 0.00855103 -0.02189703 0.00450450
v 0.00858608 -0.02197230 0.00438860
v 0.00854060 -0.02393627 0.00283902
v 0.00849915 -0.02412703 0.00274421
v 0.00845452 -0.02432765 0.00265360
v 0.00835163 -0.02474144 0.00248365
v 0.00829362 -0.02495361 0.00240472
v 0.00823143 -0.02516863 0.00233008
v 0.00809569 -0.02560724 0.00219469
v 0.00802269 -0.02583066 0.00213434
v 0.00794675 -0.02605705 0.00207921
v 0.00778490 -0.02650964 0.00198425
v 0.00769963 -0.02673571 0.00194477
v 0.00761137 -0.02695962 0.00191058
v 0.00742618 -0.02739639 0.00185818
v 0.00732965 -0.02760796 0.00184006
v 0.00723128 -0.02781604 0.00182760
v 0.00906145 -0.02412908 0.00084109
v 0.00878766 -0.02465380 0.00133253
v 0.00848972 -0.02508067 0.00180793
v 0.00769075 -0.02183634 0.00583543
v 0.00777899 -0.02177816 0.00575088
v 0.00786572 -0.02173531 0.00566352
v 0.00830513 -0.02167466 0.00506659
v 0.00836318 -0.02169766 0.00495730
v 0.00841840 -0.02173625 0.00484706
v 0.00955159 -0.01803365 0.00497268
v 0.00921445 -0.01938728 0.00490914
v 0.00885313 -0.02064425 0.00483012
v 0.00809367 -0.01825783 0.00694184
v 0.00794939 -0.01956434 0.00661166
v 0.00778534 -0.02078596 0.00626962
v 0.00495160 -0.02937588 0.00412718
v 0.00535577 -0.02855247 0.00414154
v 0.00569087 -0.02781165 0.00414763
v 0.00979584 -0.01849213 0.00419780
v 0.00942745 -0.01978577 0.00423907
v 0.00903361 -0.02098072 0.00426438
v 0.00868694 -0.02261199 0.00369058
v 0.00868545 -0.02274850 0.00357661
v 0.00868034 -0.02289812 0.00346492
v 0.00612589 -0.02474657 0.00605527
v 0.00623671 -0.02510657 0.00558319
v 0.00631855 -0.02536322 0.00517330
v 0.00669258 -0.02824601 0.00236132
v 0.00665291 -0.02769243 0.00282001
v 0.00660840 -0.02717872 0.00320325
v 0.00766194 -0.02271591 0.00528200
v 0.00737920 -0.02357170 0.00500311
v 0.00712857 -0.02425992 0.00475936
v 0.00822281 -0.02375914 0.00354081
v 0.00779437 -0.02433229 0.00369970
v 0.00742369 -0.02479792 0.00383144
v 0.00490479 -0.02857959 0.00484375
v 0.00532376 -0.02796765 0.00467862
v 0.00566834 -0.02739580 0.00452979
v 0.00317068 -0.03260013 0.00314805
v 0.00368851 -0.03199220 0.00332843
v 0.00418339 -0.03129415 0.00349422
v 0.00456349 -0.02830384 0.00552923
v 0.00460457 -0.02811354 0.00562425
v 0.00465034 -0.02791839 0.00571580
v 0.00297504 -0.02929932 0.00614219
v 0.00351840 -0.02912136 0.00591896
v 0.00403760 -0.02885161 0.00568138
v 0.00444866 -0.02901130 0.00511995
v 0.00446932 -0.02884094 0.00522575
v 0.00449579 -0.02866800 0.00532975
v 0.00511543 -0.02743606 0.00546437
v 0.00548090 -0.02711078 0.00514160
v 0.00577975 -0.02678424 0.00485879
v 0.00759356 -0.02628985 0.00250140
v 0.00732418 -0.02622326 0.00292304
v 0.00708902 -0.02614392 0.00327863
v 0.00530762 -0.02678267 0.00570749
v 0.00562518 -0.02662468 0.00532321
v 0.00588121 -0.02643392 0.00498726
v 0.00709137 -0.02318862 0.00577484
v 0.00695838 -0.02394617 0.00537444
v 0.00683014 -0.02453089 0.00502403
v 0.00789014 -0.02267934 0.00496818
v 0.00754967 -0.02354559 0.00476877
v 0.00724723 -0.02422934 0.00459095
v 0.00489549 -0.02903009 0.00449078
v 0.00531574 -0.02830092 0.00441437
v 0.00566260 -0.02763309 0.00434183
v 0.00582208 -0.02540878 0.00600828
v 0.00600884 -0.02559692 0.00554743
v 0.00615654 -0.02571203 0.00514789
v 0.00547358 -0.02965420 0.00310773
v 0.00574579 -0.02875916 0.00337977
v 0.00596498 -0.02794663 0.00360338
v 0.00523944 -0.03050846 0.00270717
v 0.00532448 -0.03046154 0.00261862
v 0.00541095 -0.03039705 0.00253294
v 0.00481026 -0.03060377 0.00330999
v 0.00475110 -0.03057515 0.00341841
v 0.00469628 -0.03053583 0.00352864
v 0.00460131 -0.03043079 0.00375428
v 0.00456022 -0.03035975 0.00386836
v 0.00452505 -0.03028403 0.00398398
v 0.00459595 -0.03233875 0.00116259
v 0.00492261 -0.03176044 0.00160913
v 0.00522521 -0.03108729 0.00204017
v 0.00991591 -0.01923016 0.00342173
v 0.00953081 -0.02042351 0.00356705
v 0.00911889 -0.02151391 0.00369584
v 0.00975296 -0.02139061 0.00197359
v 0.00938371 -0.02227991 0.00231221
v 0.00899171 -0.02307316 0.00263500
v 0.00946763 -0.02271130 0.00135520
v 0.00913715 -0.02342256 0.00177722
v 0.00878270 -0.02403482 0.00218285
v 0.00865329 -0.02321549 0.00324627
v 0.00863226 -0.02338523 0.00314028
v 0.00860607 -0.02356100 0.00303673
v 0.00797284 -0.02709554 0.00020124
v 0.00784945 -0.02723453 0.00078011
v 0.00769879 -0.02726601 0.00134289
v 0.00592034 -0.03082709 0.00034899
v 0.00607112 -0.03045854 0.00090607
v 0.00619598 -0.02998559 0.00144717
v 0.00523497 -0.03169853 0.00069121
v 0.00547473 -0.03119874 0.00120096
v 0.00569308 -0.03061838 0.00169585
v 0.00661051 -0.02894242 0.00187006
v 0.00650427 -0.02910525 0.00189646
v 0.00639939 -0.02926600 0.00192897
v 0.00644510 -0.02413337 0.00602973
v 0.00647594 -0.02465217 0.00556486
v 0.00648963 -0.02504403 0.00516079
v 0.00701480 -0.02764481 0.00233777
v 0.00689362 -0.02724335 0.00280241
v 0.00677979 -0.02685898 0.00319072
v 0.00524674 -0.02969590 0.00342240
v 0.00557730 -0.02879423 0.00361549
v 0.00584642 -0.02797626 0.00377203
v 0.00677112 -0.02360743 0.00593506
v 0.00671996 -0.02426169 0.00549454
v 0.00666096 -0.02475706 0.00510968
v 0.00501439 -0.02666244 0.00617892
v 0.00508772 -0.02643971 0.00623921
v 0.00516560 -0.02622086 0.00629543
v 0.00416618 -0.02510288 0.00766571
v 0.00455072 -0.02549419 0.00723842
v 0.00491287 -0.02579897 0.00679846
v 0.00731140 -0.02216560 0.00613083
v 0.00740913 -0.02206705 0.00606333
v 0.00750491 -0.02197857 0.00599136
v 0.00532995 -0.02577743 0.00639143
v 0.00541581 -0.02555317 0.00643079
v 0.00550455 -0.02533101 0.00646489
v -0.00603921 0.02552567 -0.00395578
v -0.00603348 0.02552263 -0.00397087
v -0.00603040 0.02551026 -0.00398697
v -0.00602544 0.02549496 -0.00401084
v -0.00602187 0.02548593 -0.00402624
v -0.00602112 0.02546881 -0.00403962
v -0.00601383 0.02538051 -0.00408441
v -0.00601457 0.02541526 -0.00406927
v -0.00601853 0.02544043 -0.00405533
v -0.00601534 0.02533059 -0.00411265
v -0.00601823 0.02530765 -0.00413129
v -0.00602493 0.02528419 -0.00414657
v -0.00603265 0.02525682 -0.00416635
v -0.00603781 0.02523507 -0.00418059
v -0.00604644 0.02520784 -0.00419287
v -0.00605926 0.02517232 -0.00421222
v -0.00606669 0.02515172 -0.00422410
v -0.00607472 0.02512923 -0.00423114
v -0.00609706 0.02501120 -0.00424953
v -0.00608799 0.02505787 -0.00424427
v -0.00608245 0.02509591 -0.00423717
v -0.00611797 0.02493747 -0.00426175
v -0.00613304 0.02490302 -0.00427067
v -0.00614942 0.02487684 -0.00427523
v -0.00617011 0.02484630 -0.00428249
v -0.00618336 0.02482392 -0.00428710
v -0.00619743 0.02480172 -0.00428756
v -0.00621705 0.02476822 -0.00428907
v -0.00623027 0.02474322 -0.00429024
v -0.00624342 0.02471990 -0.00428725
v -0.00629007 0.02463017 -0.00427338
v -0.00627535 0.02465450 -0.00428031
v -0.00626166 0.02468347 -0.00428294
v -0.00631471 0.02459862 -0.00426374
v -0.00633021 0.02458056 -0.00425878
v -0.00634337 0.02456899 -0.00425079
v -0.00635949 0.02454874 -0.00424027
v -0.00637151 0.02452886 -0.00423215
v -0.00638314 0.02451321 -0.00421988
v -0.00640387 0.02449292 -0.00420091
v -0.00641730 0.02448403 -0.00419039
v -0.00642707 0.02448131 -0.00417845
v -0.00643842 0.02447277 -0.00416216
v -0.00644789 0.02446249 -0.00414858
v -0.00645621 0.02445524 -0.00413110
v -0.00647487 0.02446155 -0.00410262
v -0.00648656 0.02447410 -0.00408897
v -0.00649364 0.02448647 -0.00407640
v -0.00649977 0.02449418 -0.00406263
v -0.00650382 0.02449421 -0.00404904
v -0.00650498 0.02449735 -0.00403196
v -0.00650940 0.02451018 -0.00400139
v -0.00651404 0.02452350 -0.00398342
v -0.00651534 0.02454410 -0.00396714
v -0.00651800 0.02457303 -0.00394537
v -0.00651966 0.02459025 -0.00393111
v -0.00651746 0.02461134 -0.00391778
v -0.00651387 0.02463697 -0.00389700
v -0.00651167 0.02465276 -0.00388155
v -0.00650584 0.02467361 -0.00386686
v -0.00649774 0.02471160 -0.00384393
v -0.00649360 0.02474022 -0.00383002
v -0.00648648 0.02476912 -0.00381844
v -0.00647683 0.02481228 -0.00380214
v -0.00647023 0.02484320 -0.00379068
v -0.00646039 0.02487622 -0.00378119
v -0.00644694 0.02493565 -0.00376708
v -0.00643956 0.02497393 -0.00375886
v -0.00643019 0.02500889 -0.00375388
v -0.00639600 0.02510943 -0.00373626
v -0.00640843 0.02508283 -0.00373970
v -0.00641782 0.02505320 -0.00374557
v -0.00637739 0.02515133 -0.00373093
v -0.00636527 0.02517933 -0.00372690
v -0.00635188 0.02520213 -0.00372642
v -0.00633212 0.02523043 -0.00372490
v -0.00631740 0.02525107 -0.00372272
v -0.00630099 0.02526881 -0.00372430
v -0.00627523 0.02530064 -0.00372690
v -0.00625928 0.02532546 -0.00372867
v -0.00624389 0.02534495 -0.00373417
v -0.00619285 0.02541289 -0.00375640
v -0.00620730 0.02539585 -0.00374698
v -0.00622231 0.02537385 -0.00374167
v -0.00617192 0.02544441 -0.00377101
v -0.00615865 0.02546780 -0.00378097
v -0.00614751 0.02548457 -0.00379411
v -0.00613221 0.02551294 -0.00381181
v -0.00612159 0.02552926 -0.00382190
v -0.00611375 0.02553546 -0.00383360
v -0.00610119 0.02553661 -0.00384616
v -0.00608873 0.02553623 -0.00385690
v -0.00607713 0.02552786 -0.00387179
v -0.00605956 0.02552385 -0.00389927
v -0.00605058 0.02552839 -0.00391718
v -0.00604588 0.02552623 -0.00393468
v -0.00638775 0.02580734 -0.00364761
v -0.00635033 0.02562227 -0.00366296
v -0.00631614 0.02544298 -0.00369006
v -0.00654563 0.02600835 -0.00364821
v -0.00658173 0.02614765 -0.00363415
v -0.00663287 0.02634311 -0.00356944
v -0.00600028 0.02613430 -0.00405502
v -0.00599903 0.02591795 -0.00403329
v -0.00600761 0.02570102 -0.00401386
v -0.00604919 0.02652359 -0.00400248
v -0.00604979 0.02668007 -0.00401233
v -0.00601475 0.02694812 -0.00401190
v -0.00619614 0.02518208 -0.00447416
v -0.00617715 0.02505526 -0.00441298
v -0.00616429 0.02494367 -0.00434654
v -0.00616158 0.02558420 -0.00452825
v -0.00617060 0.02568972 -0.00457390
v -0.00615789 0.02580933 -0.00466970
v -0.00603891 0.02567107 -0.00435871
v -0.00603360 0.02549774 -0.00430881
v -0.00603836 0.02533257 -0.00425530
v -0.00602522 0.02610177 -0.00435770
v -0.00602206 0.02623058 -0.00439093
v -0.00598220 0.02643107 -0.00445153
v -0.00667913 0.02506910 -0.00377844
v -0.00661421 0.02495796 -0.00378288
v -0.00654722 0.02485673 -0.00379152
v -0.00680934 0.02515322 -0.00386421
v -0.00686902 0.02523765 -0.00386483
v -0.00697732 0.02528862 -0.00384053
v -0.00598779 0.02605882 -0.00413379
v -0.00598794 0.02585109 -0.00410322
v -0.00599800 0.02564423 -0.00407343
v -0.00672731 0.02473660 -0.00399691
v -0.00666000 0.02464774 -0.00397920
v -0.00658785 0.02458583 -0.00396502
v -0.00681832 0.02484766 -0.00412195
v -0.00687972 0.02490860 -0.00414219
v -0.00699101 0.02490006 -0.00416625
v -0.00665165 0.02458279 -0.00423176
v -0.00659051 0.02450952 -0.00419370
v -0.00652656 0.02446465 -0.00415414
v -0.00669989 0.02480862 -0.00437458
v -0.00675098 0.02486677 -0.00441389
v -0.00683712 0.02483776 -0.00448583
v -0.00612035 0.02618502 -0.00381907
v -0.00610775 0.02596474 -0.00381911
v -0.00610288 0.02574267 -0.00382570
v -0.00621571 0.02646711 -0.00376324
v -0.00622876 0.02662541 -0.00375847
v -0.00622410 0.02689007 -0.00371654
v -0.00648690 0.02473604 -0.00442007
v -0.00643975 0.02464746 -0.00436593
v -0.00639325 0.02458551 -0.00430633
v -0.00648546 0.02502172 -0.00453908
v -0.00651850 0.02509308 -0.00458905
v -0.00656306 0.02511658 -0.00469067
v -0.00630905 0.02591879 -0.00366523
v -0.00627856 0.02572423 -0.00368026
v -0.00625195 0.02553187 -0.00370405
v -0.00627102 0.02506861 -0.00448618
v -0.00624354 0.02495050 -0.00442516
v -0.00622121 0.02485143 -0.00435770
v -0.00653753 0.02557412 -0.00366485
v -0.00648600 0.02541136 -0.00367680
v -0.00643411 0.02525818 -0.00369990
v -0.00668746 0.02568843 -0.00369335
v -0.00673533 0.02580497 -0.00368063
v -0.00681784 0.02594528 -0.00362656
v -0.00608276 0.02554341 -0.00441116
v -0.00607140 0.02538518 -0.00435557
v -0.00607028 0.02523845 -0.00429485
v -0.00663858 0.02523141 -0.00372669
v -0.00657762 0.02510253 -0.00373337
v -0.00651411 0.02498791 -0.00374824
v -0.00597830 0.02590885 -0.00420890
v -0.00597932 0.02571458 -0.00417143
v -0.00599262 0.02552487 -0.00413354
v -0.00672612 0.02483379 -0.00392109
v -0.00665867 0.02473663 -0.00391108
v -0.00658679 0.02466179 -0.00390590
v -0.00669850 0.02464296 -0.00416199
v -0.00663336 0.02456400 -0.00413044
v -0.00656451 0.02451255 -0.00409889
v -0.00608978 0.02652059 -0.00390701
v -0.00609207 0.02667708 -0.00390974
v -0.00606457 0.02694732 -0.00389586
v -0.00654840 0.02464889 -0.00436789
v -0.00649580 0.02457094 -0.00431794
v -0.00644262 0.02451931 -0.00426401
v -0.00623468 0.02601975 -0.00370096
v -0.00621106 0.02581560 -0.00371354
v -0.00619283 0.02561282 -0.00373456
v -0.00634246 0.02494287 -0.00447980
v -0.00630797 0.02483874 -0.00441938
v -0.00627655 0.02475340 -0.00435334
v -0.00645594 0.02612014 -0.00364448
v -0.00648546 0.02626534 -0.00362914
v -0.00652268 0.02649036 -0.00356829
v -0.00646873 0.02570774 -0.00365177
v -0.00642398 0.02553205 -0.00366561
v -0.00638042 0.02536276 -0.00369036
v -0.00602324 0.02648102 -0.00409516
v -0.00602012 0.02663204 -0.00410967
v -0.00598265 0.02689255 -0.00412608
v -0.00602495 0.02617181 -0.00397255
v -0.00601978 0.02595219 -0.00395886
v -0.00602623 0.02573079 -0.00394969
v -0.00624342 0.02542747 -0.00456031
v -0.00625803 0.02552305 -0.00460876
v -0.00625495 0.02561868 -0.00470973
v -0.00612352 0.02532937 -0.00444240
v -0.00610891 0.02519128 -0.00438387
v -0.00610338 0.02506903 -0.00431953
v -0.00606663 0.02596578 -0.00443360
v -0.00606646 0.02608553 -0.00447191
v -0.00603295 0.02626248 -0.00454551
v -0.00600066 0.02579280 -0.00429097
v -0.00600039 0.02560825 -0.00424687
v -0.00601013 0.02542977 -0.00420087
v -0.00677814 0.02530866 -0.00379354
v -0.00683520 0.02540149 -0.00378802
v -0.00693709 0.02547878 -0.00375121
v -0.00670665 0.02493109 -0.00384453
v -0.00664022 0.02482818 -0.00384181
v -0.00657039 0.02474172 -0.00384433
v -0.00601160 0.02639471 -0.00418381
v -0.00600716 0.02654217 -0.00420366
v -0.00596342 0.02678086 -0.00423628
v -0.00683277 0.02493509 -0.00403286
v -0.00689513 0.02500105 -0.00404673
v -0.00700821 0.02500353 -0.00405533
v -0.00671437 0.02465332 -0.00407865
v -0.00664730 0.02457422 -0.00405554
v -0.00657627 0.02452078 -0.00403420
v -0.00674814 0.02477177 -0.00429228
v -0.00680302 0.02482323 -0.00432618
v -0.00689834 0.02479203 -0.00438443
v -0.00660737 0.02461668 -0.00430749
v -0.00654951 0.02454005 -0.00426361
v -0.00648976 0.02449240 -0.00421675
v -0.00615785 0.02653589 -0.00383314
v -0.00616507 0.02669496 -0.00383112
v -0.00614631 0.02696509 -0.00380275
v -0.00617275 0.02612168 -0.00375815
v -0.00615398 0.02590868 -0.00376515
v -0.00614268 0.02569509 -0.00378055
v -0.00656668 0.02493502 -0.00449997
v -0.00660578 0.02499837 -0.00454750
v -0.00666475 0.02499833 -0.00464191
v -0.00641344 0.02481371 -0.00445526
v -0.00637310 0.02472084 -0.00439702
v -0.00633454 0.02464840 -0.00433360
v -0.00636935 0.02624237 -0.00366441
v -0.00639239 0.02639432 -0.00365047
v -0.00641585 0.02663883 -0.00359414
v -0.00632736 0.02530218 -0.00457336
v -0.00634724 0.02538671 -0.00462451
v -0.00635992 0.02545602 -0.00472920
v -0.00662254 0.02586113 -0.00366487
v -0.00666516 0.02599217 -0.00365158
v -0.00673284 0.02616201 -0.00358968
v -0.00659567 0.02541948 -0.00369027
v -0.00653832 0.02527380 -0.00370063
v -0.00647950 0.02514049 -0.00372076
v -0.00611699 0.02582153 -0.00449191
v -0.00612186 0.02593688 -0.00453410
v -0.00609678 0.02608023 -0.00462126
v -0.00673533 0.02548010 -0.00373320
v -0.00678834 0.02558730 -0.00372470
v -0.00688233 0.02569624 -0.00367820
v -0.00599887 0.02623055 -0.00426768
v -0.00599656 0.02637016 -0.00429401
v -0.00595358 0.02659066 -0.00434180
v -0.00683157 0.02504250 -0.00394786
v -0.00689303 0.02512111 -0.00395518
v -0.00700549 0.02514523 -0.00394552
v -0.00679990 0.02483679 -0.00421503
v -0.00685891 0.02489218 -0.00424267
v -0.00696305 0.02486325 -0.00428468
v -0.00606111 0.02616808 -0.00388668
v -0.00605296 0.02594908 -0.00387975
v -0.00605635 0.02572824 -0.00387988
v -0.00663475 0.02484575 -0.00444131
v -0.00668023 0.02490599 -0.00448545
v -0.00675275 0.02488573 -0.00457052
v -0.00628741 0.02635378 -0.00370365
v -0.00630426 0.02651093 -0.00369270
v -0.00631323 0.02676859 -0.00364243
v -0.00640690 0.02516103 -0.00456666
v -0.00643436 0.02524270 -0.00461710
v -0.00646391 0.02528576 -0.00472224
v -0.00644666 0.02595260 -0.00364290
v -0.00646867 0.02592660 -0.00364286
v -0.00649012 0.02590052 -0.00364480
v -0.00601740 0.02634426 -0.00405440
v -0.00602356 0.02635671 -0.00403203
v -0.00603021 0.02636584 -0.00401003
v -0.00619931 0.02534321 -0.00451761
v -0.00617928 0.02537692 -0.00450948
v -0.00616019 0.02541725 -0.00450062
v -0.00604024 0.02586936 -0.00438370
v -0.00603045 0.02590370 -0.00436555
v -0.00602171 0.02593643 -0.00434704
v -0.00674206 0.02515611 -0.00380085
v -0.00674979 0.02511693 -0.00381723
v -0.00675647 0.02508106 -0.00383520
v -0.00600170 0.02627486 -0.00414290
v -0.00600466 0.02629633 -0.00412200
v -0.00600796 0.02631404 -0.00409994
v -0.00678354 0.02480635 -0.00403543
v -0.00678018 0.02478052 -0.00405634
v -0.00677580 0.02476233 -0.00407841
v -0.00669276 0.02467451 -0.00428605
v -0.00668134 0.02468497 -0.00430665
v -0.00667019 0.02469944 -0.00432638
v -0.00615331 0.02637567 -0.00380909
v -0.00616691 0.02636068 -0.00379221
v -0.00618158 0.02633928 -0.00377589
v -0.00651230 0.02485568 -0.00447642
v -0.00649284 0.02487353 -0.00448633
v -0.00647254 0.02489291 -0.00449554
v -0.00636126 0.02606921 -0.00365511
v -0.00638187 0.02603906 -0.00365031
v -0.00640296 0.02600890 -0.00364678
v -0.00628098 0.02522569 -0.00453438
v -0.00626076 0.02525613 -0.00453220
v -0.00624031 0.02528527 -0.00452893
v -0.00660137 0.02569014 -0.00366814
v -0.00661773 0.02564974 -0.00367447
v -0.00663293 0.02560755 -0.00368140
v -0.00608991 0.02573668 -0.00444668
v -0.00607809 0.02577136 -0.00443318
v -0.00606467 0.02580295 -0.00441814
v -0.00670349 0.02531525 -0.00374008
v -0.00671462 0.02527192 -0.00375358
v -0.00672502 0.02523158 -0.00376829
v -0.00598761 0.02613025 -0.00422063
v -0.00598920 0.02617355 -0.00420026
v -0.00599306 0.02621392 -0.00418106
v -0.00678690 0.02491501 -0.00395442
v -0.00678793 0.02488883 -0.00397471
v -0.00678745 0.02486258 -0.00399505
v -0.00674477 0.02472478 -0.00420927
v -0.00673214 0.02470651 -0.00422718
v -0.00671827 0.02468901 -0.00424549
v -0.00604407 0.02637065 -0.00396576
v -0.00605212 0.02636839 -0.00394271
v -0.00606206 0.02636636 -0.00391940
v -0.00608976 0.02637226 -0.00387567
v -0.00610625 0.02637912 -0.00385706
v -0.00612372 0.02638331 -0.00384118
v -0.00657915 0.02476783 -0.00442439
v -0.00656316 0.02479063 -0.00443925
v -0.00654712 0.02481451 -0.00445307
v -0.00628137 0.02617909 -0.00368751
v -0.00630130 0.02615229 -0.00367799
v -0.00632095 0.02612590 -0.00366853
v -0.00635839 0.02509124 -0.00453333
v -0.00633929 0.02512491 -0.00453590
v -0.00632012 0.02515939 -0.00453655
v -0.00653001 0.02584074 -0.00364952
v -0.00654863 0.02580584 -0.00365310
v -0.00656660 0.02576868 -0.00365793
v -0.00612885 0.02552511 -0.00448332
v -0.00611854 0.02558695 -0.00447488
v -0.00610894 0.02564520 -0.00446700
v -0.00665911 0.02551381 -0.00369646
v -0.00667045 0.02546295 -0.00370564
v -0.00668142 0.02541132 -0.00371575
v -0.00600395 0.02599374 -0.00430859
v -0.00599676 0.02602159 -0.00428727
v -0.00599140 0.02605245 -0.00426495
v -0.00676908 0.02501859 -0.00387370
v -0.00677550 0.02498986 -0.00389329
v -0.00678083 0.02496385 -0.00391346
v -0.00676915 0.02474357 -0.00412505
v -0.00676593 0.02474357 -0.00414840
v -0.00676187 0.02474172 -0.00417057
v -0.00664457 0.02472196 -0.00436158
v -0.00662911 0.02472889 -0.00437761
v -0.00661252 0.02473688 -0.00439326
v -0.00621154 0.02628835 -0.00374293
v -0.00622744 0.02626126 -0.00372720
v -0.00624431 0.02623365 -0.00371250
v -0.00643231 0.02494785 -0.00451187
v -0.00641349 0.02498313 -0.00451868
v -0.00639516 0.02501977 -0.00452469
v 0.00633883 -0.02591984 0.00447566
v 0.00635173 -0.02589059 0.00448193
v 0.00636498 -0.02586127 0.00448739
v 0.00629111 -0.02667952 0.00393898
v 0.00626770 -0.02674575 0.00391611
v 0.00621919 -0.02692685 0.00386655
v 0.00621803 -0.02655001 0.00416648
v 0.00621511 -0.02653492 0.00418313
v 0.00621291 -0.02651846 0.00419971
v 0.00663032 -0.02543008 0.00444497
v 0.00664472 -0.02541690 0.00443555
v 0.00665891 -0.02540529 0.00442551
v 0.00618323 -0.02661098 0.00414536
v 0.00614826 -0.02667105 0.00414300
v 0.00607396 -0.02683946 0.00414207
v 0.00684643 -0.02532407 0.00417536
v 0.00687453 -0.02524602 0.00417428
v 0.00695255 -0.02509744 0.00417809
v 0.00655484 -0.02544280 0.00451496
v 0.00655413 -0.02537193 0.00454686
v 0.00656333 -0.02524487 0.00463052
v 0.00653980 -0.02639307 0.00378630
v 0.00654031 -0.02642660 0.00374808
v 0.00654869 -0.02653471 0.00366200
v 0.00629920 -0.02592269 0.00449952
v 0.00627334 -0.02590241 0.00453180
v 0.00622417 -0.02590115 0.00461517
v 0.00685794 -0.02549255 0.00402946
v 0.00688678 -0.02543078 0.00401437
v 0.00696625 -0.02531814 0.00398371
v 0.00681300 -0.02572333 0.00390219
v 0.00683947 -0.02568836 0.00387527
v 0.00690942 -0.02563123 0.00381509
v 0.00685959 -0.02539912 0.00410165
v 0.00688960 -0.02533177 0.00409401
v 0.00696843 -0.02519411 0.00407954
v 0.00668410 -0.02530294 0.00443945
v 0.00669589 -0.02521963 0.00446348
v 0.00673490 -0.02505923 0.00452836
v 0.00640750 -0.02658424 0.00383824
v 0.00639374 -0.02663155 0.00380442
v 0.00637378 -0.02679557 0.00373201
v 0.00657116 -0.02549802 0.00447619
v 0.00658653 -0.02548021 0.00446975
v 0.00660181 -0.02546379 0.00446260
v 0.00658731 -0.02629086 0.00382367
v 0.00657259 -0.02631881 0.00382434
v 0.00655774 -0.02634604 0.00382583
v 0.00625090 -0.02606140 0.00446218
v 0.00621964 -0.02605356 0.00449037
v 0.00615966 -0.02608954 0.00456546
v 0.00641911 -0.02565828 0.00453526
v 0.00640576 -0.02561170 0.00457077
v 0.00638263 -0.02553522 0.00466024
v 0.00684158 -0.02560041 0.00396187
v 0.00686921 -0.02554899 0.00394022
v 0.00694790 -0.02547226 0.00389549
v 0.00621072 -0.02648172 0.00423257
v 0.00621072 -0.02646146 0.00424876
v 0.00621144 -0.02644006 0.00426475
v 0.00630726 -0.02662806 0.00397833
v 0.00629653 -0.02663012 0.00399248
v 0.00628581 -0.02662768 0.00400672
v 0.00632995 -0.02661757 0.00395122
v 0.00634272 -0.02661401 0.00393879
v 0.00635555 -0.02660687 0.00392670
v 0.00623675 -0.02659624 0.00410020
v 0.00623104 -0.02658686 0.00411665
v 0.00622599 -0.02657602 0.00413321
v 0.00676298 -0.02586263 0.00389819
v 0.00677194 -0.02583167 0.00390893
v 0.00678029 -0.02580114 0.00392029
v 0.00682577 -0.02558713 0.00403086
v 0.00682205 -0.02560968 0.00401531
v 0.00681834 -0.02563527 0.00400043
v 0.00680151 -0.02537664 0.00422671
v 0.00680762 -0.02538706 0.00421036
v 0.00681386 -0.02540118 0.00419431
v 0.00680891 -0.02568934 0.00397194
v 0.00680315 -0.02571754 0.00395839
v 0.00679663 -0.02574620 0.00394528
v 0.00677180 -0.02535387 0.00429095
v 0.00678009 -0.02535701 0.00427520
v 0.00678779 -0.02536175 0.00425919
v 0.00668537 -0.02538368 0.00440289
v 0.00669786 -0.02537462 0.00439057
v 0.00670994 -0.02536705 0.00437771
v 0.00651015 -0.02558476 0.00449535
v 0.00652513 -0.02556035 0.00449143
v 0.00654030 -0.02553769 0.00448693
v 0.00673269 -0.02535652 0.00435051
v 0.00674333 -0.02535360 0.00433622
v 0.00675342 -0.02535224 0.00432152
v 0.00640905 -0.02655611 0.00388356
v 0.00639518 -0.02657093 0.00389339
v 0.00638163 -0.02658435 0.00390388
v 0.00652780 -0.02639781 0.00383126
v 0.00651278 -0.02642232 0.00383517
v 0.00649778 -0.02644578 0.00383988
v 0.00669653 -0.02604784 0.00384762
v 0.00668406 -0.02607953 0.00384184
v 0.00667114 -0.02611087 0.00383682
v 0.00646687 -0.02648409 0.00385121
v 0.00645206 -0.02650365 0.00385819
v 0.00643750 -0.02652244 0.00386594
v 0.00648616 -0.02554195 0.00453209
v 0.00647959 -0.02548390 0.00456689
v 0.00647165 -0.02537646 0.00465457
v 0.00677443 -0.02585991 0.00385298
v 0.00679721 -0.02583858 0.00382128
v 0.00685931 -0.02581801 0.00375041
v 0.00620781 -0.02666024 0.00407242
v 0.00617589 -0.02672672 0.00406292
v 0.00610786 -0.02690667 0.00404486
v 0.00624441 -0.02668464 0.00400285
v 0.00621642 -0.02675293 0.00398643
v 0.00615780 -0.02693961 0.00395241
v 0.00672588 -0.02600092 0.00381564
v 0.00674405 -0.02599377 0.00378032
v 0.00679500 -0.02600685 0.00370085
v 0.00634574 -0.02664309 0.00388317
v 0.00632788 -0.02670608 0.00385479
v 0.00629311 -0.02688202 0.00379278
v 0.00673877 -0.02526592 0.00438346
v 0.00675678 -0.02518212 0.00440267
v 0.00680831 -0.02501249 0.00445419
v 0.00682066 -0.02527450 0.00424840
v 0.00684809 -0.02519637 0.00425537
v 0.00691862 -0.02502925 0.00427519
v 0.00621285 -0.02619767 0.00441356
v 0.00617863 -0.02620806 0.00443752
v 0.00610904 -0.02627440 0.00450034
v 0.00647303 -0.02649971 0.00380551
v 0.00646657 -0.02654217 0.00376898
v 0.00646072 -0.02668077 0.00368828
v 0.00617244 -0.02644128 0.00428972
v 0.00613444 -0.02647670 0.00430089
v 0.00605724 -0.02660743 0.00433472
v 0.00639167 -0.02579957 0.00449498
v 0.00640579 -0.02577067 0.00449790
v 0.00642032 -0.02574274 0.00450014
v 0.00623005 -0.02628455 0.00435303
v 0.00623577 -0.02625659 0.00436647
v 0.00624214 -0.02622790 0.00437942
v 0.00621504 -0.02639356 0.00429585
v 0.00621746 -0.02636602 0.00431044
v 0.00622069 -0.02633820 0.00432477
v 0.00629351 -0.02604530 0.00444506
v 0.00630407 -0.02601382 0.00445374
v 0.00631520 -0.02598255 0.00446180
v -0.00615579 0.02506851 -0.00396526
v -0.00611006 0.02519714 -0.00395534
v -0.00607203 0.02534558 -0.00394817
v -0.00623796 0.02469504 -0.00421597
v -0.00623240 0.02472098 -0.00415149
v -0.00623349 0.02477024 -0.00408849
v -0.00621853 0.02479750 -0.00408971
v -0.00620810 0.02476560 -0.00415326
v -0.00620352 0.02475825 -0.00421837
v -0.00612182 0.02491006 -0.00419045
v -0.00614697 0.02488106 -0.00413126
v -0.00617961 0.02487207 -0.00407559
v -0.00616751 0.02492143 -0.00406789
v -0.00612952 0.02496385 -0.00411995
v -0.00609958 0.02502416 -0.00417443
v -0.00606197 0.02513997 -0.00411475
v -0.00610374 0.02504403 -0.00407735
v -0.00615231 0.02497184 -0.00404172
v -0.00614710 0.02500848 -0.00401797
v -0.00609525 0.02509863 -0.00403983
v -0.00605020 0.02520959 -0.00406599
v -0.00606041 0.02532644 -0.00398939
v -0.00610178 0.02518382 -0.00398486
v -0.00615049 0.02506125 -0.00398339
v -0.00612452 0.02535534 -0.00386257
v -0.00614911 0.02520572 -0.00389121
v -0.00617984 0.02507485 -0.00392572
v -0.00619043 0.02506321 -0.00391386
v -0.00616515 0.02518588 -0.00387286
v -0.00614763 0.02532633 -0.00383557
v -0.00622317 0.02521245 -0.00378247
v -0.00622208 0.02509943 -0.00383316
v -0.00622715 0.02500816 -0.00388917
v -0.00624903 0.02497829 -0.00388368
v -0.00625583 0.02505278 -0.00382497
v -0.00626760 0.02514987 -0.00377155
v -0.00634550 0.02503441 -0.00377878
v -0.00631243 0.02497187 -0.00382976
v -0.00628400 0.02493098 -0.00388635
v -0.00629566 0.02489877 -0.00389125
v -0.00633235 0.02491843 -0.00383788
v -0.00637392 0.02495856 -0.00379047
v -0.00641979 0.02476330 -0.00383897
v -0.00636622 0.02477362 -0.00387441
v -0.00631706 0.02480834 -0.00391473
v -0.00632515 0.02476972 -0.00393253
v -0.00637831 0.02471383 -0.00390183
v -0.00643582 0.02468319 -0.00387535
v -0.00644817 0.02457952 -0.00395398
v -0.00638747 0.02463752 -0.00395890
v -0.00633061 0.02471987 -0.00396906
v -0.00632726 0.02469993 -0.00399173
v -0.00638122 0.02460287 -0.00399723
v -0.00643993 0.02453381 -0.00400475
v -0.00640725 0.02449791 -0.00408128
v -0.00635771 0.02457920 -0.00405224
v -0.00631255 0.02468584 -0.00402713
v -0.00629965 0.02469107 -0.00404748
v -0.00633791 0.02459025 -0.00408602
v -0.00638113 0.02451590 -0.00412614
v -0.00631723 0.02458150 -0.00418507
v -0.00629115 0.02463801 -0.00412913
v -0.00627015 0.02472060 -0.00407483
v -0.00625238 0.02474266 -0.00408304
v -0.00626266 0.02467047 -0.00414156
v -0.00627821 0.02462386 -0.00420241
v -0.00620145 0.02482657 -0.00408577
v -0.00618206 0.02480803 -0.00414771
v -0.00616734 0.02481664 -0.00421102
v -0.00616040 0.02494419 -0.00405853
v -0.00611761 0.02499805 -0.00410417
v -0.00608106 0.02507600 -0.00415115
v -0.00614756 0.02504473 -0.00399822
v -0.00609723 0.02515984 -0.00400947
v -0.00605428 0.02529228 -0.00402539
v -0.00616665 0.02507018 -0.00394264
v -0.00612692 0.02519627 -0.00391838
v -0.00609341 0.02534359 -0.00389896
v -0.00620670 0.02503738 -0.00390002
v -0.00619129 0.02514238 -0.00384946
v -0.00618231 0.02526826 -0.00380365
v -0.00626924 0.02495650 -0.00388361
v -0.00628796 0.02501702 -0.00382507
v -0.00631112 0.02509953 -0.00377225
v -0.00630625 0.02485408 -0.00390037
v -0.00634897 0.02484428 -0.00385211
v -0.00639671 0.02485641 -0.00380925
v -0.00633071 0.02474392 -0.00395125
v -0.00638747 0.02467420 -0.00393233
v -0.00644786 0.02463198 -0.00391738
v -0.00632354 0.02469295 -0.00401002
v -0.00637674 0.02459524 -0.00402577
v -0.00643324 0.02452454 -0.00404494
v -0.00628545 0.02470264 -0.00406250
v -0.00631534 0.02460685 -0.00410842
v -0.00635013 0.02453685 -0.00415674
v 0.00536796 0.03131789 0.00106700
v 0.00487429 0.03204529 0.00080727
v 0.00436955 0.03270945 0.00054525
v 0.00513550 0.03151171 0.00156456
v 0.00464531 0.03222681 0.00129235
v 0.00414493 0.03287898 0.00101702
v 0.00488248 0.03165443 0.00205502
v 0.00439663 0.03235970 0.00177032
v 0.00390153 0.03300312 0.00148174
v 0.01137151 -0.00187002 0.00531593
v 0.01142232 -0.00015670 0.00526257
v 0.01143902 0.00155858 0.00519342
v 0.01117837 -0.00174651 0.00572663
v 0.01122268 -0.00002702 0.00569236
v 0.01123325 0.00169468 0.00564091
v 0.01096896 -0.00166250 0.00613077
v 0.01100189 0.00006132 0.00611321
v 0.01100388 0.00178688 0.00607842
v 0.00720975 0.02775702 0.00207394
v 0.00676998 0.02873870 0.00182763
v 0.00631632 0.02966177 0.00157755
v 0.00695602 0.02793017 0.00260602
v 0.00651936 0.02890913 0.00235227
v 0.00607194 0.02984175 0.00209458
v 0.00668380 0.02806209 0.00313088
v 0.00625183 0.02904599 0.00287035
v 0.00580820 0.02997788 0.00260441
v -0.00331191 0.03292510 -0.00299375
v -0.00383763 0.03231532 -0.00320678
v -0.00433456 0.03160483 -0.00340204
v -0.00339895 0.03296944 -0.00280703
v -0.00391155 0.03234600 -0.00304451
v -0.00439623 0.03162874 -0.00326453
v -0.00349265 0.03299126 -0.00262400
v -0.00399236 0.03236886 -0.00288671
v -0.00446267 0.03163997 -0.00313076
v 0.01089772 -0.00861101 0.00539990
v 0.01105397 -0.00694945 0.00539736
v 0.01118379 -0.00526921 0.00538183
v 0.01073945 -0.00851155 0.00572727
v 0.01088744 -0.00684477 0.00574733
v 0.01100907 -0.00515870 0.00575337
v 0.01056636 -0.00844222 0.00604804
v 0.01070725 -0.00677386 0.00609165
v 0.01081724 -0.00508281 0.00611759
v 0.00879645 0.02321100 0.00300764
v 0.00842593 0.02443188 0.00278247
v 0.00803745 0.02559765 0.00255150
v 0.00853668 0.02339112 0.00355742
v 0.00816711 0.02461201 0.00332971
v 0.00778001 0.02577691 0.00309495
v 0.00825364 0.02351373 0.00409798
v 0.00788674 0.02473946 0.00386856
v 0.00750129 0.02590425 0.00363012
v -0.00111612 0.03455417 -0.00205908
v -0.00167105 0.03425311 -0.00230060
v -0.00222257 0.03388474 -0.00253742
v -0.00125025 0.03461775 -0.00177415
v -0.00179395 0.03431886 -0.00203986
v -0.00233402 0.03394704 -0.00230121
v -0.00139549 0.03466150 -0.00149505
v -0.00192689 0.03435853 -0.00178411
v -0.00245393 0.03397566 -0.00206901
v 0.01003493 -0.01500106 0.00528915
v 0.01028319 -0.01345049 0.00533392
v 0.01051157 -0.01186632 0.00536804
v 0.00991873 -0.01492579 0.00552271
v 0.01015543 -0.01336847 0.00559136
v 0.01037102 -0.01177604 0.00564815
v 0.00979461 -0.01487507 0.00575295
v 0.01001826 -0.01331234 0.00584474
v 0.01021960 -0.01171315 0.00592337
v 0.01007735 0.01780350 0.00383922
v 0.00979407 0.01923933 0.00364457
v 0.00948211 0.02061458 0.00343942
v 0.00982159 0.01798310 0.00438750
v 0.00953641 0.01942033 0.00419544
v 0.00922390 0.02079763 0.00399152
v 0.00954044 0.01810302 0.00492568
v 0.00925242 0.01953878 0.00473574
v 0.00894038 0.02091951 0.00453360
v 0.00112756 0.03489657 -0.00104421
v 0.00056624 0.03494680 -0.00130420
v 0.00000387 0.03490494 -0.00156047
v 0.00094834 0.03500125 -0.00067379
v 0.00039780 0.03504915 -0.00095398
v -0.00015347 0.03498578 -0.00123086
v 0.00075509 0.03507659 -0.00030976
v 0.00021587 0.03511065 -0.00060968
v -0.00032334 0.03504574 -0.00090755
v 0.01095054 0.01162781 0.00451761
v 0.01077718 0.01323373 0.00436592
v 0.01057165 0.01479970 0.00420120
v 0.01070768 0.01179493 0.00504107
v 0.01053159 0.01340671 0.00489859
v 0.01032094 0.01497400 0.00474004
v 0.01044418 0.01191189 0.00555673
v 0.01025790 0.01351938 0.00541976
v 0.01004311 0.01508779 0.00526777
v 0.00332348 0.03378682 0.00001554
v 0.00278602 0.03420640 -0.00025065
v 0.00223918 0.03452527 -0.00051656
v 0.00311124 0.03394278 0.00045753
v 0.00258010 0.03434483 0.00017483
v 0.00204136 0.03465485 -0.00010861
v 0.00288031 0.03404280 0.00089243
v 0.00235656 0.03442850 0.00059327
v 0.00182689 0.03473140 0.00029260
v 0.01137200 0.00496773 0.00500987
v 0.01129741 0.00665338 0.00490004
v 0.01120846 0.00833073 0.00478397
v 0.01115430 0.00511652 0.00548796
v 0.01107763 0.00681050 0.00539317
v 0.01097864 0.00849081 0.00528753
v 0.01091558 0.00521866 0.00595796
v 0.01083193 0.00691668 0.00587614
v 0.01072645 0.00860083 0.00578249
v 0.01037147 0.00527785 0.00686388
v 0.01027370 0.00697898 0.00680818
v 0.01015502 0.00866630 0.00673862
v 0.01007262 0.00523714 0.00729982
v 0.00996522 0.00693631 0.00725548
v 0.00983773 0.00862150 0.00719651
v 0.00975573 0.00514904 0.00772184
v 0.00964430 0.00684891 0.00769317
v 0.00950390 0.00852804 0.00764139
v 0.00431689 0.03177990 0.00300895
v 0.00384405 0.03248655 0.00270092
v 0.00335965 0.03309912 0.00238477
v 0.00400650 0.03176700 0.00347015
v 0.00354030 0.03247041 0.00315035
v 0.00306331 0.03307699 0.00282100
v 0.00367608 0.03168162 0.00391641
v 0.00321782 0.03238685 0.00358576
v 0.00275033 0.03300218 0.00324495
v 0.01049222 -0.00161258 0.00690807
v 0.01050411 0.00011277 0.00692477
v 0.01048866 0.00184011 0.00692347
v 0.01023292 -0.00164768 0.00728300
v 0.01023035 0.00007582 0.00731405
v 0.01020457 0.00180107 0.00732856
v 0.00995666 -0.00172208 0.00764473
v 0.00994134 -0.00000265 0.00769106
v 0.00990398 0.00171845 0.00772043
v 0.00607485 0.02815387 0.00414914
v 0.00565300 0.02914928 0.00387618
v 0.00522128 0.03009906 0.00359647
v 0.00574120 0.02811954 0.00464045
v 0.00532347 0.02911533 0.00436087
v 0.00489654 0.03006608 0.00407385
v 0.00538501 0.02801014 0.00511423
v 0.00497418 0.02901876 0.00483052
v 0.00455312 0.02997516 0.00453715
v -0.00370452 0.03300730 -0.00227301
v -0.00417237 0.03236974 -0.00258335
v -0.00461312 0.03164296 -0.00287615
v -0.00382140 0.03298795 -0.00210352
v -0.00427211 0.03234875 -0.00243691
v -0.00469612 0.03162327 -0.00275283
v -0.00394510 0.03295114 -0.00193805
v -0.00437901 0.03232083 -0.00229440
v -0.00478562 0.03159827 -0.00263273
v 0.01018377 -0.00839948 0.00666987
v 0.01030157 -0.00673039 0.00675610
v 0.01039281 -0.00503958 0.00682493
v 0.00997521 -0.00842611 0.00696941
v 0.01008042 -0.00675999 0.00707643
v 0.01015929 -0.00507151 0.00716502
v 0.00975647 -0.00848516 0.00726093
v 0.00984925 -0.00682462 0.00738891
v 0.00991004 -0.00513778 0.00749305
v 0.00762547 0.02359847 0.00514789
v 0.00726096 0.02482487 0.00491390
v 0.00688211 0.02600036 0.00467021
v 0.00727757 0.02354649 0.00565137
v 0.00691594 0.02477773 0.00541637
v 0.00653924 0.02595348 0.00516955
v 0.00691014 0.02343651 0.00613935
v 0.00655140 0.02467249 0.00590364
v 0.00617581 0.02584360 0.00565270
v -0.00172004 0.03467866 -0.00095650
v -0.00222401 0.03436881 -0.00129069
v -0.00272374 0.03399152 -0.00162228
v -0.00189900 0.03465174 -0.00069744
v -0.00238837 0.03434640 -0.00105346
v -0.00287236 0.03396433 -0.00140696
v -0.00208753 0.03459283 -0.00044521
v -0.00256130 0.03429156 -0.00082222
v -0.00302921 0.03391420 -0.00119718
v 0.00951860 -0.01484000 0.00619831
v 0.00971135 -0.01327079 0.00633343
v 0.00988555 -0.01167006 0.00645649
v 0.00936733 -0.01485555 0.00641221
v 0.00954434 -0.01328794 0.00656866
v 0.00970374 -0.01168990 0.00671309
v 0.00920947 -0.01489578 0.00662076
v 0.00937250 -0.01333545 0.00679970
v 0.00951574 -0.01174086 0.00696449
v 0.00890944 0.01816894 0.00596637
v 0.00861961 0.01960830 0.00578271
v 0.00830742 0.02099303 0.00558403
v 0.00855828 0.01810765 0.00646301
v 0.00826846 0.01954949 0.00628336
v 0.00795754 0.02093851 0.00608763
v 0.00818789 0.01798986 0.00694352
v 0.00789605 0.01942897 0.00676644
v 0.00758469 0.02081712 0.00657254
v 0.00032680 0.03508625 0.00039568
v -0.00018744 0.03511657 0.00005676
v -0.00070082 0.03506066 -0.00028210
v 0.00009314 0.03502053 0.00073489
v -0.00040787 0.03506264 0.00037736
v -0.00090763 0.03501154 0.00001886
v -0.00015239 0.03492592 0.00106433
v -0.00063968 0.03496953 0.00068861
v -0.00112555 0.03493627 0.00031131
v 0.00849255 -0.02048643 0.00549293
v 0.00878729 -0.01920304 0.00569381
v 0.00905812 -0.01782389 0.00587944
v 0.00840519 -0.02049375 0.00561686
v 0.00868404 -0.01921294 0.00584064
v 0.00893855 -0.01783532 0.00604884
v 0.00831177 -0.02050993 0.00573621
v 0.00857318 -0.01923299 0.00598169
v 0.00881039 -0.01785973 0.00621168
v 0.00984036 0.01197244 0.00654818
v 0.00964252 0.01357794 0.00642601
v 0.00942165 0.01514956 0.00628849
v 0.00950812 0.01192283 0.00702391
v 0.00930603 0.01352837 0.00691011
v 0.00907814 0.01509445 0.00677708
v 0.00915789 0.01182146 0.00748518
v 0.00895034 0.01342463 0.00737887
v 0.00871885 0.01499021 0.00725277
v 0.00236761 0.03408857 0.00173592
v 0.00186160 0.03444795 0.00140421
v 0.00135245 0.03474165 0.00107008
v 0.00208762 0.03403558 0.00214195
v 0.00159248 0.03439695 0.00179493
v 0.00109417 0.03467873 0.00144410
v 0.00179368 0.03394746 0.00253691
v 0.00130952 0.03430404 0.00217443
v 0.00082285 0.03457561 0.00180712
v 0.00841872 0.01148031 0.00837075
v 0.00819529 0.01307173 0.00827460
v 0.00795096 0.01462641 0.00815713
v 0.00802454 0.01123218 0.00878700
v 0.00779505 0.01281945 0.00869738
v 0.00754716 0.01437346 0.00858697
v 0.00761821 0.01093726 0.00918727
v 0.00738239 0.01252000 0.00910388
v 0.00712919 0.01407014 0.00899871
v 0.00116384 0.03362688 0.00328661
v 0.00070404 0.03398214 0.00289476
v 0.00024337 0.03424454 0.00249598
v 0.00082972 0.03339537 0.00363916
v 0.00038315 0.03375433 0.00323359
v -0.00006330 0.03403185 0.00282124
v 0.00048432 0.03312286 0.00397633
v 0.00005150 0.03349368 0.00355822
v -0.00038041 0.03377988 0.00313220
v 0.00907787 0.00483519 0.00852477
v 0.00894807 0.00652611 0.00851986
v 0.00879493 0.00820098 0.00849276
v 0.00871518 0.00460839 0.00890027
v 0.00857856 0.00629442 0.00890971
v 0.00841781 0.00796473 0.00889423
v 0.00834036 0.00433725 0.00925929
v 0.00819151 0.00601334 0.00927748
v 0.00802278 0.00767685 0.00927335
v 0.00296260 0.03131085 0.00475810
v 0.00252292 0.03203246 0.00440873
v 0.00207626 0.03267372 0.00404772
v 0.00258360 0.03103928 0.00515211
v 0.00215358 0.03176853 0.00479398
v 0.00171718 0.03241279 0.00442243
v 0.00219231 0.03072146 0.00552835
v 0.00177201 0.03145667 0.00516152
v 0.00134656 0.03211128 0.00478082
v 0.00936797 -0.00198960 0.00833336
v 0.00932548 -0.00028324 0.00840835
v 0.00926412 0.00142506 0.00846644
v 0.00905976 -0.00218265 0.00866145
v 0.00900387 -0.00048470 0.00875071
v 0.00892629 0.00121506 0.00881895
v 0.00874073 -0.00241420 0.00897572
v 0.00867098 -0.00072632 0.00907865
v 0.00857865 0.00096375 0.00915797
v 0.00462017 0.02761646 0.00601050
v 0.00422128 0.02863920 0.00571799
v 0.00381122 0.02959543 0.00541098
v 0.00421557 0.02734368 0.00643260
v 0.00382117 0.02836318 0.00613384
v 0.00341809 0.02932798 0.00582199
v 0.00379677 0.02701592 0.00683469
v 0.00340727 0.02803280 0.00652983
v 0.00301010 0.02899523 0.00621119
v -0.00420759 0.03280849 -0.00162031
v -0.00460631 0.03220596 -0.00202032
v -0.00497635 0.03149885 -0.00240138
v -0.00434549 0.03271064 -0.00147065
v -0.00472493 0.03212055 -0.00189111
v -0.00507625 0.03142836 -0.00229268
v -0.00448696 0.03259155 -0.00132809
v -0.00484737 0.03202322 -0.00176857
v -0.00517980 0.03135111 -0.00219008
v 0.00929021 -0.00869994 0.00781711
v 0.00934705 -0.00705037 0.00797812
v 0.00938150 -0.00537993 0.00812026
v 0.00904144 -0.00885301 0.00807852
v 0.00908369 -0.00721533 0.00825849
v 0.00910238 -0.00555479 0.00841741
v 0.00878578 -0.00903854 0.00833031
v 0.00880935 -0.00741181 0.00852537
v 0.00881173 -0.00576339 0.00870033
v 0.00611872 0.02303478 0.00706019
v 0.00576328 0.02426880 0.00682100
v 0.00539256 0.02543632 0.00656358
v 0.00570081 0.02275795 0.00749438
v 0.00534630 0.02398769 0.00725238
v 0.00497755 0.02515043 0.00699083
v 0.00526907 0.02242998 0.00790938
v 0.00491574 0.02365613 0.00766459
v 0.00455097 0.02482396 0.00740165
v -0.00248895 0.03438077 0.00003668
v -0.00292954 0.03410014 -0.00038006
v -0.00336295 0.03373798 -0.00079571
v -0.00269926 0.03421815 0.00026431
v -0.00312323 0.03396450 -0.00017104
v -0.00353879 0.03361841 -0.00060609
v -0.00291761 0.03404416 0.00048196
v -0.00332271 0.03379958 0.00002858
v -0.00371936 0.03346875 -0.00042504
v 0.00887192 -0.01504442 0.00701747
v 0.00900281 -0.01350303 0.00723819
v 0.00911172 -0.01192259 0.00744165
v 0.00869304 -0.01515246 0.00720468
v 0.00880764 -0.01362525 0.00744596
v 0.00890368 -0.01206210 0.00767214
v 0.00850967 -0.01528552 0.00738531
v 0.00860730 -0.01377456 0.00764646
v 0.00868389 -0.01222270 0.00788966
v 0.00739966 0.01760019 0.00785656
v 0.00710159 0.01902808 0.00768210
v 0.00678837 0.02041148 0.00749099
v 0.00698787 0.01733996 0.00829215
v 0.00668502 0.01875857 0.00811662
v 0.00636955 0.02013647 0.00792529
v 0.00656284 0.01703126 0.00871054
v 0.00625813 0.01844876 0.00853713
v 0.00594104 0.01982419 0.00834622
v -0.00067563 0.03458502 0.00168832
v -0.00113348 0.03466227 0.00127986
v -0.00158922 0.03465833 0.00086791
v -0.00095212 0.03437457 0.00198264
v -0.00139365 0.03444795 0.00155792
v -0.00183310 0.03445900 0.00113001
v -0.00123752 0.03412319 0.00226340
v -0.00166277 0.03421375 0.00182408
v -0.00208539 0.03423858 0.00138069
v 0.00812600 -0.01561683 0.00772095
v 0.00818614 -0.01414234 0.00801789
v 0.00822612 -0.01262566 0.00829620
v 0.00792509 -0.01581115 0.00787362
v 0.00796641 -0.01435994 0.00818784
v 0.00798670 -0.01286330 0.00848181
v 0.00771988 -0.01602592 0.00801667
v 0.00774011 -0.01459688 0.00834539
v 0.00774308 -0.01312744 0.00865712
v 0.00566950 0.01625112 0.00948105
v 0.00536076 0.01766360 0.00931122
v 0.00504005 0.01903006 0.00911963
v 0.00520270 0.01577820 0.00982827
v 0.00489315 0.01719082 0.00966235
v 0.00457255 0.01855882 0.00947356
v 0.00472865 0.01526505 0.01015686
v 0.00441784 0.01667767 0.00999462
v 0.00409620 0.01804393 0.00980674
v -0.00183575 0.03356908 0.00278640
v -0.00222651 0.03367464 0.00231768
v -0.00261409 0.03372668 0.00184475
v -0.00214721 0.03325415 0.00302695
v -0.00252032 0.03337111 0.00254431
v -0.00289079 0.03344853 0.00205805
v -0.00246554 0.03290763 0.00325242
v -0.00282225 0.03305774 0.00275824
v -0.00317445 0.03314960 0.00225837
v 0.00676276 0.01019507 0.00992334
v 0.00651518 0.01176746 0.00985348
v 0.00624944 0.01330376 0.00975567
v 0.00631763 0.00975217 0.01025879
v 0.00606186 0.01131417 0.01019202
v 0.00578779 0.01283716 0.01009360
v 0.00586447 0.00926622 0.01057474
v 0.00559871 0.01081406 0.01050715
v 0.00531918 0.01232927 0.01041242
v -0.00023672 0.03245975 0.00460198
v -0.00064132 0.03286782 0.00416182
v -0.00104345 0.03318551 0.00371107
v -0.00061064 0.03207297 0.00488942
v -0.00100102 0.03250398 0.00443963
v -0.00138758 0.03283056 0.00397632
v -0.00099284 0.03166276 0.00516112
v -0.00136845 0.03210309 0.00470007
v -0.00173967 0.03245298 0.00422654
v 0.00756086 0.00366622 0.00992834
v 0.00738961 0.00532157 0.00996563
v 0.00719949 0.00696503 0.00997775
v 0.00715918 0.00326846 0.01023903
v 0.00697390 0.00491060 0.01028163
v 0.00677443 0.00654413 0.01030352
v 0.00674606 0.00282817 0.01052635
v 0.00655047 0.00445811 0.01057926
v 0.00633775 0.00607735 0.01060468
v 0.00137658 0.02994382 0.00622292
v 0.00097627 0.03068175 0.00583784
v 0.00057357 0.03135888 0.00544066
v 0.00095553 0.02952083 0.00654729
v 0.00056542 0.03026255 0.00615321
v 0.00017390 0.03094415 0.00574654
v 0.00052563 0.02906604 0.00685403
v 0.00014600 0.02981892 0.00645247
v -0.00023411 0.03050062 0.00603531
v 0.00807602 -0.00299156 0.00956303
v 0.00797443 -0.00132777 0.00968800
v 0.00785491 0.00033881 0.00979113
v 0.00773030 -0.00333567 0.00983305
v 0.00761546 -0.00168673 0.00997185
v 0.00748029 -0.00003357 0.01008399
v 0.00737759 -0.00371600 0.01008754
v 0.00724613 -0.00208274 0.01023555
v 0.00709582 -0.00044475 0.01035682
v 0.00292635 0.02624108 0.00758617
v 0.00254672 0.02725039 0.00726766
v 0.00216250 0.02821683 0.00693699
v 0.00247591 0.02579437 0.00793430
v 0.00210338 0.02682321 0.00761506
v 0.00172521 0.02778885 0.00727697
v 0.00201758 0.02532578 0.00826880
v 0.00165055 0.02636072 0.00794474
v 0.00127873 0.02732792 0.00759951
v -0.00478789 0.03233432 -0.00106738
v -0.00510586 0.03179813 -0.00154431
v -0.00539736 0.03116631 -0.00200223
v -0.00494719 0.03218811 -0.00094813
v -0.00524383 0.03167420 -0.00144175
v -0.00551388 0.03106309 -0.00191608
v -0.00511101 0.03202476 -0.00083571
v -0.00538506 0.03152852 -0.00134441
v -0.00563407 0.03094502 -0.00183418
v 0.00825251 -0.00950222 0.00879998
v 0.00823906 -0.00790425 0.00902430
v 0.00820731 -0.00628529 0.00922911
v 0.00797451 -0.00977748 0.00901501
v 0.00794271 -0.00819770 0.00925352
v 0.00789324 -0.00659631 0.00947204
v 0.00769040 -0.01008139 0.00921670
v 0.00763891 -0.00852062 0.00946735
v 0.00757227 -0.00693962 0.00969990
v 0.00436737 0.02161975 0.00867607
v 0.00401918 0.02285144 0.00843008
v 0.00366377 0.02404144 0.00816885
v 0.00390134 0.02114809 0.00902940
v 0.00355733 0.02239411 0.00878732
v 0.00320462 0.02358676 0.00852400
v 0.00342840 0.02064554 0.00936748
v 0.00308533 0.02188922 0.00912240
v 0.00273646 0.02309393 0.00886062
v -0.00337461 0.03361450 0.00088374
v -0.00374259 0.03341719 0.00039679
v -0.00410112 0.03313339 -0.00009180
v -0.00361383 0.03337083 0.00106748
v -0.00396384 0.03320876 0.00056527
v -0.00430254 0.03294765 0.00006050
v -0.00386021 0.03311687 0.00124011
v -0.00418992 0.03297202 0.00072318
v -0.00450919 0.03274170 0.00020355
v -0.00544651 0.03163909 -0.00063155
v -0.00567592 0.03119431 -0.00116747
v -0.00587951 0.03065683 -0.00168388
v -0.00561545 0.03141808 -0.00054114
v -0.00582058 0.03099602 -0.00108886
v -0.00600112 0.03048730 -0.00161708
v -0.00578502 0.03118256 -0.00045950
v -0.00596642 0.03079135 -0.00101820
v -0.00612232 0.03030805 -0.00155701
v 0.00710381 -0.01076808 0.00957435
v 0.00701536 -0.00925530 0.00985076
v 0.00690998 -0.00771719 0.01010425
v 0.00680312 -0.01114914 0.00972951
v 0.00669560 -0.00966321 0.01001720
v 0.00657055 -0.00814914 0.01027960
v 0.00649908 -0.01155471 0.00986908
v 0.00636933 -0.01009286 0.01016239
v 0.00622644 -0.00860770 0.01043577
v 0.00245884 0.01952439 0.00998580
v 0.00211917 0.02077829 0.00974007
v 0.00177533 0.02199562 0.00947641
v 0.00196145 0.01888843 0.01025508
v 0.00162368 0.02014898 0.01001032
v 0.00128225 0.02137039 0.00974511
v 0.00145700 0.01819540 0.01049113
v 0.00112099 0.01945784 0.01024580
v 0.00078248 0.02068625 0.00998130
v -0.00436829 0.03254909 0.00155075
v -0.00465615 0.03244483 0.00100758
v -0.00493256 0.03225836 0.00046148
v -0.00462759 0.03222974 0.00168771
v -0.00489372 0.03214858 0.00113308
v -0.00514717 0.03198250 0.00057535
v -0.00489005 0.03189100 0.00181191
v -0.00513349 0.03183156 0.00124668
v -0.00536449 0.03169445 0.00067853
v 0.00729752 -0.01651244 0.00827138
v 0.00727592 -0.01513687 0.00862758
v 0.00723406 -0.01371247 0.00896168
v 0.00708136 -0.01678271 0.00838230
v 0.00703638 -0.01543266 0.00874817
v 0.00697435 -0.01403894 0.00909496
v 0.00686192 -0.01706825 0.00848104
v 0.00679428 -0.01574759 0.00885644
v 0.00671069 -0.01438416 0.00921333
v 0.00376023 0.01411772 0.01075443
v 0.00344599 0.01553087 0.01059971
v 0.00312348 0.01690333 0.01041859
v 0.00326513 0.01347646 0.01101553
v 0.00294915 0.01489051 0.01086574
v 0.00262534 0.01626252 0.01068620
v 0.00276462 0.01279292 0.01125102
v 0.00244497 0.01419780 0.01109883
v 0.00211972 0.01556615 0.01091961
v -0.00312160 0.03214638 0.00365916
v -0.00344237 0.03233582 0.00314138
v -0.00375888 0.03248122 0.00261844
v -0.00345688 0.03172053 0.00383814
v -0.00376026 0.03194151 0.00331088
v -0.00405814 0.03211198 0.00277739
v -0.00379515 0.03125873 0.00399919
v -0.00408115 0.03151419 0.00346377
v -0.00435958 0.03170756 0.00292044
v 0.00718653 -0.02137834 0.00667728
v 0.00724046 -0.02026748 0.00709220
v 0.00727961 -0.01908713 0.00750067
v 0.00706297 -0.02153790 0.00674308
v 0.00709314 -0.02045234 0.00716878
v 0.00710798 -0.01929720 0.00758756
v 0.00693533 -0.02169881 0.00680021
v 0.00694541 -0.02065324 0.00723912
v 0.00693565 -0.01952439 0.00766698
v 0.00493255 0.00816058 0.01113502
v 0.00465507 0.00969409 0.01108038
v 0.00436439 0.01119467 0.01099273
v 0.00445729 0.00754564 0.01138001
v 0.00417272 0.00906887 0.01132927
v 0.00387714 0.01056320 0.01124695
v 0.00397736 0.00689137 0.01160087
v 0.00368705 0.00840708 0.01155815
v 0.00338625 0.00989496 0.01148095
v -0.00177794 0.03072484 0.00564679
v -0.00212381 0.03120620 0.00516839
v -0.00246307 0.03159503 0.00467519
v -0.00217802 0.03018799 0.00585715
v -0.00250833 0.03068831 0.00537099
v -0.00283145 0.03110304 0.00487024
v -0.00258312 0.02962966 0.00604937
v -0.00289722 0.03014368 0.00555474
v -0.00320378 0.03058149 0.00504651
v 0.00589752 0.00182858 0.01103838
v 0.00567649 0.00342756 0.01110317
v 0.00544323 0.00502006 0.01114426
v 0.00546347 0.00127168 0.01126013
v 0.00523079 0.00285410 0.01133221
v 0.00498641 0.00443116 0.01137927
v 0.00502746 0.00067943 0.01146496
v 0.00478165 0.00224429 0.01154090
v 0.00452424 0.00380374 0.01158883
v -0.00035849 0.02803615 0.00740569
v -0.00071655 0.02880918 0.00698917
v -0.00107305 0.02951880 0.00655724
v -0.00081046 0.02745262 0.00764630
v -0.00115740 0.02824001 0.00722387
v -0.00150180 0.02896515 0.00678551
v -0.00126721 0.02682551 0.00786254
v -0.00160332 0.02763620 0.00743700
v -0.00193534 0.02837527 0.00699209
v 0.00664471 -0.00457608 0.01053265
v 0.00648241 -0.00298121 0.01070094
v 0.00630225 -0.00137880 0.01083955
v 0.00626879 -0.00505401 0.01072458
v 0.00609176 -0.00348156 0.01090361
v 0.00589601 -0.00189896 0.01104897
v 0.00588805 -0.00556190 0.01089536
v 0.00569471 -0.00401283 0.01108184
v 0.00548461 -0.00245234 0.01123556
v 0.00107295 0.02425015 0.00887118
v 0.00071717 0.02529308 0.00853618
v 0.00035942 0.02627639 0.00818055
v 0.00058885 0.02364281 0.00913639
v 0.00023914 0.02469142 0.00879650
v -0.00011127 0.02567104 0.00843199
v 0.00009858 0.02298437 0.00937380
v -0.00024466 0.02403283 0.00902712
v -0.00058721 0.02502322 0.00865885
v -0.00219158 0.02547268 0.00822740
v -0.00250549 0.02631888 0.00779377
v -0.00281244 0.02709178 0.00733827
v -0.00265628 0.02473998 0.00837201
v -0.00295884 0.02560362 0.00793492
v -0.00325386 0.02640119 0.00747705
v -0.00312256 0.02398511 0.00849532
v -0.00341323 0.02486234 0.00805361
v -0.00369600 0.02568174 0.00759288
v 0.00511864 -0.00666363 0.01117593
v 0.00489081 -0.00516365 0.01137079
v 0.00465167 -0.00365213 0.01153909
v 0.00473375 -0.00725713 0.01128931
v 0.00448879 -0.00578270 0.01148704
v 0.00423321 -0.00429552 0.01165699
v 0.00435057 -0.00787904 0.01138691
v 0.00408782 -0.00642937 0.01158469
v 0.00381613 -0.00496704 0.01175591
v -0.00089301 0.02151074 0.00975596
v -0.00122259 0.02258246 0.00940611
v -0.00154943 0.02360297 0.00903475
v -0.00139205 0.02073014 0.00991281
v -0.00171522 0.02181668 0.00956272
v -0.00203402 0.02284677 0.00918766
v -0.00189242 0.01992323 0.01004723
v -0.00220891 0.02101952 0.00969459
v -0.00251955 0.02206011 0.00931618
v -0.00612844 0.03068109 -0.00032422
v -0.00626068 0.03035347 -0.00090149
v -0.00636914 0.02993971 -0.00145882
v -0.00630424 0.03042002 -0.00027033
v -0.00641279 0.03013022 -0.00085534
v -0.00649541 0.02974296 -0.00141966
v -0.00647962 0.03013779 -0.00022508
v -0.00656480 0.02988759 -0.00081634
v -0.00662398 0.02953885 -0.00138688
v 0.00588156 -0.01242999 0.01009579
v 0.00571306 -0.01103089 0.01040655
v 0.00553045 -0.00960248 0.01069285
v 0.00557086 -0.01289921 0.01018406
v 0.00538334 -0.01153504 0.01050301
v 0.00518139 -0.01013794 0.01079525
v 0.00526233 -0.01339377 0.01026006
v 0.00505559 -0.01206555 0.01058626
v 0.00483419 -0.01070048 0.01088355
v 0.00043758 0.01669071 0.01088482
v 0.00010513 0.01796012 0.01064026
v -0.00022800 0.01919196 0.01037207
v -0.00007498 0.01589840 0.01105242
v -0.00040591 0.01716447 0.01080310
v -0.00073613 0.01839330 0.01052975
v -0.00058867 0.01506750 0.01119123
v -0.00091778 0.01633336 0.01093891
v -0.00124541 0.01757056 0.01066682
v -0.00541984 0.03114087 0.00201912
v -0.00562123 0.03115600 0.00143718
v -0.00580563 0.03107672 0.00085086
v -0.00568701 0.03073659 0.00210217
v -0.00586645 0.03078574 0.00151327
v -0.00603005 0.03075154 0.00092008
v -0.00595451 0.03031216 0.00217152
v -0.00611324 0.03040245 0.00157720
v -0.00625357 0.03040088 0.00097782
v 0.00641754 -0.01768685 0.00864331
v 0.00630666 -0.01643626 0.00903761
v 0.00617825 -0.01513523 0.00940954
v 0.00619427 -0.01801977 0.00870722
v 0.00606101 -0.01680512 0.00910834
v 0.00591075 -0.01553916 0.00948693
v 0.00597219 -0.01837089 0.00876117
v 0.00581649 -0.01719344 0.00916798
v 0.00564546 -0.01596687 0.00955403
v 0.00175275 0.01130765 0.01164454
v 0.00142812 0.01270737 0.01149786
v 0.00109994 0.01407171 0.01132041
v 0.00124445 0.01051506 0.01180775
v 0.00091690 0.01191189 0.01166323
v 0.00058704 0.01327431 0.01148619
v 0.00073506 0.00968444 0.01194077
v 0.00040460 0.01107855 0.01179935
v 0.00007314 0.01244362 0.01162726
v -0.00448347 0.03028037 0.00427166
v -0.00473268 0.03059397 0.00372089
v -0.00497468 0.03085857 0.00316290
v -0.00483283 0.02976764 0.00438308
v -0.00506234 0.03010485 0.00382497
v -0.00528251 0.03038523 0.00325876
v -0.00518419 0.02923588 0.00447735
v -0.00539362 0.02959710 0.00391267
v -0.00559356 0.02990551 0.00334046
v 0.00668264 -0.02206862 0.00689996
v 0.00664392 -0.02108164 0.00735422
v 0.00658542 -0.02001338 0.00779718
v 0.00655676 -0.02227224 0.00694116
v 0.00649359 -0.02131678 0.00740147
v 0.00641017 -0.02027940 0.00784970
v 0.00642942 -0.02247990 0.00697442
v 0.00634182 -0.02155780 0.00743938
v 0.00623559 -0.02055975 0.00789400
v 0.00300750 0.00547014 0.01196569
v 0.00270239 0.00696158 0.01192902
v 0.00239116 0.00843455 0.01186371
v 0.00251973 0.00470631 0.01210689
v 0.00220804 0.00618663 0.01207689
v 0.00189090 0.00765015 0.01201600
v 0.00203252 0.00391122 0.01222359
v 0.00171373 0.00537909 0.01219899
v 0.00139070 0.00683361 0.01214417
v -0.00340251 0.02841777 0.00637072
v -0.00368600 0.02898432 0.00586522
v -0.00396072 0.02948206 0.00534582
v -0.00381775 0.02778881 0.00650430
v -0.00408664 0.02838639 0.00599467
v -0.00434512 0.02891129 0.00546953
v -0.00423402 0.02713093 0.00661615
v -0.00448935 0.02776591 0.00610448
v -0.00473432 0.02833585 0.00557771
v 0.00414132 -0.00060758 0.01179401
v 0.00387102 0.00091858 0.01187937
v 0.00359210 0.00244299 0.01193849
v 0.00369529 -0.00129800 0.01192028
v 0.00341310 0.00020711 0.01201047
v 0.00312301 0.00171214 0.01207313
v 0.00324958 -0.00201703 0.01202260
v 0.00295439 -0.00053382 0.01211257
v 0.00265324 0.00095051 0.01217814
v 0.00106390 0.00223432 0.01238427
v 0.00073019 0.00367591 0.01237184
v 0.00039389 0.00510679 0.01231991
v 0.00058415 0.00135520 0.01242261
v 0.00024244 0.00278020 0.01240917
v -0.00010023 0.00419819 0.01235980
v 0.00010920 0.00045256 0.01243694
v -0.00024030 0.00186093 0.01242084
v -0.00058932 0.00326483 0.01237098
v -0.00506949 0.02575425 0.00677893
v -0.00529570 0.02645006 0.00626176
v -0.00550952 0.02708331 0.00572878
v -0.00548409 0.02502277 0.00682544
v -0.00569526 0.02574714 0.00630633
v -0.00589089 0.02640084 0.00576920
v -0.00589551 0.02426713 0.00684912
v -0.00609076 0.02501681 0.00632802
v -0.00626881 0.02569533 0.00578862
v 0.00236607 -0.00353727 0.01216783
v 0.00204629 -0.00209815 0.01226026
v 0.00172216 -0.00065506 0.01232577
v 0.00193078 -0.00433906 0.01221884
v 0.00159816 -0.00292048 0.01230862
v 0.00126232 -0.00149695 0.01237064
v 0.00149868 -0.00516463 0.01224581
v 0.00115358 -0.00376675 0.01233236
v 0.00080654 -0.00236292 0.01239142
v -0.00405622 0.02240467 0.00867423
v -0.00432353 0.02331683 0.00822594
v -0.00458242 0.02418357 0.00776136
v -0.00452176 0.02157991 0.00872876
v -0.00477820 0.02251500 0.00827937
v -0.00502504 0.02340479 0.00781298
v -0.00498639 0.02073827 0.00876171
v -0.00523184 0.02169578 0.00831106
v -0.00546585 0.02260582 0.00784206
v 0.00358629 -0.00919283 0.01151824
v 0.00329186 -0.00780124 0.01172371
v 0.00298928 -0.00639130 0.01189840
v 0.00320902 -0.00988687 0.01155842
v 0.00289842 -0.00852452 0.01176555
v 0.00258121 -0.00714328 0.01194414
v 0.00283481 -0.01060096 0.01157779
v 0.00250853 -0.00927008 0.01178748
v 0.00217711 -0.00792032 0.01197205
v -0.00289471 0.01823402 0.01024793
v -0.00319867 0.01935692 0.00989289
v -0.00349372 0.02042574 0.00951015
v -0.00339273 0.01734020 0.01030574
v -0.00369047 0.01847665 0.00995008
v -0.00397812 0.01956256 0.00956704
v -0.00388588 0.01641287 0.01033238
v -0.00417943 0.01757157 0.00998166
v -0.00445998 0.01867550 0.00959896
v -0.00682982 0.02953397 -0.00016004
v -0.00686587 0.02935475 -0.00075965
v -0.00687710 0.02908137 -0.00133837
v -0.00699945 0.02920569 -0.00014072
v -0.00701050 0.02906429 -0.00074242
v -0.00700002 0.02884017 -0.00132369
v -0.00716459 0.02886336 -0.00013083
v -0.00715330 0.02877268 -0.00073355
v -0.00711913 0.02859242 -0.00131581
v 0.00465146 -0.01445092 0.01037075
v 0.00440413 -0.01319294 0.01070430
v 0.00414471 -0.01189735 0.01101078
v 0.00435011 -0.01501179 0.01040525
v 0.00408229 -0.01378927 0.01074024
v 0.00380221 -0.01252470 0.01104515
v 0.00405110 -0.01558894 0.01042306
v 0.00376200 -0.01439922 0.01075558
v 0.00346322 -0.01317224 0.01106262
v -0.00161537 0.01331558 0.01139440
v -0.00194167 0.01459301 0.01114349
v -0.00226431 0.01584207 0.01086993
v -0.00212632 0.01239568 0.01145671
v -0.00245071 0.01367486 0.01120318
v -0.00277085 0.01492994 0.01092914
v -0.00263343 0.01144503 0.01148877
v -0.00295625 0.01272871 0.01123496
v -0.00327268 0.01398480 0.01095654
v -0.00648533 0.02939742 0.00226869
v -0.00659992 0.02955869 0.00166657
v -0.00669639 0.02963789 0.00105952
v -0.00674625 0.02890658 0.00229625
v -0.00683643 0.02909616 0.00169153
v -0.00691144 0.02922012 0.00108286
v -0.00700327 0.02839504 0.00230980
v -0.00707157 0.02862557 0.00170429
v -0.00712269 0.02878631 0.00109444
v 0.00553310 -0.01912513 0.00883879
v 0.00533262 -0.01802549 0.00925364
v 0.00511678 -0.01687174 0.00964566
v 0.00531586 -0.01952303 0.00886060
v 0.00509414 -0.01846769 0.00927950
v 0.00485656 -0.01735352 0.00967378
v 0.00510246 -0.01994010 0.00887390
v 0.00485761 -0.01892262 0.00929217
v 0.00459940 -0.01785282 0.00968954
v -0.00028072 0.00792823 0.01212720
v -0.00061742 0.00931195 0.01198686
v -0.00095318 0.01067939 0.01182445
v -0.00078454 0.00700376 0.01217537
v -0.00112489 0.00838658 0.01204247
v -0.00146322 0.00975273 0.01188275
v -0.00128387 0.00605329 0.01219577
v -0.00162846 0.00743394 0.01207015
v -0.00196915 0.00879640 0.01191047
v -0.00588402 0.02808862 0.00460929
v -0.00605305 0.02850391 0.00403536
v -0.00621031 0.02886339 0.00345370
v -0.00622913 0.02747019 0.00464582
v -0.00637842 0.02791703 0.00406973
v -0.00651458 0.02830601 0.00348557
v -0.00656878 0.02682095 0.00466217
v -0.00669680 0.02729341 0.00408439
v -0.00681379 0.02772073 0.00350039
v 0.00617728 -0.02292622 0.00702221
v 0.00604289 -0.02208130 0.00749507
v 0.00588699 -0.02115084 0.00795375
v 0.00605197 -0.02315965 0.00703554
v 0.00589409 -0.02235426 0.00751009
v 0.00571639 -0.02146971 0.00797252
v 0.00592890 -0.02340444 0.00704314
v 0.00574879 -0.02264388 0.00751963
v 0.00554717 -0.02179764 0.00798183
v 0.00468369 -0.02080952 0.00886619
v 0.00439691 -0.01988572 0.00928686
v 0.00409662 -0.01890293 0.00968492
v 0.00448101 -0.02126832 0.00884864
v 0.00417213 -0.02038621 0.00926595
v 0.00384973 -0.01944125 0.00965906
v 0.00428053 -0.02172879 0.00881646
v 0.00395065 -0.02089235 0.00923038
v 0.00360849 -0.01999609 0.00962229
v -0.00226436 0.00408357 0.01215298
v -0.00261542 0.00544829 0.01202479
v -0.00296085 0.00680255 0.01186735
v -0.00274096 0.00306658 0.01208042
v -0.00309506 0.00442286 0.01195192
v -0.00344239 0.00577110 0.01179437
v -0.00320712 0.00203443 0.01197846
v -0.00356262 0.00338043 0.01184448
v -0.00391160 0.00472183 0.01168678
v -0.00723140 0.02545382 0.00463735
v -0.00732323 0.02600141 0.00406388
v -0.00740014 0.02649671 0.00348235
v -0.00755562 0.02475187 0.00459710
v -0.00762676 0.02532693 0.00402536
v -0.00768477 0.02585956 0.00344704
v -0.00787398 0.02404110 0.00453656
v -0.00792716 0.02465321 0.00396815
v -0.00796879 0.02523099 0.00339421
v 0.00568629 -0.02390887 0.00703668
v 0.00546089 -0.02323505 0.00751119
v 0.00521665 -0.02248670 0.00797500
v 0.00556744 -0.02416764 0.00702273
v 0.00532221 -0.02354866 0.00749728
v 0.00505503 -0.02284193 0.00795734
v 0.00545196 -0.02443568 0.00700308
v 0.00518523 -0.02386386 0.00747409
v 0.00489733 -0.02320779 0.00793177
v -0.00082243 -0.00141618 0.01238861
v -0.00118719 -0.00004051 0.01237190
v -0.00154940 0.00133634 0.01232548
v -0.00127681 -0.00237766 0.01232371
v -0.00164899 -0.00101890 0.01230607
v -0.00201789 0.00034348 0.01226123
v -0.00172197 -0.00335369 0.01223153
v -0.00210115 -0.00201201 0.01221129
v -0.00247625 -0.00066493 0.01216526
v -0.00670104 0.02267888 0.00682403
v -0.00686071 0.02346844 0.00629870
v -0.00700397 0.02420051 0.00575909
v -0.00708933 0.02184125 0.00677198
v -0.00723527 0.02266553 0.00625017
v -0.00736131 0.02342560 0.00571200
v -0.00746998 0.02099080 0.00669746
v -0.00760268 0.02185035 0.00617988
v -0.00771293 0.02264305 0.00564468
v 0.00064777 -0.00687422 0.01221763
v 0.00027934 -0.00552115 0.01230087
v -0.00008887 -0.00415716 0.01235190
v 0.00023169 -0.00775278 0.01216257
v -0.00014789 -0.00642372 0.01224436
v -0.00052610 -0.00508134 0.01229409
v -0.00017642 -0.00864563 0.01208360
v -0.00056681 -0.00733954 0.01216093
v -0.00095478 -0.00601937 0.01220878
v -0.00589236 0.01894853 0.00873459
v -0.00611757 0.01995694 0.00828681
v -0.00632646 0.02091208 0.00781667
v -0.00632848 0.01800429 0.00867280
v -0.00654222 0.01903285 0.00822593
v -0.00674298 0.02002380 0.00776227
v -0.00675119 0.01703440 0.00857994
v -0.00695545 0.01808806 0.00813727
v -0.00714593 0.01910634 0.00767782
v 0.00209757 -0.01207319 0.01154475
v 0.00174040 -0.01080914 0.01175656
v 0.00137981 -0.00952401 0.01194584
v 0.00173722 -0.01282907 0.01149469
v 0.00136489 -0.01159996 0.01170615
v 0.00098946 -0.01034494 0.01189179
v 0.00138390 -0.01359701 0.01142400
v 0.00099665 -0.01240422 0.01163480
v 0.00060695 -0.01118327 0.01182002
v -0.00485873 0.01449509 0.01030918
v -0.00513832 0.01567383 0.00995446
v -0.00540484 0.01681290 0.00957389
v -0.00533132 0.01349477 0.01024907
v -0.00560323 0.01468281 0.00989255
v -0.00586006 0.01583129 0.00950942
v -0.00578953 0.01246607 0.01015207
v -0.00605434 0.01366513 0.00979604
v -0.00630321 0.01482808 0.00941432
v -0.00749459 0.02818922 -0.00014100
v -0.00743650 0.02819599 -0.00074273
v -0.00735633 0.02811166 -0.00132386
v -0.00765817 0.02784724 -0.00016140
v -0.00757973 0.02791222 -0.00076114
v -0.00747642 0.02787335 -0.00133986
v -0.00782012 0.02750006 -0.00019197
v -0.00772047 0.02761664 -0.00078805
v -0.00759743 0.02763365 -0.00136347
v 0.00346365 -0.01679006 0.01041041
v 0.00313343 -0.01566832 0.01073540
v 0.00279541 -0.01450799 0.01103480
v 0.00317531 -0.01740466 0.01037585
v 0.00282613 -0.01632265 0.01069852
v 0.00246893 -0.01519464 0.01099136
v 0.00289339 -0.01803661 0.01032869
v 0.00252449 -0.01698811 0.01064391
v 0.00214870 -0.01589251 0.01092920
v -0.00363004 0.00946272 0.01146154
v -0.00395112 0.01075905 0.01121201
v -0.00426295 0.01203045 0.01093531
v -0.00411250 0.00842876 0.01139111
v -0.00443351 0.00973119 0.01114635
v -0.00474341 0.01101004 0.01087223
v -0.00458260 0.00737527 0.01128665
v -0.00490261 0.00868031 0.01104423
v -0.00521059 0.00996527 0.01077304
v -0.00750478 0.02731956 0.00229511
v -0.00753133 0.02764257 0.00169121
v -0.00754058 0.02790410 0.00108259
v -0.00775046 0.02676852 0.00226567
v -0.00775695 0.02714016 0.00166424
v -0.00774488 0.02744980 0.00105773
v -0.00799388 0.02621953 0.00221953
v -0.00797891 0.02663371 0.00162174
v -0.00794597 0.02699103 0.00101924
v -0.00813176 0.02677922 -0.00028275
v -0.00799252 0.02699968 -0.00086616
v -0.00782876 0.02711552 -0.00142981
v -0.00828075 0.02641412 -0.00034215
v -0.00811974 0.02667809 -0.00091635
v -0.00793892 0.02685263 -0.00147231
v -0.00842324 0.02604404 -0.00041025
v -0.00824368 0.02636159 -0.00097416
v -0.00804309 0.02658504 -0.00152054
v 0.00234443 -0.01930128 0.01017079
v 0.00193925 -0.01832818 0.01047168
v 0.00152972 -0.01731172 0.01074715
v 0.00208027 -0.01993682 0.01006455
v 0.00165825 -0.01900559 0.01035871
v 0.00123304 -0.01803636 0.01063193
v 0.00182436 -0.02057596 0.00994252
v 0.00138657 -0.01969447 0.01023298
v 0.00094544 -0.01876561 0.01049881
v -0.00549004 0.00523818 0.01100153
v -0.00580463 0.00654357 0.01075608
v -0.00610465 0.00783338 0.01048283
v -0.00592801 0.00416033 0.01082573
v -0.00624002 0.00546750 0.01057904
v -0.00653752 0.00676274 0.01030712
v -0.00635615 0.00307854 0.01063024
v -0.00666566 0.00438867 0.01038230
v -0.00695789 0.00568767 0.01010731
v -0.00846515 0.02511937 0.00206833
v -0.00841010 0.02562146 0.00148534
v -0.00833650 0.02606960 0.00089866
v -0.00869581 0.02458227 0.00196666
v -0.00861806 0.02511749 0.00139332
v -0.00852618 0.02561366 0.00081817
v -0.00891953 0.02404343 0.00185231
v -0.00882291 0.02462180 0.00129011
v -0.00870664 0.02514659 0.00072642
v 0.00389173 -0.02266522 0.00871491
v 0.00352094 -0.02192105 0.00911777
v 0.00313713 -0.02110354 0.00949364
v 0.00370510 -0.02314298 0.00864733
v 0.00331364 -0.02243925 0.00904031
v 0.00290975 -0.02165949 0.00940551
v 0.00352276 -0.02361608 0.00856525
v 0.00311196 -0.02295662 0.00894843
v 0.00268927 -0.02221859 0.00930347
v -0.00410771 -0.00006341 0.01170173
v -0.00446879 0.00126662 0.01156661
v -0.00482145 0.00259617 0.01140798
v -0.00454271 -0.00112593 0.01153278
v -0.00490864 0.00019710 0.01140103
v -0.00526345 0.00152226 0.01124156
v -0.00496735 -0.00219642 0.01134432
v -0.00533855 -0.00088051 0.01121544
v -0.00569457 0.00044085 0.01105279
v -0.00849427 0.02261701 0.00435254
v -0.00851362 0.02331115 0.00378990
v -0.00851863 0.02396778 0.00322213
v -0.00879192 0.02189860 0.00422907
v -0.00879782 0.02264347 0.00367060
v -0.00878255 0.02333493 0.00310525
v -0.00908233 0.02118124 0.00408924
v -0.00907157 0.02196801 0.00353451
v -0.00904506 0.02271744 0.00297608
v -0.00258136 -0.00534182 0.01197338
v -0.00297360 -0.00403361 0.01194558
v -0.00335934 -0.00271620 0.01189138
v -0.00299560 -0.00635341 0.01181506
v -0.00339426 -0.00506085 0.01178316
v -0.00378483 -0.00375661 0.01172352
v -0.00339939 -0.00737611 0.01163861
v -0.00380382 -0.00609743 0.01160053
v -0.00419888 -0.00480514 0.01153479
v -0.00820211 0.01925373 0.00647883
v -0.00831167 0.02018960 0.00597283
v -0.00839538 0.02106076 0.00544731
v -0.00855434 0.01837772 0.00633750
v -0.00864975 0.01934419 0.00583553
v -0.00872120 0.02025569 0.00531574
v -0.00889483 0.01749582 0.00617441
v -0.00898039 0.01850137 0.00567993
v -0.00903841 0.01944979 0.00516554
v -0.00096532 -0.01047054 0.01186030
v -0.00137676 -0.00921246 0.01193066
v -0.00178350 -0.00793496 0.01197072
v -0.00134490 -0.01140167 0.01171912
v -0.00176646 -0.01016652 0.01178422
v -0.00218173 -0.00890788 0.01181687
v -0.00171341 -0.01234057 0.01155584
v -0.00214457 -0.01112735 0.01161418
v -0.00256858 -0.00988991 0.01164234
v -0.00756127 0.01505917 0.00831666
v -0.00774732 0.01616142 0.00788375
v -0.00791759 0.01723189 0.00743378
v -0.00794952 0.01406484 0.00815036
v -0.00812630 0.01518983 0.00772219
v -0.00828708 0.01628640 0.00727773
v -0.00833116 0.01307742 0.00796688
v -0.00849853 0.01422496 0.00754313
v -0.00864931 0.01534642 0.00710352
v 0.00070207 -0.01517044 0.01122799
v 0.00028535 -0.01405184 0.01143482
v -0.00013247 -0.01289311 0.01160980
v 0.00037480 -0.01597307 0.01110304
v -0.00005636 -0.01488933 0.01130433
v -0.00048788 -0.01376800 0.01147825
v 0.00005742 -0.01678431 0.01096045
v -0.00038803 -0.01574160 0.01115974
v -0.00083287 -0.01465036 0.01132587
v -0.00666183 0.01035833 0.00986250
v -0.00691340 0.01158061 0.00951075
v -0.00714609 0.01277099 0.00913327
v -0.00708080 0.00929857 0.00968265
v -0.00732651 0.01053375 0.00933400
v -0.00755165 0.01173905 0.00895936
v -0.00749139 0.00824149 0.00948496
v -0.00773030 0.00948883 0.00913785
v -0.00794808 0.01070969 0.00876607
v -0.00906496 0.01111159 0.00754034
v -0.00921321 0.01230400 0.00712540
v -0.00934694 0.01347901 0.00669816
v -0.00941471 0.01013358 0.00729649
v -0.00955850 0.01135471 0.00688999
v -0.00968054 0.01255217 0.00646672
v -0.00975489 0.00916303 0.00703449
v -0.00988911 0.01040668 0.00663262
v -0.01000377 0.01163189 0.00621666
v -0.00054549 -0.01843249 0.01062641
v -0.00101825 -0.01745796 0.01080929
v -0.00148835 -0.01642863 0.01095900
v -0.00082930 -0.01925178 0.01042710
v -0.00131471 -0.01831089 0.01060006
v -0.00179660 -0.01731437 0.01074146
v -0.00110014 -0.02006358 0.01020666
v -0.00159723 -0.01915424 0.01036773
v -0.00209022 -0.01819083 0.01049999
v -0.00828250 0.00613190 0.00903075
v -0.00850617 0.00740477 0.00868490
v -0.00871420 0.00866316 0.00832357
v -0.00865400 0.00507587 0.00876584
v -0.00887369 0.00636484 0.00842487
v -0.00907641 0.00764095 0.00806815
v -0.00901053 0.00402371 0.00847887
v -0.00922859 0.00532983 0.00814475
v -0.00942513 0.00662316 0.00779178
v -0.00869567 0.02531410 -0.00057163
v -0.00848045 0.02573961 -0.00111287
v -0.00824200 0.02606259 -0.00163702
v -0.00882552 0.02495106 -0.00066487
v -0.00859224 0.02542523 -0.00119392
v -0.00833629 0.02579789 -0.00170552
v -0.00894819 0.02458105 -0.00076613
v -0.00869919 0.02510678 -0.00128234
v -0.00842673 0.02552842 -0.00178051
v 0.00134075 -0.02187577 0.00965984
v 0.00087154 -0.02107868 0.00993194
v 0.00040043 -0.02024272 0.01018614
v 0.00111341 -0.02252553 0.00949593
v 0.00062948 -0.02177160 0.00975782
v 0.00014404 -0.02098386 0.01000517
v 0.00089646 -0.02317314 0.00931751
v 0.00039852 -0.02246909 0.00957113
v -0.00010085 -0.02172311 0.00980768
v -0.00717119 0.00090386 0.01016514
v -0.00747522 0.00222159 0.00991474
v -0.00776422 0.00353486 0.00964439
v -0.00755195 -0.00018448 0.00989060
v -0.00785609 0.00113764 0.00964314
v -0.00814291 0.00245750 0.00937432
v -0.00791534 -0.00126920 0.00959175
v -0.00821654 0.00005682 0.00934353
v -0.00850121 0.00138274 0.00907651
v -0.00934383 0.02295686 0.00160185
v -0.00921257 0.02362636 0.00106088
v -0.00905968 0.02424147 0.00051933
v -0.00954615 0.02241551 0.00146768
v -0.00939635 0.02312604 0.00093608
v -0.00922660 0.02378794 0.00040433
v -0.00973710 0.02186677 0.00132331
v -0.00957313 0.02262691 0.00080207
v -0.00938298 0.02332478 0.00028016
v 0.00317622 -0.02456233 0.00836562
v 0.00272843 -0.02398745 0.00872425
v 0.00227081 -0.02333688 0.00905719
v 0.00301258 -0.02503005 0.00824763
v 0.00254766 -0.02449798 0.00859259
v 0.00207399 -0.02389371 0.00891381
v 0.00285596 -0.02549206 0.00811788
v 0.00237518 -0.02500659 0.00844946
v 0.00188597 -0.02444520 0.00875680
v -0.00577424 -0.00435143 0.01089001
v -0.00615290 -0.00305047 0.01075932
v -0.00651192 -0.00173665 0.01059264
v -0.00614927 -0.00542619 0.01061615
v -0.00652963 -0.00413307 0.01048169
v -0.00689121 -0.00282479 0.01031551
v -0.00650717 -0.00649707 0.01031873
v -0.00688607 -0.00520914 0.01017610
v -0.00725266 -0.00390864 0.01001383
v -0.00962965 0.01972769 0.00376680
v -0.00959266 0.02061075 0.00322960
v -0.00953545 0.02145036 0.00268791
v -0.00988666 0.01899698 0.00358612
v -0.00983627 0.01992431 0.00306119
v -0.00976549 0.02081032 0.00253166
v -0.01013404 0.01827052 0.00339144
v -0.01006972 0.01923933 0.00287993
v -0.00998473 0.02016844 0.00236361
v -0.00416529 -0.00943226 0.01120721
v -0.00458413 -0.00818780 0.01116629
v -0.00498902 -0.00691975 0.01109205
v -0.00452514 -0.01045977 0.01095322
v -0.00494821 -0.00922836 0.01090416
v -0.00535879 -0.00797519 0.01082833
v -0.00487111 -0.01148980 0.01068093
v -0.00529857 -0.01027093 0.01062449
v -0.00571187 -0.00902752 0.01054096
v -0.00955024 0.01574386 0.00579356
v -0.00961199 0.01681593 0.00531292
v -0.00964388 0.01783661 0.00481301
v -0.00986299 0.01487381 0.00557555
v -0.00991328 0.01597865 0.00510309
v -0.00993074 0.01703168 0.00461149
v -0.01015995 0.01400258 0.00533667
v -0.01019721 0.01513666 0.00487237
v -0.01020346 0.01622588 0.00439164
v -0.00241251 -0.01422586 0.01115791
v -0.00286225 -0.01306026 0.01120483
v -0.00330408 -0.01186964 0.01122672
v -0.00274172 -0.01517013 0.01092655
v -0.00320071 -0.01403036 0.01096863
v -0.00365098 -0.01286267 0.01098584
v -0.00305615 -0.01611157 0.01067365
v -0.00352489 -0.01500137 0.01071273
v -0.00398378 -0.01385773 0.01072572
v -0.00551479 -0.01354096 0.01007341
v -0.00595236 -0.01234988 0.01000573
v -0.00637458 -0.01113024 0.00991353
v -0.00580936 -0.01455369 0.00973633
v -0.00625169 -0.01337666 0.00966291
v -0.00667586 -0.01216491 0.00956292
v -0.00608144 -0.01554614 0.00937311
v -0.00652812 -0.01438395 0.00929395
v -0.00695842 -0.01318904 0.00919258
v -0.01070953 0.01227538 0.00480170
v -0.01071931 0.01346489 0.00435494
v -0.01070091 0.01461937 0.00389635
v -0.01096090 0.01142394 0.00450681
v -0.01095967 0.01264406 0.00407072
v -0.01093260 0.01383466 0.00362485
v -0.01119808 0.01058551 0.00419541
v -0.01118580 0.01183579 0.00377035
v -0.01114933 0.01306047 0.00333711
v -0.00363616 -0.01797058 0.01010216
v -0.00412460 -0.01692567 0.01013555
v -0.00459999 -0.01583164 0.01013858
v -0.00390167 -0.01889045 0.00978922
v -0.00439851 -0.01787398 0.00981574
v -0.00488264 -0.01680840 0.00981479
v -0.00414827 -0.01979274 0.00945482
v -0.00465446 -0.01881104 0.00947682
v -0.00514507 -0.01776749 0.00946746
v -0.01038908 0.00723569 0.00644622
v -0.01051318 0.00853216 0.00606017
v -0.01060402 0.00980338 0.00565425
v -0.01067952 0.00628212 0.00611991
v -0.01079561 0.00760148 0.00574039
v -0.01088073 0.00890081 0.00534375
v -0.01094761 0.00533694 0.00577136
v -0.01105713 0.00667946 0.00539962
v -0.01113593 0.00800513 0.00501229
v -0.00159906 -0.02165137 0.00970379
v -0.00211730 -0.02080820 0.00984082
v -0.00262985 -0.01990719 0.00995067
v -0.00182638 -0.02243277 0.00942769
v -0.00235383 -0.02161902 0.00955044
v -0.00287694 -0.02076141 0.00965415
v -0.00203771 -0.02319764 0.00913377
v -0.00257419 -0.02241869 0.00924419
v -0.00310553 -0.02159176 0.00933511
v -0.00966839 0.00193727 0.00783453
v -0.00988347 0.00327463 0.00751354
v -0.01007492 0.00460515 0.00717421
v -0.00997320 0.00090892 0.00748275
v -0.01018318 0.00226043 0.00716527
v -0.01037153 0.00360814 0.00683219
v -0.01025971 -0.00010741 0.00711083
v -0.01046756 0.00125885 0.00679899
v -0.01065038 0.00262319 0.00647053
v -0.00916777 0.02382088 -0.00099031
v -0.00888815 0.02444067 -0.00147688
v -0.00858692 0.02496166 -0.00194505
v -0.00926396 0.02343993 -0.00111189
v -0.00896933 0.02410398 -0.00158121
v -0.00865521 0.02467427 -0.00203257
v -0.00934895 0.02305866 -0.00123936
v -0.00904196 0.02377089 -0.00169020
v -0.00871647 0.02439165 -0.00212360
v 0.00049594 -0.02446521 0.00892231
v -0.00002838 -0.02384476 0.00914996
v -0.00055317 -0.02317094 0.00935759
v 0.00031312 -0.02509754 0.00870300
v -0.00022322 -0.02452290 0.00891796
v -0.00075938 -0.02388143 0.00910896
v 0.00014261 -0.02572601 0.00847257
v -0.00040492 -0.02518752 0.00867074
v -0.00095171 -0.02458321 0.00884647
v -0.00857970 -0.00341466 0.00891693
v -0.00887987 -0.00208191 0.00867315
v -0.00915867 -0.00074410 0.00840851
v -0.00888382 -0.00447118 0.00854819
v -0.00918461 -0.00313546 0.00830742
v -0.00946622 -0.00179222 0.00804895
v -0.00917265 -0.00551661 0.00816334
v -0.00947632 -0.00417846 0.00792694
v -0.00976135 -0.00282984 0.00767418
v -0.01008595 0.02076256 0.00099425
v -0.00989392 0.02161463 0.00049807
v -0.00967132 0.02239815 0.00000125
v -0.01024617 0.02021909 0.00080856
v -0.01003462 0.02110298 0.00032736
v -0.00979931 0.02193371 -0.00015360
v -0.01039217 0.01967666 0.00060982
v -0.01016778 0.02060451 0.00014555
v -0.00991533 0.02147149 -0.00031795
v 0.00256674 -0.02640638 0.00782834
v 0.00205668 -0.02601208 0.00812988
v 0.00153960 -0.02554707 0.00841058
v 0.00243502 -0.02685846 0.00766985
v 0.00191158 -0.02650860 0.00795487
v 0.00138203 -0.02609675 0.00822255
v 0.00231205 -0.02730279 0.00750186
v 0.00177585 -0.02699204 0.00776809
v 0.00123483 -0.02663517 0.00802228
v -0.00717039 -0.00861994 0.00965879
v -0.00754787 -0.00734083 0.00950414
v -0.00791188 -0.00604761 0.00933213
v -0.00747376 -0.00966683 0.00929685
v -0.00785128 -0.00839195 0.00913783
v -0.00821427 -0.00710137 0.00896183
v -0.00776115 -0.01070610 0.00891892
v -0.00813696 -0.00943222 0.00875367
v -0.00850089 -0.00814520 0.00857585
v -0.01058991 0.01682545 0.00295164
v -0.01049988 0.01787527 0.00246867
v -0.01038845 0.01888825 0.00198092
v -0.01080180 0.01611855 0.00270749
v -0.01069799 0.01720515 0.00223834
v -0.01057238 0.01825574 0.00176493
v -0.01099821 0.01541823 0.00244724
v -0.01088352 0.01654444 0.00199283
v -0.01074659 0.01763585 0.00153466
v 0.00446309 -0.02714421 0.00642862
v 0.00402090 -0.02710150 0.00680450
v 0.00355472 -0.02696809 0.00716696
v 0.00438579 -0.02740005 0.00633593
v 0.00393008 -0.02740744 0.00669528
v 0.00345060 -0.02732698 0.00704193
v 0.00431488 -0.02765924 0.00623947
v 0.00384596 -0.02771317 0.00658080
v 0.00335229 -0.02767182 0.00690745
v 0.00209331 -0.02816039 0.00713832
v 0.00153582 -0.02794415 0.00736971
v 0.00097304 -0.02766419 0.00758522
v 0.00199820 -0.02857234 0.00694401
v 0.00143145 -0.02839971 0.00715607
v 0.00085954 -0.02816126 0.00735240
v 0.00191324 -0.02897658 0.00674321
v 0.00133795 -0.02884192 0.00693413
v 0.00075799 -0.02864635 0.00711112
v -0.00827265 -0.01273665 0.00810204
v -0.00865561 -0.01147732 0.00793575
v -0.00902415 -0.01019828 0.00775610
v -0.00849431 -0.01372115 0.00766406
v -0.00888244 -0.01247206 0.00749822
v -0.00925479 -0.01119909 0.00731860
v -0.00869086 -0.01467884 0.00720666
v -0.00908310 -0.01343969 0.00704010
v -0.00945914 -0.01217369 0.00686025
v -0.01134663 0.01405191 0.00188396
v -0.01120624 0.01524686 0.00145994
v -0.01104107 0.01640555 0.00103351
v -0.01149088 0.01338133 0.00158183
v -0.01133840 0.01460860 0.00117446
v -0.01116637 0.01580780 0.00076596
v -0.01161381 0.01272135 0.00126763
v -0.01145634 0.01398689 0.00087849
v -0.01127580 0.01522183 0.00048829
v -0.00656384 -0.01748079 0.00858775
v -0.00701823 -0.01634793 0.00849626
v -0.00745357 -0.01517452 0.00838283
v -0.00677287 -0.01841798 0.00816765
v -0.00723058 -0.01729941 0.00806958
v -0.00766861 -0.01613765 0.00795062
v -0.00696126 -0.01933600 0.00773240
v -0.00742382 -0.01823559 0.00762931
v -0.00786459 -0.01708509 0.00750473
v -0.01162126 0.00894884 0.00352308
v -0.01159105 0.01026159 0.00312279
v -0.01154027 0.01155610 0.00271700
v -0.01179588 0.00814768 0.00316091
v -0.01176466 0.00949556 0.00277593
v -0.01170223 0.01081849 0.00238352
v -0.01195174 0.00736635 0.00278506
v -0.01191119 0.00874139 0.00241361
v -0.01184353 0.01009631 0.00203669
v -0.00458483 -0.02154829 0.00873252
v -0.00510382 -0.02061828 0.00873456
v -0.00560649 -0.01962259 0.00870877
v -0.00477434 -0.02240014 0.00834775
v -0.00529620 -0.02148428 0.00833482
v -0.00580508 -0.02051641 0.00830165
v -0.00494301 -0.02322696 0.00794669
v -0.00546981 -0.02233579 0.00792293
v -0.00598266 -0.02138828 0.00787915
v -0.01142486 0.00348905 0.00501771
v -0.01151819 0.00487518 0.00466122
v -0.01158584 0.00625168 0.00429399
v -0.01162630 0.00258979 0.00461188
v -0.01171809 0.00399885 0.00426633
v -0.01177726 0.00539823 0.00390854
v -0.01181242 0.00171266 0.00419240
v -0.01189304 0.00314184 0.00385443
v -0.01194282 0.00456297 0.00350645
v -0.00241388 -0.02470763 0.00850995
v -0.00296562 -0.02398685 0.00859056
v -0.00351197 -0.02322125 0.00865520
v -0.00257725 -0.02544193 0.00817827
v -0.00313721 -0.02476191 0.00824766
v -0.00368984 -0.02402220 0.00829728
v -0.00272402 -0.02616369 0.00783543
v -0.00329022 -0.02551294 0.00788932
v -0.00384994 -0.02480886 0.00792687
v -0.01077395 -0.00209512 0.00630857
v -0.01097358 -0.00070000 0.00600564
v -0.01114906 0.00069746 0.00568924
v -0.01099690 -0.00306111 0.00587797
v -0.01119382 -0.00165211 0.00558058
v -0.01136390 -0.00023852 0.00526966
v -0.01119986 -0.00400625 0.00543105
v -0.01139441 -0.00258331 0.00513940
v -0.01155938 -0.00115336 0.00483432
v -0.00950262 0.02234150 -0.00151616
v -0.00917300 0.02314703 -0.00192673
v -0.00882613 0.02386324 -0.00232063
v -0.00956961 0.02199889 -0.00166585
v -0.00923043 0.02284953 -0.00205506
v -0.00887642 0.02361733 -0.00242840
v -0.00962915 0.02166416 -0.00182195
v -0.00928511 0.02256768 -0.00219003
v -0.00892210 0.02337791 -0.00254153
v -0.00015996 -0.02694794 0.00797442
v -0.00072738 -0.02648890 0.00813997
v -0.00129322 -0.02596069 0.00828442
v -0.00029114 -0.02753255 0.00770641
v -0.00086703 -0.02711217 0.00785450
v -0.00144116 -0.02662405 0.00798317
v -0.00040834 -0.02809182 0.00742539
v -0.00099198 -0.02772010 0.00755829
v -0.00157350 -0.02727040 0.00767019
v -0.00970351 -0.00757143 0.00734611
v -0.01001046 -0.00622627 0.00711453
v -0.01028963 -0.00486141 0.00686248
v -0.00993919 -0.00857427 0.00691004
v -0.01024387 -0.00722290 0.00667786
v -0.01052023 -0.00584971 0.00642671
v -0.01014628 -0.00955061 0.00645151
v -0.01045087 -0.00819533 0.00622053
v -0.01072735 -0.00681597 0.00597229
v -0.01064542 0.01861477 0.00017841
v -0.01039715 0.01962813 -0.00024897
v -0.01011805 0.02057777 -0.00067423
v -0.01075148 0.01809587 -0.00005244
v -0.01049486 0.01915452 -0.00046047
v -0.01020660 0.02014975 -0.00086576
v -0.01084259 0.01758415 -0.00029203
v -0.01057970 0.01868801 -0.00068012
v -0.01028141 0.01972365 -0.00106461
v -0.00060001 -0.02916378 0.00683726
v -0.00119578 -0.02886712 0.00693235
v -0.00178955 -0.02849826 0.00701040
v -0.00067422 -0.02967843 0.00653246
v -0.00127433 -0.02940844 0.00660581
v -0.00187230 -0.02907067 0.00666411
v -0.00073382 -0.03017697 0.00622124
v -0.00133725 -0.02993002 0.00627212
v -0.00193833 -0.02961931 0.00630973
v -0.01048451 -0.01142168 0.00548170
v -0.01079260 -0.01006306 0.00525512
v -0.01107028 -0.00867303 0.00501302
v -0.01061628 -0.01231278 0.00497407
v -0.01092636 -0.01095336 0.00474952
v -0.01120439 -0.00955824 0.00451028
v -0.01072362 -0.01317234 0.00445341
v -0.01103259 -0.01180901 0.00422950
v -0.01131113 -0.01040957 0.00399321
v -0.01098656 0.01659690 -0.00079276
v -0.01070566 0.01777135 -0.00113825
v -0.01039259 0.01888623 -0.00147874
v -0.01103771 0.01612200 -0.00105197
v -0.01074795 0.01732706 -0.00137460
v -0.01043002 0.01848035 -0.00169204
v -0.01107319 0.01565992 -0.00131613
v -0.01077774 0.01689695 -0.00161537
v -0.01045481 0.01808472 -0.00190899
v 0.00177386 -0.02974902 0.00632174
v 0.00118453 -0.02968167 0.00646756
v 0.00059157 -0.02956597 0.00660330
v 0.00171970 -0.03011384 0.00610182
v 0.00112542 -0.03008968 0.00622678
v 0.00052715 -0.03000236 0.00633902
v 0.00167643 -0.03047036 0.00587790
v 0.00107794 -0.03048277 0.00598039
v 0.00047564 -0.03043721 0.00607179
v -0.00902260 -0.01653164 0.00625100
v -0.00941454 -0.01529814 0.00607599
v -0.00979360 -0.01404107 0.00589204
v -0.00915904 -0.01742746 0.00575523
v -0.00955048 -0.01619465 0.00557574
v -0.00992851 -0.01493726 0.00538803
v -0.00927682 -0.01830392 0.00524880
v -0.00966871 -0.01707226 0.00506535
v -0.01004100 -0.01580560 0.00487156
v -0.01180514 0.01145239 0.00060907
v -0.01163730 0.01278518 0.00025800
v -0.01144756 0.01409193 -0.00009315
v -0.01187745 0.01085070 0.00026700
v -0.01170755 0.01221657 -0.00006430
v -0.01151194 0.01355385 -0.00039511
v -0.01193885 0.01027651 -0.00008263
v -0.01176231 0.01166922 -0.00039380
v -0.01156124 0.01303513 -0.00070371
v -0.00727267 -0.02110204 0.00681804
v -0.00774261 -0.02003377 0.00670218
v -0.00818944 -0.01890819 0.00656686
v -0.00739614 -0.02194957 0.00634197
v -0.00786887 -0.02089542 0.00621873
v -0.00831923 -0.01978372 0.00607821
v -0.00749406 -0.02276011 0.00585158
v -0.00797007 -0.02172276 0.00572145
v -0.00842691 -0.02063316 0.00557756
v -0.01219655 0.00586626 0.00199448
v -0.01214392 0.00729597 0.00165302
v -0.01206017 0.00870555 0.00130757
v -0.01229775 0.00515731 0.00158410
v -0.01223418 0.00661096 0.00125749
v -0.01214498 0.00804791 0.00092882
v -0.01238390 0.00447624 0.00116418
v -0.01231452 0.00595621 0.00085352
v -0.01221326 0.00741630 0.00054149
v -0.00522197 -0.02482476 0.00710885
v -0.00575805 -0.02398378 0.00706307
v -0.00627801 -0.02307581 0.00699757
v -0.00533176 -0.02559274 0.00667360
v -0.00586994 -0.02476818 0.00661407
v -0.00639603 -0.02389151 0.00654070
v -0.00541612 -0.02631271 0.00622244
v -0.00595889 -0.02551894 0.00615269
v -0.00648645 -0.02465837 0.00606690
v -0.01211170 0.00002897 0.00330679
v -0.01217737 0.00149918 0.00298836
v -0.01221457 0.00296468 0.00266323
v -0.01222957 -0.00077272 0.00284477
v -0.01229080 0.00071806 0.00253747
v -0.01232497 0.00220591 0.00222490
v -0.01233146 -0.00154607 0.00237237
v -0.01238965 -0.00003448 0.00207663
v -0.01241899 0.00147554 0.00177638
v -0.00296430 -0.02754270 0.00711312
v -0.00354196 -0.02695854 0.00713749
v -0.00411235 -0.02631418 0.00714610
v -0.00305591 -0.02818539 0.00673290
v -0.00363832 -0.02763679 0.00674244
v -0.00421395 -0.02702875 0.00673771
v -0.00312920 -0.02880333 0.00634377
v -0.00371520 -0.02828669 0.00633724
v -0.00429147 -0.02769026 0.00631297
v -0.01153586 -0.00582238 0.00448812
v -0.01172348 -0.00437165 0.00420750
v -0.01188371 -0.00291075 0.00391705
v -0.01166865 -0.00668904 0.00399469
v -0.01185389 -0.00522494 0.00372030
v -0.01201170 -0.00374894 0.00343733
v -0.01177450 -0.00752329 0.00348731
v -0.01195949 -0.00604744 0.00321994
v -0.01211412 -0.00455648 0.00294446
v -0.00972004 0.02100763 -0.00214759
v -0.00936776 0.02200681 -0.00247200
v -0.00899758 0.02291761 -0.00278062
v -0.00975014 0.02068636 -0.00231509
v -0.00939765 0.02173625 -0.00261781
v -0.00902452 0.02269231 -0.00290422
v -0.00977249 0.02037718 -0.00248598
v -0.00942106 0.02147686 -0.00276679
v -0.00904496 0.02247397 -0.00303033
v -0.00321747 -0.02993553 0.00553811
v -0.00380667 -0.02947160 0.00549653
v -0.00438762 -0.02893597 0.00544164
v -0.00323418 -0.03046405 0.00512721
v -0.00382463 -0.03003035 0.00506867
v -0.00440569 -0.02951483 0.00499635
v -0.00323350 -0.03097420 0.00471326
v -0.00382323 -0.03055866 0.00463572
v -0.00440523 -0.03007239 0.00454742
v -0.01190629 -0.00908560 0.00243746
v -0.01209755 -0.00759256 0.00218559
v -0.01225165 -0.00607522 0.00192684
v -0.01193562 -0.00981206 0.00189876
v -0.01212662 -0.00830908 0.00165377
v -0.01228154 -0.00678027 0.00140366
v -0.01193945 -0.01049885 0.00135244
v -0.01213130 -0.00898719 0.00111450
v -0.01228390 -0.00744545 0.00087281
v -0.00979530 0.01980299 -0.00283818
v -0.00944334 0.02098389 -0.00307226
v -0.00906846 0.02206712 -0.00329005
v -0.00979460 0.01953788 -0.00301879
v -0.00944364 0.02075549 -0.00322872
v -0.00907121 0.02187901 -0.00342314
v -0.00978703 0.01929082 -0.00320230
v -0.00943849 0.02054385 -0.00338789
v -0.00907044 0.02170802 -0.00355898
v -0.00080856 -0.03111639 0.00558103
v -0.00141669 -0.03092944 0.00558994
v -0.00202048 -0.03065118 0.00558233
v -0.00082381 -0.03156407 0.00525497
v -0.00143236 -0.03139064 0.00524002
v -0.00203649 -0.03113278 0.00521096
v -0.00082389 -0.03198247 0.00492355
v -0.00143234 -0.03183240 0.00488660
v -0.00203685 -0.03160587 0.00483792
v -0.01086697 -0.01479262 0.00337886
v -0.01116630 -0.01341162 0.00315437
v -0.01144345 -0.01200204 0.00292326
v -0.01089659 -0.01554125 0.00282560
v -0.01118960 -0.01414931 0.00260134
v -0.01146859 -0.01273833 0.00237360
v -0.01089122 -0.01623557 0.00226261
v -0.01119156 -0.01485157 0.00204196
v -0.01146857 -0.01343435 0.00181669
v -0.01111343 0.01480406 -0.00185987
v -0.01080617 0.01609644 -0.00211038
v -0.01047387 0.01734456 -0.00235463
v -0.01111386 0.01440766 -0.00213808
v -0.01080560 0.01573013 -0.00236430
v -0.01047490 0.01701366 -0.00258452
v -0.01110579 0.01403992 -0.00242070
v -0.01079697 0.01539055 -0.00262239
v -0.01046715 0.01670511 -0.00281803
v 0.00162233 -0.03114474 0.00541779
v 0.00101888 -0.03123680 0.00547591
v 0.00041104 -0.03125239 0.00552075
v 0.00161182 -0.03146510 0.00518326
v 0.00100719 -0.03159018 0.00521773
v 0.00039830 -0.03164868 0.00524126
v 0.00161183 -0.03176323 0.00494474
v 0.00100721 -0.03191850 0.00495506
v 0.00039840 -0.03201451 0.00495613
v -0.00942591 -0.01993358 0.00419194
v -0.00982615 -0.01872089 0.00400431
v -0.01019722 -0.01745151 0.00380461
v -0.00945470 -0.02067649 0.00364477
v -0.00985718 -0.01947199 0.00345409
v -0.01022857 -0.01820457 0.00325226
v -0.00944920 -0.02135917 0.00308695
v -0.00985139 -0.02015997 0.00289255
v -0.01022358 -0.01889770 0.00268908
v -0.01201917 0.00920625 -0.00080277
v -0.01183351 0.01065185 -0.00107245
v -0.01162552 0.01207368 -0.00133948
v -0.01203814 0.00871242 -0.00117212
v -0.01185118 0.01018507 -0.00142074
v -0.01163617 0.01162920 -0.00166527
v -0.01204042 0.00824564 -0.00154648
v -0.01185314 0.00974447 -0.00177386
v -0.01163550 0.01121353 -0.00199594
v 0.00390935 -0.02987253 0.00503359
v 0.00336789 -0.03033106 0.00515247
v 0.00280262 -0.03070173 0.00525743
v 0.00390247 -0.03005102 0.00489666
v 0.00336031 -0.03054541 0.00499098
v 0.00279401 -0.03095042 0.00507103
v 0.00390315 -0.03022776 0.00475928
v 0.00335908 -0.03073969 0.00482608
v 0.00279344 -0.03118022 0.00488137
v -0.00760871 -0.02424942 0.00483247
v -0.00808798 -0.02324178 0.00468673
v -0.00855302 -0.02219077 0.00453230
v -0.00762803 -0.02493227 0.00430930
v -0.00810742 -0.02393672 0.00415502
v -0.00857255 -0.02289666 0.00399305
v -0.00762200 -0.02557126 0.00377914
v -0.00810335 -0.02459440 0.00361731
v -0.00856914 -0.02356696 0.00344801
v -0.01250063 0.00319898 0.00029742
v -0.01242385 0.00473012 0.00002024
v -0.01231534 0.00624335 -0.00025599
v -0.01252512 0.00260422 -0.00014760
v -0.01244980 0.00416012 -0.00040742
v -0.01233947 0.00569852 -0.00066517
v -0.01252602 0.00204088 -0.00059859
v -0.01245221 0.00361929 -0.00084085
v -0.01234385 0.00518216 -0.00107993
v -0.00551799 -0.02764868 0.00529131
v -0.00606563 -0.02690545 0.00519726
v -0.00659820 -0.02609118 0.00508955
v -0.00553638 -0.02826647 0.00481492
v -0.00608312 -0.02753674 0.00470627
v -0.00661715 -0.02674502 0.00458707
v -0.00553349 -0.02885112 0.00433319
v -0.00608052 -0.02814157 0.00421118
v -0.00661321 -0.02736156 0.00407861
v -0.01246241 -0.00299843 0.00139512
v -0.01251867 -0.00144825 0.00112377
v -0.01254743 0.00010385 0.00085018
v -0.01248842 -0.00367242 0.00089279
v -0.01254601 -0.00210523 0.00063412
v -0.01257173 -0.00053392 0.00037405
v -0.01248542 -0.00430782 0.00038341
v -0.01254113 -0.00272460 0.00013749
v -0.01257175 -0.00113691 -0.00010854
v -0.01244980 0.00101486 -0.00151190
v -0.01238477 0.00263187 -0.00171892
v -0.01228920 0.00423922 -0.00192125
v -0.01238119 0.00055624 -0.00197202
v -0.01232156 0.00218987 -0.00216160
v -0.01222771 0.00381486 -0.00234482
v -0.01229497 0.00013547 -0.00243351
v -0.01223833 0.00178399 -0.00260519
v -0.01214778 0.00342519 -0.00276936
v -0.00546467 -0.02991963 0.00335829
v -0.00600891 -0.02923933 0.00320797
v -0.00653804 -0.02848237 0.00304917
v -0.00539654 -0.03038812 0.00286589
v -0.00593858 -0.02972222 0.00270153
v -0.00646824 -0.02898966 0.00253098
v -0.00530611 -0.03081025 0.00237206
v -0.00584642 -0.03016362 0.00219410
v -0.00637473 -0.02944908 0.00201097
v -0.01239453 -0.00545407 -0.00064883
v -0.01245185 -0.00384456 -0.00086837
v -0.01248421 -0.00222850 -0.00108602
v -0.01231124 -0.00596300 -0.00116823
v -0.01237021 -0.00434237 -0.00137442
v -0.01240434 -0.00271438 -0.00157769
v -0.01221028 -0.00643111 -0.00168872
v -0.01227386 -0.00480089 -0.00188196
v -0.01231039 -0.00316119 -0.00207096
v -0.00317863 -0.03192418 0.00387669
v -0.00376597 -0.03154887 0.00376200
v -0.00434255 -0.03107850 0.00363592
v -0.00312266 -0.03234387 0.00345347
v -0.00370717 -0.03198386 0.00331979
v -0.00428093 -0.03152750 0.00317605
v -0.00304703 -0.03271618 0.00302770
v -0.00362692 -0.03236357 0.00287456
v -0.00419603 -0.03191404 0.00271278
v -0.01185667 -0.01173243 0.00024224
v -0.01204388 -0.01020118 0.00001871
v -0.01219329 -0.00863824 -0.00020483
v -0.01176885 -0.01227297 -0.00031738
v -0.01195683 -0.01073608 -0.00053321
v -0.01210910 -0.00916725 -0.00074744
v -0.01165009 -0.01275931 -0.00087697
v -0.01184368 -0.01122276 -0.00108538
v -0.01199965 -0.00964972 -0.00129046
v -0.00975652 0.01886385 -0.00357837
v -0.00941278 0.02017499 -0.00371343
v -0.00904662 0.02138939 -0.00383320
v -0.00973211 0.01868139 -0.00376948
v -0.00939001 0.02001310 -0.00387820
v -0.00902692 0.02125037 -0.00397230
v -0.00970031 0.01851639 -0.00396141
v -0.00936104 0.01986665 -0.00404379
v -0.00900122 0.02112247 -0.00411184
v -0.00077910 -0.03274919 0.00425143
v -0.00138443 -0.03263760 0.00416969
v -0.00198577 -0.03245114 0.00407846
v -0.00073408 -0.03308640 0.00391115
v -0.00133668 -0.03300026 0.00380799
v -0.00193534 -0.03283481 0.00369580
v -0.00067412 -0.03338951 0.00356909
v -0.00127274 -0.03332324 0.00344400
v -0.00186797 -0.03318345 0.00331142
v -0.01079278 -0.01747500 0.00112054
v -0.01109814 -0.01609766 0.00090432
v -0.01138178 -0.01468463 0.00068579
v -0.01070216 -0.01801942 0.00054557
v -0.01100948 -0.01664571 0.00033123
v -0.01129097 -0.01522866 0.00011560
v -0.01059099 -0.01852302 -0.00002965
v -0.01089400 -0.01714264 -0.00024229
v -0.01117344 -0.01572194 -0.00045476
v -0.01106218 0.01339242 -0.00299737
v -0.01075063 0.01478935 -0.00314829
v -0.01042450 0.01615860 -0.00329397
v -0.01101956 0.01310436 -0.00328834
v -0.01071258 0.01452761 -0.00341467
v -0.01039086 0.01592301 -0.00353542
v -0.01096910 0.01284591 -0.00358149
v -0.01066611 0.01429248 -0.00368271
v -0.01035118 0.01571458 -0.00377891
v 0.00164426 -0.03230483 0.00446068
v 0.00104331 -0.03252769 0.00442372
v 0.00043753 -0.03268313 0.00437729
v 0.00167690 -0.03255338 0.00421713
v 0.00107933 -0.03280738 0.00415611
v 0.00047646 -0.03298060 0.00408446
v 0.00171954 -0.03276938 0.00397116
v 0.00112668 -0.03305245 0.00388593
v 0.00052809 -0.03324780 0.00378985
v -0.00934979 -0.02256364 0.00195417
v -0.00974481 -0.02136377 0.00175155
v -0.01011457 -0.02010809 0.00154433
v -0.00926012 -0.02309034 0.00138410
v -0.00965406 -0.02189588 0.00117823
v -0.01002494 -0.02064822 0.00096945
v -0.00915144 -0.02358324 0.00081449
v -0.00954615 -0.02239721 0.00060536
v -0.00991648 -0.02115283 0.00039457
v -0.01199565 0.00739860 -0.00230703
v -0.01180550 0.00894379 -0.00249048
v -0.01159140 0.01046503 -0.00266812
v -0.01194482 0.00701792 -0.00269066
v -0.01176049 0.00858846 -0.00285311
v -0.01154533 0.01013076 -0.00300743
v -0.01187586 0.00666733 -0.00307516
v -0.01169726 0.00826028 -0.00321646
v -0.01148669 0.00982552 -0.00334839
v 0.00392099 -0.03053548 0.00447820
v 0.00338229 -0.03111859 0.00449585
v 0.00281908 -0.03160866 0.00449845
v 0.00394063 -0.03068147 0.00433763
v 0.00340422 -0.03128282 0.00432827
v 0.00284465 -0.03180025 0.00430513
v 0.00396549 -0.03081018 0.00419572
v 0.00343353 -0.03143422 0.00416028
v 0.00287804 -0.03196992 0.00411039
v -0.00754742 -0.02675701 0.00270898
v -0.00802313 -0.02578712 0.00252789
v -0.00848194 -0.02476236 0.00234140
v -0.00747225 -0.02727797 0.00216838
v -0.00794783 -0.02632143 0.00197891
v -0.00840178 -0.02529353 0.00178407
v -0.00737830 -0.02777177 0.00162761
v -0.00784787 -0.02680798 0.00142840
v -0.00830081 -0.02578876 0.00122632
v -0.00887400 -0.02445670 -0.00032181
v -0.00926319 -0.02326827 -0.00053792
v -0.00963200 -0.02202825 -0.00075290
v -0.00870042 -0.02482187 -0.00088676
v -0.00908670 -0.02363131 -0.00110606
v -0.00945285 -0.02238877 -0.00132286
v -0.00850024 -0.02512686 -0.00144727
v -0.00888690 -0.02394356 -0.00167007
v -0.00925037 -0.02269820 -0.00188846
v -0.01169276 0.00606351 -0.00384512
v -0.01152055 0.00768909 -0.00394170
v -0.01132375 0.00929355 -0.00402940
v -0.01157568 0.00581052 -0.00422776
v -0.01141035 0.00744995 -0.00430260
v -0.01121998 0.00906873 -0.00436759
v -0.01144305 0.00559250 -0.00460793
v -0.01128611 0.00724402 -0.00466140
v -0.01110455 0.00887606 -0.00470441
v -0.00711480 -0.02859978 0.00054531
v -0.00758359 -0.02766300 0.00032918
v -0.00803401 -0.02665923 0.00011227
v -0.00694589 -0.02893018 0.00000730
v -0.00741437 -0.02801011 -0.00021754
v -0.00786389 -0.02701690 -0.00044195
v -0.00675212 -0.02919983 -0.00052618
v -0.00721845 -0.02829171 -0.00075985
v -0.00766794 -0.02731447 -0.00099197
v -0.01207297 -0.00058873 -0.00335802
v -0.01202695 0.00108678 -0.00349475
v -0.01194996 0.00275810 -0.00362237
v -0.01193365 -0.00089034 -0.00381831
v -0.01189687 0.00079674 -0.00393874
v -0.01182312 0.00248015 -0.00404687
v -0.01177865 -0.00115113 -0.00427691
v -0.01174626 0.00054630 -0.00437946
v -0.01167894 0.00224056 -0.00446889
v -0.00506268 -0.03152960 0.00138680
v -0.00559632 -0.03091155 0.00118083
v -0.00611763 -0.03021860 0.00097164
v -0.00491010 -0.03182365 0.00089767
v -0.00543860 -0.03121331 0.00067757
v -0.00595604 -0.03053238 0.00045554
v -0.00473560 -0.03206024 0.00041232
v -0.00525859 -0.03145893 0.00017840
v -0.00577230 -0.03079373 -0.00005640
v -0.01194883 -0.00723855 -0.00272878
v -0.01202091 -0.00559080 -0.00289635
v -0.01206644 -0.00393136 -0.00305749
v -0.01178430 -0.00757339 -0.00324517
v -0.01186484 -0.00592061 -0.00340112
v -0.01191695 -0.00425327 -0.00354895
v -0.01160086 -0.00786339 -0.00375833
v -0.01169030 -0.00620661 -0.00390319
v -0.01174720 -0.00453138 -0.00403725
v -0.00284200 -0.03335964 0.00217763
v -0.00340994 -0.03301030 0.00198597
v -0.00396923 -0.03258186 0.00178970
v -0.00271199 -0.03361625 0.00175452
v -0.00327344 -0.03327242 0.00154461
v -0.00382636 -0.03284896 0.00133122
v -0.00256398 -0.03382534 0.00133428
v -0.00311839 -0.03348841 0.00110657
v -0.00366420 -0.03306841 0.00087645
v -0.01135738 -0.01360496 -0.00199288
v -0.01155403 -0.01206043 -0.00218644
v -0.01172083 -0.01048288 -0.00237450
v -0.01117950 -0.01395813 -0.00254706
v -0.01137819 -0.01241008 -0.00273327
v -0.01154516 -0.01082591 -0.00291200
v -0.01098674 -0.01427156 -0.00309894
v -0.01117868 -0.01270897 -0.00327534
v -0.01134547 -0.01111829 -0.00344431
v -0.00962219 0.01825055 -0.00434895
v -0.00928521 0.01961949 -0.00437589
v -0.00893135 0.02089796 -0.00439029
v -0.00956890 0.01813582 -0.00454096
v -0.00923537 0.01951184 -0.00454028
v -0.00888664 0.02079959 -0.00452809
v -0.00951025 0.01804058 -0.00473314
v -0.00917889 0.01941733 -0.00470362
v -0.00883808 0.02071714 -0.00466594
v -0.00051028 -0.03390280 0.00288485
v -0.00109827 -0.03387749 0.00271648
v -0.00168351 -0.03377737 0.00254221
v -0.00040687 -0.03411165 0.00254445
v -0.00098799 -0.03410143 0.00235430
v -0.00156688 -0.03402108 0.00215939
v -0.00028947 -0.03428348 0.00220608
v -0.00086284 -0.03429122 0.00199462
v -0.00143393 -0.03421731 0.00177850
v -0.01030078 -0.01939279 -0.00117730
v -0.01060080 -0.01800618 -0.00138594
v -0.01087903 -0.01658017 -0.00159194
v -0.01012362 -0.01975987 -0.00174772
v -0.01042564 -0.01837528 -0.00195478
v -0.01070472 -0.01694760 -0.00215776
v -0.00992284 -0.02007560 -0.00231402
v -0.01022706 -0.01869370 -0.00251973
v -0.01050919 -0.01726800 -0.00272022
v -0.01083441 0.01240150 -0.00416860
v -0.01054756 0.01389692 -0.00422128
v -0.01025041 0.01537023 -0.00426918
v -0.01075063 0.01221605 -0.00446143
v -0.01047757 0.01373830 -0.00449191
v -0.01018942 0.01523316 -0.00451541
v -0.01065790 0.01205879 -0.00475393
v -0.01039660 0.01360161 -0.00476139
v -0.01011755 0.01511397 -0.00476024
v 0.00183687 -0.03315068 0.00348071
v 0.00125611 -0.03347457 0.00334557
v 0.00066909 -0.03370151 0.00320003
v 0.00191117 -0.03331212 0.00323695
v 0.00133786 -0.03365058 0.00307673
v 0.00075801 -0.03388251 0.00290599
v 0.00199542 -0.03345017 0.00299459
v 0.00143019 -0.03378950 0.00280851
v 0.00085906 -0.03404144 0.00261436
v -0.00001425 -0.03454103 0.00154067
v -0.00056916 -0.03456121 0.00128626
v -0.00112248 -0.03450505 0.00102915
v 0.00014290 -0.03461817 0.00121481
v -0.00040154 -0.03464592 0.00093963
v -0.00094478 -0.03459593 0.00066247
v 0.00031259 -0.03467977 0.00089514
v -0.00022067 -0.03469703 0.00059912
v -0.00075289 -0.03464439 0.00030224
v -0.00946355 -0.02057418 -0.00343270
v -0.00976498 -0.01918202 -0.00363375
v -0.01004589 -0.01774765 -0.00382725
v -0.00920226 -0.02074879 -0.00398215
v -0.00950328 -0.01935266 -0.00418088
v -0.00978329 -0.01791264 -0.00437040
v -0.00891942 -0.02087039 -0.00452297
v -0.00922324 -0.01947701 -0.00472081
v -0.00949965 -0.01802524 -0.00490463
v -0.01044005 0.01182815 -0.00533338
v -0.01020398 0.01340012 -0.00529540
v -0.00994622 0.01493782 -0.00524584
v -0.01031508 0.01175568 -0.00561904
v -0.01009041 0.01333399 -0.00555756
v -0.00984259 0.01487601 -0.00548305
v -0.01017883 0.01171011 -0.00590065
v -0.00996572 0.01329142 -0.00581553
v -0.00973096 0.01483843 -0.00571759
v 0.00219335 -0.03365986 0.00251694
v 0.00164825 -0.03402052 0.00228229
v 0.00109615 -0.03427361 0.00203961
v 0.00230609 -0.03372438 0.00228237
v 0.00177295 -0.03409889 0.00202435
v 0.00123221 -0.03436470 0.00175889
v 0.00242933 -0.03378602 0.00205296
v 0.00190771 -0.03415226 0.00177067
v 0.00137901 -0.03442205 0.00148244
v -0.00803869 -0.02560159 -0.00255190
v -0.00842427 -0.02442711 -0.00278193
v -0.00878955 -0.02319276 -0.00300528
v -0.00777542 -0.02576174 -0.00309313
v -0.00816231 -0.02459754 -0.00332775
v -0.00852999 -0.02337278 -0.00355464
v -0.00749245 -0.02587382 -0.00362584
v -0.00787900 -0.02471519 -0.00386476
v -0.00824561 -0.02349086 -0.00409398
v -0.01112885 0.00526461 -0.00535594
v -0.01099253 0.00693596 -0.00536806
v -0.01083697 0.00859257 -0.00537069
v -0.01094858 0.00515535 -0.00572212
v -0.01082841 0.00683696 -0.00571658
v -0.01068528 0.00850225 -0.00569893
v -0.01075705 0.00508302 -0.00608377
v -0.01064855 0.00677023 -0.00605849
v -0.01051983 0.00844274 -0.00602171
v -0.00629591 -0.02956587 -0.00157245
v -0.00675531 -0.02867661 -0.00182366
v -0.00720074 -0.02772248 -0.00207135
v -0.00603846 -0.02967770 -0.00208301
v -0.00649494 -0.02880137 -0.00234343
v -0.00693956 -0.02786446 -0.00259985
v -0.00576819 -0.02977210 -0.00258646
v -0.00622226 -0.02890937 -0.00285676
v -0.00666141 -0.02796863 -0.00312039
v -0.01140329 -0.00154512 -0.00517745
v -0.01138505 0.00016754 -0.00524572
v -0.01133110 0.00187780 -0.00529744
v -0.01118998 -0.00167833 -0.00561938
v -0.01117360 0.00003995 -0.00566772
v -0.01112820 0.00175530 -0.00570121
v -0.01095302 -0.00176767 -0.00605046
v -0.01094563 -0.00004647 -0.00608211
v -0.01090792 0.00167198 -0.00609685
v -0.00432389 -0.03235973 -0.00053994
v -0.00483402 -0.03177624 -0.00080080
v -0.00533332 -0.03111381 -0.00106021
v -0.00409078 -0.03244075 -0.00100410
v -0.00459279 -0.03185844 -0.00127791
v -0.00508534 -0.03120264 -0.00154933
v -0.00384190 -0.03248844 -0.00145938
v -0.00433659 -0.03191331 -0.00174628
v -0.00482471 -0.03127871 -0.00203076
v -0.01118415 -0.00831086 -0.00477367
v -0.01128478 -0.00664331 -0.00489465
v -0.01135300 -0.00495532 -0.00500164
v -0.01094696 -0.00846414 -0.00527231
v -0.01105191 -0.00679146 -0.00538073
v -0.01112497 -0.00509818 -0.00547363
v -0.01068722 -0.00856688 -0.00576139
v -0.01080069 -0.00689308 -0.00585926
v -0.01088061 -0.00519642 -0.00593896
v -0.00221770 -0.03412357 0.00050815
v -0.00275530 -0.03378751 0.00024574
v -0.00328477 -0.03336842 -0.00001666
v -0.00202120 -0.03422519 0.00010434
v -0.00254907 -0.03387902 -0.00017477
v -0.00306871 -0.03344822 -0.00045252
v -0.00180823 -0.03426897 -0.00029209
v -0.00232772 -0.03394083 -0.00058764
v -0.00283866 -0.03351194 -0.00088053
v -0.01052636 -0.01473580 -0.00418323
v -0.01072265 -0.01316600 -0.00434387
v -0.01090022 -0.01157336 -0.00449690
v -0.01026472 -0.01489177 -0.00471424
v -0.01046718 -0.01332377 -0.00486865
v -0.01064945 -0.01172960 -0.00501370
v -0.00998254 -0.01499607 -0.00523602
v -0.01019026 -0.01342919 -0.00538406
v -0.01037932 -0.01183655 -0.00552226
v -0.00936436 0.01788472 -0.00511014
v -0.00904835 0.01927304 -0.00502710
v -0.00871896 0.02057320 -0.00493434
v -0.00927854 0.01782776 -0.00529442
v -0.00897126 0.01921744 -0.00518452
v -0.00865412 0.02052698 -0.00506747
v -0.00918530 0.01778833 -0.00547562
v -0.00889084 0.01918415 -0.00534103
v -0.00858326 0.02049208 -0.00519752
v -0.00134148 -0.03430418 -0.00106055
v -0.00184194 -0.03399159 -0.00138884
v -0.00233615 -0.03358337 -0.00171252
v -0.00108796 -0.03429644 -0.00143224
v -0.00157834 -0.03398887 -0.00177688
v -0.00206392 -0.03359327 -0.00211642
v -0.00082077 -0.03425604 -0.00179449
v -0.00130088 -0.03396269 -0.00215601
v -0.00177698 -0.03357256 -0.00251114
v -0.00937949 -0.01508124 -0.00626035
v -0.00959192 -0.01350585 -0.00639229
v -0.00978500 -0.01190376 -0.00651134
v -0.00904986 -0.01504707 -0.00675598
v -0.00926532 -0.01346845 -0.00687987
v -0.00946385 -0.01186615 -0.00699119
v -0.00869855 -0.01495500 -0.00723586
v -0.00891988 -0.01337833 -0.00735373
v -0.00912325 -0.01177572 -0.00745683
v -0.00898193 0.01777627 -0.00582953
v -0.00871320 0.01917205 -0.00564494
v -0.00843341 0.02048420 -0.00545336
v -0.00887157 0.01780269 -0.00600131
v -0.00861797 0.01919729 -0.00579304
v -0.00835628 0.02051565 -0.00558008
v -0.00875626 0.01785056 -0.00616970
v -0.00852116 0.01924749 -0.00594000
v -0.00827303 0.02055713 -0.00570295
v 0.00068849 -0.03472589 0.00027542
v 0.00017915 -0.03472512 -0.00006033
v -0.00032953 -0.03466813 -0.00039535
v 0.00089386 -0.03470536 -0.00002342
v 0.00039756 -0.03471578 -0.00037838
v -0.00009869 -0.03464341 -0.00073172
v 0.00111055 -0.03466537 -0.00031418
v 0.00062790 -0.03467953 -0.00068806
v 0.00014448 -0.03460343 -0.00105948
v -0.00830301 -0.02098184 -0.00558107
v -0.00861121 -0.01958912 -0.00577707
v -0.00889208 -0.01813338 -0.00595474
v -0.00796220 -0.02095081 -0.00609120
v -0.00827169 -0.01955712 -0.00628582
v -0.00855328 -0.01809702 -0.00645923
v -0.00760101 -0.02086199 -0.00658669
v -0.00791332 -0.01947157 -0.00678125
v -0.00819748 -0.01801102 -0.00695165
v -0.00987085 0.01169453 -0.00644714
v -0.00968751 0.01328205 -0.00631823
v -0.00947718 0.01482787 -0.00617164
v -0.00969994 0.01172427 -0.00671042
v -0.00953142 0.01331095 -0.00655965
v -0.00933651 0.01485642 -0.00639062
v -0.00951738 0.01177848 -0.00696532
v -0.00936464 0.01336226 -0.00679346
v -0.00918431 0.01490244 -0.00660154
v 0.00270073 -0.03382095 0.00160652
v 0.00220653 -0.03419057 0.00127884
v 0.00170437 -0.03446189 0.00094644
v 0.00284921 -0.03380735 0.00139138
v 0.00236988 -0.03417454 0.00104175
v 0.00188261 -0.03445112 0.00068817
v 0.00300556 -0.03377089 0.00118218
v 0.00254194 -0.03413382 0.00081122
v 0.00206957 -0.03439946 0.00043679
v -0.00686778 -0.02594636 -0.00466047
v -0.00725080 -0.02479021 -0.00490703
v -0.00761864 -0.02357735 -0.00514327
v -0.00652896 -0.02591286 -0.00516143
v -0.00690881 -0.02475225 -0.00541079
v -0.00727614 -0.02354189 -0.00565026
v -0.00616975 -0.02581829 -0.00564715
v -0.00654754 -0.02465799 -0.00590016
v -0.00691556 -0.02345488 -0.00614416
v -0.01033478 0.00504227 -0.00678676
v -0.01025615 0.00673677 -0.00672626
v -0.01015266 0.00841377 -0.00664950
v -0.01011217 0.00507709 -0.00713150
v -0.01004227 0.00676846 -0.00704936
v -0.00995196 0.00844406 -0.00695295
v -0.00987477 0.00514625 -0.00746579
v -0.00981635 0.00683312 -0.00736363
v -0.00974183 0.00850671 -0.00724949
v 0.00453793 -0.03144098 0.00282981
v 0.00410820 -0.03217005 0.00254279
v 0.00365474 -0.03280392 0.00224061
v 0.00462462 -0.03143523 0.00270570
v 0.00420952 -0.03215618 0.00239524
v 0.00377249 -0.03279430 0.00207067
v 0.00471375 -0.03140434 0.00258383
v 0.00431710 -0.03213289 0.00225231
v 0.00389648 -0.03276662 0.00190544
v -0.00518598 -0.02989631 -0.00357216
v -0.00562734 -0.02901768 -0.00385859
v -0.00605533 -0.02806397 -0.00413580
v -0.00486769 -0.02988962 -0.00404985
v -0.00530356 -0.02900709 -0.00434458
v -0.00572638 -0.02804745 -0.00462849
v -0.00453012 -0.02982429 -0.00451424
v -0.00495944 -0.02893329 -0.00481623
v -0.00537653 -0.02796629 -0.00510618
v -0.01043631 -0.00181923 -0.00688888
v -0.01044863 -0.00009677 -0.00688815
v -0.01043609 0.00162377 -0.00687106
v -0.01015756 -0.00178151 -0.00729464
v -0.01018256 -0.00006073 -0.00727969
v -0.01018494 0.00165884 -0.00724863
v -0.00986747 -0.00170161 -0.00769166
v -0.00990799 0.00001635 -0.00766489
v -0.00992250 0.00173369 -0.00761804
v -0.00330912 -0.03258831 -0.00234878
v -0.00378941 -0.03201960 -0.00266246
v -0.00426462 -0.03139375 -0.00297250
v -0.00302109 -0.03260867 -0.00278180
v -0.00349356 -0.03203720 -0.00310862
v -0.00396042 -0.03140075 -0.00343019
v -0.00271606 -0.03257956 -0.00320405
v -0.00317971 -0.03199941 -0.00354312
v -0.00363805 -0.03135338 -0.00387585
v -0.01011008 -0.00862513 -0.00670878
v -0.01023561 -0.00694900 -0.00678292
v -0.01032870 -0.00525000 -0.00683555
v -0.00979609 -0.00858229 -0.00716601
v -0.00992722 -0.00690584 -0.00722775
v -0.01002879 -0.00520841 -0.00726796
v -0.00946550 -0.00849102 -0.00761044
v -0.00960274 -0.00681548 -0.00765991
v -0.00971512 -0.00512199 -0.00768955
v -0.00924663 -0.00141290 -0.00844982
v -0.00931243 0.00029541 -0.00839576
v -0.00935419 0.00200277 -0.00832000
v -0.00891475 -0.00120415 -0.00880673
v -0.00899497 0.00049680 -0.00874096
v -0.00904953 0.00219639 -0.00865024
v -0.00857103 -0.00095354 -0.00914882
v -0.00866257 0.00073831 -0.00906850
v -0.00873173 0.00242804 -0.00896475
v -0.00205606 -0.03234209 -0.00400742
v -0.00249973 -0.03173294 -0.00436788
v -0.00293949 -0.03106522 -0.00472090
v -0.00170270 -0.03212080 -0.00438359
v -0.00213628 -0.03150537 -0.00475481
v -0.00256605 -0.03082559 -0.00511689
v -0.00133749 -0.03186802 -0.00474581
v -0.00176003 -0.03123224 -0.00512541
v -0.00218011 -0.03054548 -0.00549707
v -0.00875407 -0.00816047 -0.00845316
v -0.00890868 -0.00649386 -0.00848212
v -0.00904358 -0.00481194 -0.00849225
v -0.00837569 -0.00792251 -0.00884952
v -0.00854247 -0.00626458 -0.00887193
v -0.00868734 -0.00458890 -0.00887143
v -0.00798568 -0.00763903 -0.00923022
v -0.00816183 -0.00598828 -0.00924351
v -0.00831804 -0.00432097 -0.00923400
v -0.00024682 -0.03405720 -0.00248645
v -0.00070331 -0.03376468 -0.00287953
v -0.00115760 -0.03336887 -0.00326375
v 0.00005861 -0.03389248 -0.00281385
v -0.00038496 -0.03359407 -0.00322168
v -0.00082725 -0.03318854 -0.00361920
v 0.00037521 -0.03368269 -0.00312741
v -0.00005479 -0.03337055 -0.00354872
v -0.00048446 -0.03295253 -0.00395865
v -0.00793857 -0.01460340 -0.00814440
v -0.00817140 -0.01303311 -0.00825044
v -0.00838444 -0.01143255 -0.00833658
v -0.00753100 -0.01434240 -0.00856855
v -0.00777080 -0.01277904 -0.00867028
v -0.00799030 -0.01118320 -0.00874941
v -0.00710836 -0.01402866 -0.00897239
v -0.00735656 -0.01247555 -0.00907196
v -0.00758422 -0.01088741 -0.00914618
v -0.00850395 0.01799070 -0.00648935
v -0.00830616 0.01937961 -0.00621787
v -0.00809583 0.02068507 -0.00594048
v -0.00837035 0.01808764 -0.00664135
v -0.00819185 0.01946788 -0.00634997
v -0.00799811 0.02075887 -0.00605122
v -0.00823156 0.01820157 -0.00678689
v -0.00807369 0.01957187 -0.00647709
v -0.00789685 0.02084491 -0.00615748
v 0.00157497 -0.03448507 -0.00086859
v 0.00112155 -0.03448553 -0.00127836
v 0.00066639 -0.03441657 -0.00168509
v 0.00182082 -0.03433106 -0.00113031
v 0.00138368 -0.03433514 -0.00155748
v 0.00094371 -0.03426239 -0.00198093
v 0.00207490 -0.03413968 -0.00138071
v 0.00165428 -0.03413183 -0.00182398
v 0.00123068 -0.03406194 -0.00226389
v -0.00681631 -0.02049564 -0.00752184
v -0.00712802 -0.01909909 -0.00771071
v -0.00741764 -0.01764317 -0.00787567
v -0.00639704 -0.02022348 -0.00795951
v -0.00670728 -0.01882122 -0.00814366
v -0.00700002 -0.01737028 -0.00830660
v -0.00596418 -0.01990147 -0.00837873
v -0.00627286 -0.01849227 -0.00855721
v -0.00656797 -0.01704465 -0.00871735
v -0.00912160 0.01196488 -0.00744842
v -0.00900092 0.01353214 -0.00723535
v -0.00885536 0.01505837 -0.00700235
v -0.00890894 0.01209661 -0.00767468
v -0.00880532 0.01365105 -0.00744196
v -0.00867984 0.01516849 -0.00719099
v -0.00869058 0.01225826 -0.00789280
v -0.00860216 0.01379397 -0.00763884
v -0.00849870 0.01530246 -0.00737190
v 0.00333923 -0.03361767 0.00078338
v 0.00290937 -0.03396387 0.00037191
v 0.00247038 -0.03422101 -0.00004188
v 0.00351679 -0.03351233 0.00059507
v 0.00310380 -0.03383625 0.00016437
v 0.00268229 -0.03408125 -0.00026796
v 0.00370002 -0.03337933 0.00041458
v 0.00330609 -0.03369534 -0.00003437
v 0.00290179 -0.03391751 -0.00048446
v -0.00539457 -0.02544577 -0.00656602
v -0.00577074 -0.02430011 -0.00682982
v -0.00613434 -0.02309355 -0.00707821
v -0.00498247 -0.02517514 -0.00699772
v -0.00535554 -0.02402903 -0.00726491
v -0.00571774 -0.02282533 -0.00751661
v -0.00455728 -0.02485809 -0.00741188
v -0.00492833 -0.02371658 -0.00768421
v -0.00528879 -0.02251375 -0.00793894
v -0.00936338 0.00539331 -0.00810305
v -0.00933366 0.00706728 -0.00796504
v -0.00928344 0.00872281 -0.00780975
v -0.00908911 0.00557019 -0.00840307
v -0.00907628 0.00723583 -0.00824949
v -0.00904035 0.00888006 -0.00807518
v -0.00880365 0.00578159 -0.00868982
v -0.00880774 0.00743659 -0.00852096
v -0.00879035 0.00907086 -0.00833158
v -0.00379924 -0.02950256 -0.00539399
v -0.00421630 -0.02860549 -0.00571125
v -0.00461928 -0.02761106 -0.00600932
v -0.00340940 -0.02925303 -0.00580714
v -0.00381741 -0.02833529 -0.00612781
v -0.00421475 -0.02733831 -0.00643133
v -0.00300533 -0.02894845 -0.00620125
v -0.00340556 -0.02801848 -0.00652652
v -0.00379679 -0.02701596 -0.00683470
v -0.00367538 -0.02411709 -0.00819463
v -0.00403823 -0.02295941 -0.00846999
v -0.00439234 -0.02174319 -0.00872566
v -0.00321730 -0.02367956 -0.00855763
v -0.00357631 -0.02251312 -0.00883411
v -0.00392599 -0.02128139 -0.00908638
v -0.00274838 -0.02319377 -0.00889906
v -0.00310361 -0.02201835 -0.00917631
v -0.00344991 -0.02077473 -0.00942616
v -0.00820649 0.00630680 -0.00922496
v -0.00824466 0.00793493 -0.00902659
v -0.00826288 0.00954151 -0.00880653
v -0.00789652 0.00661978 -0.00947246
v -0.00795298 0.00823250 -0.00926120
v -0.00798978 0.00982311 -0.00902715
v -0.00757753 0.00696395 -0.00970266
v -0.00765288 0.00855917 -0.00947995
v -0.00770851 0.01013131 -0.00923282
v -0.00216304 -0.02822199 -0.00693842
v -0.00254979 -0.02728236 -0.00727629
v -0.00293018 -0.02627506 -0.00759605
v -0.00172606 -0.02780067 -0.00728021
v -0.00210574 -0.02685236 -0.00762342
v -0.00248109 -0.02584757 -0.00795073
v -0.00127897 -0.02733141 -0.00760058
v -0.00165156 -0.02637616 -0.00794946
v -0.00202055 -0.02536242 -0.00828083
v -0.00784810 -0.00032922 -0.00978126
v -0.00796680 0.00133854 -0.00967699
v -0.00806806 0.00300379 -0.00955149
v -0.00747393 0.00004277 -0.01007372
v -0.00760821 0.00169659 -0.00996035
v -0.00772439 0.00334717 -0.00982315
v -0.00708876 0.00045385 -0.01034436
v -0.00724019 0.00209230 -0.01022464
v -0.00737164 0.00372645 -0.01007647
v -0.00057263 -0.03124353 -0.00542201
v -0.00097426 -0.03059450 -0.00582216
v -0.00137398 -0.02987749 -0.00620967
v -0.00017453 -0.03087938 -0.00573578
v -0.00056512 -0.03021260 -0.00614385
v -0.00095478 -0.02948593 -0.00654001
v 0.00023303 -0.03046143 -0.00602862
v -0.00014628 -0.02978071 -0.00644483
v -0.00052547 -0.02904223 -0.00684878
v -0.00717332 -0.00693711 -0.00994106
v -0.00736761 -0.00530198 -0.00993534
v -0.00754584 -0.00365374 -0.00990775
v -0.00674781 -0.00651533 -0.01026243
v -0.00695308 -0.00489156 -0.01025006
v -0.00714377 -0.00325563 -0.01021587
v -0.00631617 -0.00605322 -0.01056783
v -0.00652982 -0.00443907 -0.01054479
v -0.00673308 -0.00281631 -0.01050466
v 0.00103736 -0.03310209 -0.00370594
v 0.00063633 -0.03276422 -0.00415228
v 0.00023356 -0.03235164 -0.00458946
v 0.00138118 -0.03275376 -0.00397118
v 0.00099524 -0.03240226 -0.00442916
v 0.00060685 -0.03198198 -0.00487819
v 0.00173260 -0.03237423 -0.00422034
v 0.00136239 -0.03201524 -0.00469045
v 0.00098851 -0.03158011 -0.00515004
v -0.00624005 -0.01328355 -0.00974096
v -0.00649872 -0.01173724 -0.00982850
v -0.00674022 -0.01016011 -0.00989011
v -0.00578780 -0.01283712 -0.01009360
v -0.00605147 -0.01129433 -0.01017446
v -0.00629931 -0.00972285 -0.01022884
v -0.00532333 -0.01233900 -0.01042057
v -0.00559330 -0.01080325 -0.01049690
v -0.00584964 -0.00924167 -0.01054775
v -0.00794272 0.01848833 -0.00705909
v -0.00782445 0.01982178 -0.00671262
v -0.00768889 0.02106568 -0.00635858
v -0.00779543 0.01866626 -0.00718720
v -0.00769773 0.01997698 -0.00682341
v -0.00757897 0.02118863 -0.00644930
v -0.00764415 0.01886068 -0.00730753
v -0.00756739 0.02014498 -0.00692684
v -0.00746940 0.02133051 -0.00653606
v 0.00260676 -0.03367338 -0.00184606
v 0.00222098 -0.03364246 -0.00231976
v 0.00183071 -0.03354380 -0.00278882
v 0.00288278 -0.03339296 -0.00205958
v 0.00251556 -0.03335218 -0.00254764
v 0.00214251 -0.03323508 -0.00302998
v 0.00316660 -0.03310366 -0.00226110
v 0.00281696 -0.03303543 -0.00276175
v 0.00246162 -0.03290070 -0.00325685
v -0.00506084 -0.01910868 -0.00915727
v -0.00537546 -0.01771223 -0.00933679
v -0.00567605 -0.01626998 -0.00949201
v -0.00459412 -0.01864653 -0.00951828
v -0.00490978 -0.01724946 -0.00969522
v -0.00521494 -0.01581550 -0.00985142
v -0.00411715 -0.01813631 -0.00985690
v -0.00443605 -0.01674666 -0.01003585
v -0.00474440 -0.01531620 -0.01019073
v -0.00823214 0.01266181 -0.00829675
v -0.00818465 0.01416796 -0.00801020
v -0.00812261 0.01564615 -0.00770997
v -0.00799717 0.01290852 -0.00848607
v -0.00797200 0.01440023 -0.00818556
v -0.00793125 0.01586100 -0.00786966
v -0.00775530 0.01317802 -0.00866293
v -0.00775320 0.01465409 -0.00834991
v -0.00773380 0.01609474 -0.00801889
v 0.00408531 -0.03306398 0.00007924
v 0.00372899 -0.03333729 -0.00040381
v 0.00336147 -0.03351794 -0.00088676
v 0.00428509 -0.03287033 -0.00007493
v 0.00394919 -0.03312649 -0.00057365
v 0.00360155 -0.03329148 -0.00107196
v 0.00448901 -0.03265402 -0.00021956
v 0.00417348 -0.03288658 -0.00073288
v 0.00384618 -0.03303299 -0.00124551
v 0.00375263 -0.03246076 -0.00262442
v 0.00344217 -0.03236688 -0.00315096
v 0.00312083 -0.03217054 -0.00366748
v 0.00405211 -0.03209479 -0.00278429
v 0.00376031 -0.03197041 -0.00332090
v 0.00345920 -0.03176815 -0.00384965
v 0.00435464 -0.03169877 -0.00292888
v 0.00408299 -0.03155292 -0.00347566
v 0.00379941 -0.03131534 -0.00401246
v -0.00313575 -0.01696984 -0.01045955
v -0.00345855 -0.01558776 -0.01063844
v -0.00377181 -0.01416154 -0.01078765
v -0.00263359 -0.01631370 -0.01071980
v -0.00295840 -0.01493744 -0.01089987
v -0.00327455 -0.01351565 -0.01104742
v -0.00212691 -0.01561899 -0.01095663
v -0.00245216 -0.01423974 -0.01113154
v -0.00277057 -0.01282067 -0.01127532
v -0.00726212 0.01379488 -0.00898796
v -0.00730276 0.01522706 -0.00864809
v -0.00733127 0.01663110 -0.00829406
v -0.00700806 0.01413362 -0.00913019
v -0.00707396 0.01554770 -0.00878296
v -0.00712507 0.01692769 -0.00841721
v -0.00675160 0.01449540 -0.00925998
v -0.00683998 0.01588352 -0.00890320
v -0.00691486 0.01723942 -0.00852847
v 0.00491062 -0.03217828 -0.00047899
v 0.00463792 -0.03236604 -0.00101901
v 0.00435164 -0.03246431 -0.00155757
v 0.00512528 -0.03190578 -0.00059302
v 0.00487368 -0.03206213 -0.00114452
v 0.00460927 -0.03213899 -0.00169463
v 0.00534274 -0.03161738 -0.00069632
v 0.00511396 -0.03175016 -0.00125861
v 0.00487080 -0.03179802 -0.00181911
v -0.00177955 -0.02204739 -0.00949878
v -0.00212713 -0.02085585 -0.00977651
v -0.00246902 -0.01960499 -0.01002707
v -0.00128352 -0.02139134 -0.00975470
v -0.00162785 -0.02020040 -0.01003593
v -0.00196764 -0.01894783 -0.01028737
v -0.00078264 -0.02069030 -0.00998326
v -0.00112343 -0.01949967 -0.01026787
v -0.00146131 -0.01824905 -0.01052210
v -0.00692431 0.00775194 -0.01011927
v -0.00703579 0.00930299 -0.00987359
v -0.00712877 0.01082908 -0.00960196
v -0.00658996 0.00819251 -0.01030258
v -0.00671958 0.00971755 -0.01004627
v -0.00683221 0.01121767 -0.00976461
v -0.00625199 0.00866281 -0.01046957
v -0.00640159 0.01016262 -0.01020575
v -0.00653246 0.01163251 -0.00991217
v -0.00035859 -0.02621709 -0.00816204
v -0.00071592 -0.02524992 -0.00852155
v -0.00107210 -0.02423116 -0.00886419
v 0.00011098 -0.02559570 -0.00840716
v -0.00023828 -0.02460925 -0.00876709
v -0.00058732 -0.02358317 -0.00911322
v 0.00058540 -0.02494468 -0.00863159
v 0.00024387 -0.02394816 -0.00899516
v -0.00009818 -0.02290792 -0.00934246
v -0.00630084 0.00139027 -0.01083318
v -0.00648066 0.00299421 -0.01069326
v -0.00664759 0.00459351 -0.01053174
v -0.00589958 0.00191360 -0.01105040
v -0.00609479 0.00349934 -0.01090259
v -0.00627655 0.00507817 -0.01073054
v -0.00549473 0.00247182 -0.01124956
v -0.00570546 0.00403839 -0.01109457
v -0.00590470 0.00559749 -0.01091697
v 0.00107213 -0.02950748 -0.00655563
v 0.00071592 -0.02879646 -0.00698661
v 0.00035791 -0.02800251 -0.00739704
v 0.00150174 -0.02897386 -0.00678856
v 0.00115702 -0.02823841 -0.00722410
v 0.00080932 -0.02741950 -0.00763739
v 0.00193689 -0.02840574 -0.00700080
v 0.00160334 -0.02764250 -0.00743948
v 0.00126622 -0.02680871 -0.00785805
v -0.00543548 -0.00500929 -0.01112732
v -0.00567109 -0.00341881 -0.01109093
v -0.00589434 -0.00182007 -0.01103009
v -0.00498718 -0.00442830 -0.01137979
v -0.00523314 -0.00284982 -0.01133528
v -0.00546766 -0.00126471 -0.01126586
v -0.00453157 -0.00380632 -0.01160607
v -0.00478870 -0.00224174 -0.01155539
v -0.00503574 -0.00067201 -0.01148015
v 0.00245713 -0.03154654 -0.00467164
v 0.00211738 -0.03113592 -0.00515947
v 0.00177380 -0.03067384 -0.00563940
v 0.00282802 -0.03108551 -0.00487092
v 0.00250480 -0.03066206 -0.00536898
v 0.00217614 -0.03017627 -0.00585684
v 0.00320424 -0.03060074 -0.00505308
v 0.00289653 -0.03014880 -0.00555822
v 0.00258375 -0.02964730 -0.00605497
v -0.00436865 -0.01120572 -0.01100350
v -0.00465240 -0.00968817 -0.01107390
v -0.00492600 -0.00814866 -0.01111989
v -0.00388094 -0.01057363 -0.01125798
v -0.00417196 -0.00906692 -0.01132707
v -0.00445485 -0.00754051 -0.01137345
v -0.00338771 -0.00989925 -0.01148592
v -0.00368782 -0.00840858 -0.01156045
v -0.00397958 -0.00689434 -0.01160697
v -0.00733490 0.01930606 -0.00752805
v -0.00730261 0.02053367 -0.00711628
v -0.00725006 0.02166615 -0.00669591
v -0.00717496 0.01955025 -0.00762601
v -0.00716753 0.02075322 -0.00720234
v -0.00713636 0.02185182 -0.00676726
v -0.00701036 0.01980404 -0.00771413
v -0.00702778 0.02098107 -0.00728011
v -0.00702075 0.02205220 -0.00683399
v 0.00396560 -0.02952773 -0.00535819
v 0.00369073 -0.02902905 -0.00587732
v 0.00340702 -0.02846190 -0.00638295
v 0.00434948 -0.02894821 -0.00548130
v 0.00408999 -0.02841575 -0.00600435
v 0.00382066 -0.02781493 -0.00651296
v 0.00473336 -0.02833630 -0.00558328
v 0.00449114 -0.02778202 -0.00611204
v 0.00423478 -0.02713964 -0.00662111
v -0.00239270 -0.00844005 -0.01187141
v -0.00270651 -0.00697201 -0.01194705
v -0.00301417 -0.00548133 -0.01199163
v -0.00189237 -0.00765618 -0.01202544
v -0.00221198 -0.00619744 -0.01209826
v -0.00252728 -0.00471932 -0.01214229
v -0.00139101 -0.00683507 -0.01214680
v -0.00171675 -0.00538822 -0.01222016
v -0.00203961 -0.00392366 -0.01226509
v -0.00667462 0.02035083 -0.00786533
v -0.00673857 0.02146298 -0.00741179
v -0.00677990 0.02247579 -0.00694788
v -0.00650245 0.02063288 -0.00792418
v -0.00659068 0.02171154 -0.00746384
v -0.00665560 0.02268962 -0.00699231
v -0.00633100 0.02092763 -0.00797441
v -0.00644150 0.02196281 -0.00750577
v -0.00652992 0.02290293 -0.00702773
v 0.00496522 -0.03081998 -0.00317042
v 0.00473068 -0.03059899 -0.00373103
v 0.00448711 -0.03031997 -0.00428471
v 0.00527169 -0.03034061 -0.00326674
v 0.00505878 -0.03009920 -0.00383497
v 0.00483362 -0.02978528 -0.00439420
v 0.00557745 -0.02983443 -0.00334620
v 0.00538562 -0.02956625 -0.00392032
v 0.00518226 -0.02923567 -0.00448686
v -0.00110210 -0.01409942 -0.01134267
v -0.00143046 -0.01272836 -0.01151678
v -0.00175528 -0.01132417 -0.01166143
v -0.00058751 -0.01328477 -0.01149523
v -0.00091741 -0.01191855 -0.01166971
v -0.00124494 -0.01051921 -0.01181238
v -0.00007310 -0.01243382 -0.01161812
v -0.00040436 -0.01107203 -0.01179240
v -0.00073478 -0.00968060 -0.01193608
v -0.00623600 0.01529402 -0.00948347
v -0.00636929 0.01662319 -0.00911102
v -0.00648680 0.01791191 -0.00871603
v -0.00597535 0.01572469 -0.00957345
v -0.00613155 0.01702182 -0.00919562
v -0.00627131 0.01827464 -0.00879333
v -0.00571377 0.01617481 -0.00964958
v -0.00589154 0.01743411 -0.00926523
v -0.00605494 0.01865218 -0.00885860
v 0.00578408 -0.03099452 -0.00086970
v 0.00559845 -0.03105636 -0.00144958
v 0.00539780 -0.03103754 -0.00202713
v 0.00600500 -0.03065135 -0.00093908
v 0.00584202 -0.03068022 -0.00152610
v 0.00566301 -0.03062713 -0.00211053
v 0.00622789 -0.03030125 -0.00099709
v 0.00608564 -0.03028591 -0.00158973
v 0.00592908 -0.03020103 -0.00218016
v 0.00022795 -0.01918819 -0.01037003
v -0.00010526 -0.01797797 -0.01065086
v -0.00043855 -0.01672683 -0.01090841
v 0.00073571 -0.01838250 -0.01052352
v 0.00040591 -0.01716447 -0.01080310
v 0.00007503 -0.01590994 -0.01106046
v 0.00124371 -0.01754643 -0.01065212
v 0.00091708 -0.01632102 -0.01093062
v 0.00058853 -0.01506415 -0.01118872
v -0.00556594 0.00968315 -0.01074921
v -0.00575350 0.01112578 -0.01046801
v -0.00592742 0.01254185 -0.01016212
v -0.00522051 0.01023199 -0.01086313
v -0.00542754 0.01164562 -0.01057467
v -0.00562281 0.01303380 -0.01026354
v -0.00487136 0.01079830 -0.01095226
v -0.00510115 0.01218910 -0.01066495
v -0.00531739 0.01354782 -0.01034903
v 0.00154709 -0.02356745 -0.00902118
v 0.00122068 -0.02254704 -0.00939129
v 0.00089178 -0.02148048 -0.00974216
v 0.00203238 -0.02282872 -0.00918046
v 0.00171387 -0.02179956 -0.00955519
v 0.00139070 -0.02070986 -0.00990305
v 0.00251695 -0.02203749 -0.00930664
v 0.00220642 -0.02099585 -0.00968362
v 0.00188948 -0.01989206 -0.01003142
v -0.00467667 0.00368755 -0.01159170
v -0.00491780 0.00521057 -0.01142280
v -0.00514744 0.00672129 -0.01122716
v -0.00426081 0.00433854 -0.01172244
v -0.00451932 0.00583883 -0.01155378
v -0.00476517 0.00732340 -0.01135207
v -0.00384382 0.00501654 -0.01182960
v -0.00411747 0.00649048 -0.01165675
v -0.00437859 0.00794517 -0.01144765
v 0.00281441 -0.02711527 -0.00734596
v 0.00250499 -0.02631697 -0.00779406
v 0.00219044 -0.02546159 -0.00822433
v 0.00325418 -0.02640680 -0.00747989
v 0.00295737 -0.02559298 -0.00793240
v 0.00265427 -0.02472251 -0.00836653
v 0.00369439 -0.02567260 -0.00759137
v 0.00341084 -0.02484627 -0.00804909
v 0.00311991 -0.02396552 -0.00848874
v -0.00360583 -0.00244791 -0.01198134
v -0.00388728 -0.00091540 -0.01192487
v -0.00415956 0.00062013 -0.01183986
v -0.00313831 -0.00171552 -0.01212848
v -0.00343190 -0.00020062 -0.01207084
v -0.00371750 0.00131609 -0.01198424
v -0.00266985 -0.00095124 -0.01224950
v -0.00297512 0.00054532 -0.01219031
v -0.00327252 0.00204143 -0.01209809
v 0.00457728 -0.02415722 -0.00775409
v 0.00431896 -0.02329271 -0.00821803
v 0.00404957 -0.02236814 -0.00866032
v 0.00501846 -0.02337453 -0.00780412
v 0.00477126 -0.02248255 -0.00826804
v 0.00451103 -0.02152876 -0.00870825
v 0.00545597 -0.02256510 -0.00782918
v 0.00522085 -0.02165029 -0.00829422
v 0.00496971 -0.02066896 -0.00873254
v -0.00173556 0.00066409 -0.01241515
v -0.00206290 0.00212085 -0.01235045
v -0.00238409 0.00357136 -0.01224886
v -0.00127177 0.00151072 -0.01245583
v -0.00160983 0.00294547 -0.01238830
v -0.00194328 0.00437169 -0.01228544
v -0.00081258 0.00238146 -0.01247495
v -0.00116122 0.00379290 -0.01240193
v -0.00150707 0.00519502 -0.01230021
v 0.00550076 -0.02704388 -0.00572702
v 0.00528840 -0.02641628 -0.00625862
v 0.00506250 -0.02572064 -0.00677340
v 0.00587928 -0.02635124 -0.00576510
v 0.00568413 -0.02569851 -0.00629946
v 0.00547550 -0.02498467 -0.00681857
v 0.00625437 -0.02563788 -0.00578212
v 0.00607667 -0.02495978 -0.00631857
v 0.00588328 -0.02421721 -0.00683856
v -0.00039369 -0.00510369 -0.01231266
v -0.00073111 -0.00368005 -0.01238653
v -0.00106836 -0.00224265 -0.01243428
v 0.00010019 -0.00419732 -0.01235738
v -0.00024298 -0.00278616 -0.01243601
v -0.00058689 -0.00136092 -0.01247896
v 0.00058985 -0.00326783 -0.01238214
v 0.00024103 -0.00186650 -0.01245752
v -0.00010981 -0.00045472 -0.01250068
v -0.00598809 0.02154271 -0.00804366
v -0.00614776 0.02250005 -0.00756733
v -0.00628289 0.02335699 -0.00707915
v -0.00581943 0.02187392 -0.00806664
v -0.00600200 0.02278563 -0.00758644
v -0.00615951 0.02359662 -0.00709437
v -0.00564670 0.02219690 -0.00807321
v -0.00585414 0.02307121 -0.00759426
v -0.00603540 0.02384211 -0.00710194
v 0.00619521 -0.02880392 -0.00346049
v 0.00604203 -0.02846065 -0.00404163
v 0.00587656 -0.02805972 -0.00461510
v 0.00650149 -0.02825860 -0.00349237
v 0.00636930 -0.02788437 -0.00407654
v 0.00622168 -0.02744272 -0.00465134
v 0.00680544 -0.02769692 -0.00350751
v 0.00669160 -0.02727978 -0.00409200
v 0.00656289 -0.02680205 -0.00466777
v 0.00094942 -0.01063759 -0.01177823
v 0.00061544 -0.00928256 -0.01194920
v 0.00027996 -0.00790784 -0.01209623
v 0.00145487 -0.00969713 -0.01181514
v 0.00111984 -0.00834903 -0.01198882
v 0.00078218 -0.00698295 -0.01213950
v 0.00195482 -0.00873243 -0.01182405
v 0.00161946 -0.00739288 -0.01200383
v 0.00128004 -0.00603530 -0.01215983
v -0.00518690 0.01711566 -0.00975451
v -0.00540968 0.01829967 -0.00936299
v -0.00561716 0.01943211 -0.00894522
v -0.00492419 0.01760535 -0.00978469
v -0.00516913 0.01874972 -0.00939083
v -0.00540055 0.01984493 -0.00897241
v -0.00466226 0.01810351 -0.00979810
v -0.00492999 0.01921075 -0.00940490
v -0.00518328 0.02026148 -0.00898394
v 0.00666969 -0.02954467 -0.00107711
v 0.00657442 -0.02946397 -0.00167860
v 0.00646248 -0.02930957 -0.00227771
v 0.00688890 -0.02914712 -0.00109915
v 0.00681644 -0.02902874 -0.00170310
v 0.00672609 -0.02883474 -0.00230450
v 0.00710773 -0.02874382 -0.00110937
v 0.00705653 -0.02858078 -0.00171433
v 0.00698896 -0.02835153 -0.00231730
v 0.00225325 -0.01576457 -0.01081654
v 0.00193407 -0.01453584 -0.01109969
v 0.00160966 -0.01326856 -0.01135410
v 0.00275296 -0.01483352 -0.01085826
v 0.00243633 -0.01359454 -0.01113718
v 0.00211389 -0.01232324 -0.01138967
v 0.00324767 -0.01387792 -0.01087241
v 0.00293428 -0.01263409 -0.01115119
v 0.00261333 -0.01135764 -0.01140088
v -0.00417739 0.01200144 -0.01108038
v -0.00444614 0.01332998 -0.01078673
v -0.00470445 0.01462752 -0.01046717
v -0.00383174 0.01262897 -0.01111259
v -0.00411856 0.01392000 -0.01081497
v -0.00439811 0.01518672 -0.01049767
v -0.00348843 0.01327131 -0.01112349
v -0.00379510 0.01453030 -0.01082886
v -0.00409265 0.01575446 -0.01050724
v 0.00684205 -0.02898652 0.00128389
v 0.00683579 -0.02927618 0.00071117
v 0.00680303 -0.02945982 0.00012228
v 0.00697116 -0.02876613 0.00127204
v 0.00698819 -0.02901329 0.00069661
v 0.00697851 -0.02915371 0.00010504
v 0.00709788 -0.02853351 0.00126674
v 0.00713804 -0.02873685 0.00069005
v 0.00715143 -0.02883345 0.00009728
v 0.00348009 -0.02034598 -0.00947279
v 0.00318311 -0.01926251 -0.00984432
v 0.00287892 -0.01813439 -0.01019160
v 0.00395675 -0.01945742 -0.00951528
v 0.00366591 -0.01835360 -0.00988337
v 0.00336841 -0.01721578 -0.01023133
v 0.00442964 -0.01854843 -0.00953319
v 0.00414528 -0.01742791 -0.00989948
v 0.00385372 -0.01627706 -0.01024632
v -0.00301002 0.00644404 -0.01196779
v -0.00331407 0.00786245 -0.01178964
v -0.00360996 0.00926235 -0.01158059
v -0.00259648 0.00719079 -0.01200079
v -0.00291635 0.00858260 -0.01182420
v -0.00322874 0.00995314 -0.01161456
v -0.00218808 0.00796194 -0.01201670
v -0.00252252 0.00932349 -0.01183726
v -0.00285203 0.01066723 -0.01163154
v -0.00281639 0.01461051 -0.01109514
v -0.00315860 0.01578918 -0.01079908
v -0.00349503 0.01693864 -0.01048208
v -0.00248693 0.01529200 -0.01104610
v -0.00284741 0.01643428 -0.01075505
v -0.00320333 0.01754912 -0.01044443
v -0.00216536 0.01599225 -0.01098351
v -0.00254314 0.01709394 -0.01069559
v -0.00291640 0.01816385 -0.01038633
v 0.00536906 -0.01670180 -0.00951013
v 0.00509631 -0.01554589 -0.00987258
v 0.00481651 -0.01436935 -0.01021910
v 0.00582853 -0.01574630 -0.00945797
v 0.00556446 -0.01458144 -0.00982369
v 0.00529081 -0.01339249 -0.01017079
v 0.00628247 -0.01477941 -0.00938321
v 0.00602600 -0.01360133 -0.00974993
v 0.00576013 -0.01240297 -0.01010027
v -0.00138702 0.00956340 -0.01198103
v -0.00175198 0.01087168 -0.01181014
v -0.00211313 0.01215431 -0.01160726
v -0.00099605 0.01038803 -0.01192711
v -0.00137551 0.01166940 -0.01176213
v -0.00175122 0.01291462 -0.01155704
v -0.00061283 0.01122642 -0.01185084
v -0.00100568 0.01247269 -0.01168456
v -0.00139612 0.01368266 -0.01148176
v 0.00631345 -0.02086889 -0.00780166
v 0.00610292 -0.01990904 -0.00826746
v 0.00587320 -0.01888696 -0.00870633
v 0.00673318 -0.01999438 -0.00775190
v 0.00653480 -0.01901107 -0.00821712
v 0.00631597 -0.01796867 -0.00865585
v 0.00714262 -0.01909707 -0.00767508
v 0.00695786 -0.01809402 -0.00814063
v 0.00675103 -0.01703381 -0.00858002
v 0.00008873 0.00418424 -0.01242541
v -0.00028173 0.00554785 -0.01235020
v -0.00065145 0.00689960 -0.01225044
v 0.00052826 0.00511356 -0.01236498
v 0.00014685 0.00645370 -0.01229126
v -0.00023464 0.00778011 -0.01219289
v 0.00095960 0.00606005 -0.01228415
v 0.00056716 0.00737562 -0.01221013
v 0.00017401 0.00867599 -0.01211295
v 0.00699153 -0.02415952 -0.00575357
v 0.00684572 -0.02341748 -0.00628878
v 0.00668345 -0.02261906 -0.00680886
v 0.00735457 -0.02340674 -0.00571022
v 0.00722289 -0.02262701 -0.00624243
v 0.00707525 -0.02179740 -0.00676076
v 0.00770965 -0.02263628 -0.00564499
v 0.00759463 -0.02182728 -0.00617567
v 0.00745991 -0.02096169 -0.00669017
v 0.00155372 -0.00134025 -0.01235944
v 0.00119263 0.00004044 -0.01242799
v 0.00082745 0.00142482 -0.01246437
v 0.00202672 -0.00034529 -0.01231433
v 0.00165935 0.00102483 -0.01238260
v 0.00128612 0.00239499 -0.01241370
v 0.00249253 0.00066873 -0.01224463
v 0.00211855 0.00202798 -0.01231155
v 0.00173743 0.00338374 -0.01234142
v -0.00530957 0.02288149 -0.00806290
v -0.00556157 0.02366223 -0.00758457
v -0.00578789 0.02434445 -0.00709406
v -0.00514431 0.02322853 -0.00804218
v -0.00541847 0.02395900 -0.00756608
v -0.00566688 0.02459144 -0.00707790
v -0.00498284 0.02358013 -0.00801226
v -0.00527955 0.02425925 -0.00754001
v -0.00555085 0.02484198 -0.00705611
v 0.00740264 -0.02652721 -0.00348700
v 0.00732666 -0.02602996 -0.00406998
v 0.00723511 -0.02547728 -0.00464466
v 0.00769448 -0.02592245 -0.00345139
v 0.00763654 -0.02538256 -0.00403175
v 0.00756317 -0.02479129 -0.00460423
v 0.00798024 -0.02530451 -0.00339874
v 0.00794230 -0.02472889 -0.00397653
v 0.00788675 -0.02409823 -0.00454588
v 0.00294165 -0.00675842 -0.01179053
v 0.00260459 -0.00542570 -0.01197520
v 0.00226077 -0.00407705 -0.01213387
v 0.00342718 -0.00574558 -0.01174235
v 0.00308830 -0.00441317 -0.01192592
v 0.00274204 -0.00306783 -0.01208516
v 0.00390620 -0.00471531 -0.01167069
v 0.00356417 -0.00338193 -0.01184964
v 0.00321589 -0.00204011 -0.01201111
v -0.00414619 0.01912970 -0.00977866
v -0.00445699 0.02015460 -0.00938768
v -0.00475351 0.02111504 -0.00896645
v -0.00389317 0.01965375 -0.00974475
v -0.00422526 0.02063794 -0.00935774
v -0.00454418 0.02155763 -0.00894098
v -0.00364502 0.02018615 -0.00969615
v -0.00399568 0.02111692 -0.00930903
v -0.00433710 0.02199848 -0.00889992
v 0.00753660 -0.02790051 -0.00109329
v 0.00753001 -0.02765621 -0.00169717
v 0.00750464 -0.02734215 -0.00229888
v 0.00774630 -0.02746545 -0.00106715
v 0.00775934 -0.02717109 -0.00166814
v 0.00775611 -0.02681861 -0.00226768
v 0.00794909 -0.02701237 -0.00102860
v 0.00798710 -0.02668701 -0.00162649
v 0.00800456 -0.02629117 -0.00222254
v 0.00422737 -0.01193019 -0.01084369
v 0.00391752 -0.01066764 -0.01111638
v 0.00359949 -0.00938317 -0.01136496
v 0.00471098 -0.01093492 -0.01079765
v 0.00440403 -0.00966659 -0.01107206
v 0.00408672 -0.00837598 -0.01131962
v 0.00518872 -0.00992358 -0.01072768
v 0.00488436 -0.00864807 -0.01100304
v 0.00456803 -0.00735188 -0.01125077
v 0.00483850 -0.00260541 -0.01144830
v 0.00449087 -0.00127304 -0.01162362
v 0.00413535 0.00006348 -0.01178019
v 0.00528725 -0.00152923 -0.01129235
v 0.00493674 -0.00019846 -0.01146618
v 0.00457597 0.00113374 -0.01161694
v 0.00572204 -0.00044304 -0.01110609
v 0.00536806 0.00088518 -0.01127734
v 0.00500370 0.00221208 -0.01142705
v -0.00316585 0.02126982 -0.00955466
v -0.00355501 0.02210595 -0.00917812
v -0.00393730 0.02289652 -0.00878237
v -0.00293672 0.02182212 -0.00946372
v -0.00334551 0.02261826 -0.00909775
v -0.00374579 0.02335253 -0.00870638
v -0.00271581 0.02238393 -0.00936129
v -0.00314252 0.02313172 -0.00900359
v -0.00356138 0.02381729 -0.00862097
v 0.00834561 -0.02610428 -0.00091651
v 0.00842479 -0.02568850 -0.00150325
v 0.00848186 -0.02520268 -0.00208841
v 0.00853531 -0.02564095 -0.00084283
v 0.00863501 -0.02518135 -0.00142225
v 0.00871021 -0.02464722 -0.00199999
v 0.00871858 -0.02517291 -0.00075767
v 0.00883768 -0.02466747 -0.00132845
v 0.00893292 -0.02409161 -0.00189810
v 0.00612219 -0.00785579 -0.01051304
v 0.00581945 -0.00656020 -0.01078358
v 0.00550488 -0.00525234 -0.01103130
v 0.00656831 -0.00679443 -0.01035582
v 0.00626834 -0.00549221 -0.01062715
v 0.00595482 -0.00417912 -0.01087474
v 0.00700161 -0.00572316 -0.01017102
v 0.00670364 -0.00441356 -0.01044158
v 0.00638989 -0.00309482 -0.01068674
v -0.00154480 0.01741543 -0.01079723
v -0.00195674 0.01844239 -0.01052369
v -0.00236474 0.01942859 -0.01022519
v -0.00124847 0.01815092 -0.01068419
v -0.00167638 0.01913391 -0.01041496
v -0.00210109 0.02007693 -0.01012282
v -0.00096107 0.01889268 -0.01055369
v -0.00140513 0.01983712 -0.01029272
v -0.00184603 0.02073321 -0.01000586
v 0.00716565 -0.01280575 -0.00915848
v 0.00692854 -0.01160585 -0.00953172
v 0.00667591 -0.01038011 -0.00988344
v 0.00759013 -0.01179845 -0.00900533
v 0.00736097 -0.01058300 -0.00937815
v 0.00711550 -0.00934388 -0.00973034
v 0.00800109 -0.01078059 -0.00882493
v 0.00777990 -0.00954925 -0.00919679
v 0.00754284 -0.00829768 -0.00955040
v 0.00012705 0.01293504 -0.01163184
v -0.00029270 0.01410765 -0.01146404
v -0.00071222 0.01525254 -0.01127281
v 0.00048216 0.01380318 -0.01149182
v 0.00004895 0.01494744 -0.01133164
v -0.00038477 0.01605635 -0.01114384
v 0.00082691 0.01468459 -0.01133699
v 0.00038031 0.01579211 -0.01117847
v -0.00006723 0.01687066 -0.01099904
v 0.00793873 -0.01727693 -0.00745447
v 0.00777635 -0.01622128 -0.00791391
v 0.00759076 -0.01511742 -0.00834954
v 0.00832554 -0.01636065 -0.00731251
v 0.00817107 -0.01527258 -0.00776542
v 0.00799611 -0.01414662 -0.00819864
v 0.00869800 -0.01543113 -0.00714461
v 0.00855499 -0.01431838 -0.00759396
v 0.00838983 -0.01316875 -0.00802353
v 0.00179541 0.00799736 -0.01205891
v 0.00138091 0.00926266 -0.01198620
v 0.00096436 0.01050826 -0.01189064
v 0.00219748 0.00898071 -0.01190856
v 0.00177275 0.01022275 -0.01184123
v 0.00134481 0.01144169 -0.01174904
v 0.00258780 0.00997176 -0.01173465
v 0.00215314 0.01119020 -0.01167278
v 0.00171385 0.01238045 -0.01158312
v 0.00840469 -0.02108419 -0.00545820
v 0.00831590 -0.02019775 -0.00597883
v 0.00820717 -0.01926342 -0.00648467
v 0.00873685 -0.02028905 -0.00533263
v 0.00866210 -0.01936786 -0.00584799
v 0.00856828 -0.01840439 -0.00635013
v 0.00905642 -0.01948228 -0.00518550
v 0.00899788 -0.01853156 -0.00569621
v 0.00891889 -0.01753880 -0.00619393
v 0.00339472 0.00274380 -0.01201576
v 0.00300848 0.00407980 -0.01208474
v 0.00261168 0.00540419 -0.01211367
v 0.00382619 0.00379652 -0.01185079
v 0.00343447 0.00511959 -0.01192188
v 0.00303180 0.00642968 -0.01195748
v 0.00424297 0.00485451 -0.01165523
v 0.00384609 0.00616401 -0.01172873
v 0.00343636 0.00745601 -0.01176502
v -0.00467217 0.02429614 -0.00792505
v -0.00501596 0.02488022 -0.00746772
v -0.00533307 0.02536004 -0.00699628
v -0.00452284 0.02466175 -0.00786772
v -0.00488878 0.02519962 -0.00741956
v -0.00522797 0.02563210 -0.00695686
v -0.00437808 0.02503372 -0.00780180
v -0.00476552 0.02553023 -0.00736478
v -0.00512561 0.02591722 -0.00691169
v 0.00853391 -0.02404563 -0.00324415
v 0.00853091 -0.02338457 -0.00381166
v 0.00851155 -0.02267815 -0.00437229
v 0.00879877 -0.02340297 -0.00314191
v 0.00881554 -0.02270653 -0.00370392
v 0.00881282 -0.02195919 -0.00425829
v 0.00905828 -0.02276276 -0.00302464
v 0.00909002 -0.02201936 -0.00357841
v 0.00910346 -0.02123088 -0.00412542
v 0.00966381 -0.01786321 -0.00483372
v 0.00963050 -0.01684065 -0.00532886
v 0.00957591 -0.01578103 -0.00581213
v 0.00994607 -0.01704758 -0.00462789
v 0.00992693 -0.01599333 -0.00511512
v 0.00988199 -0.01489773 -0.00558894
v 0.01021924 -0.01624125 -0.00440574
v 0.01020968 -0.01514859 -0.00488238
v 0.01017590 -0.01402043 -0.00534724
v 0.00502898 0.00697431 -0.01118044
v 0.00462216 0.00825501 -0.01125853
v 0.00420171 0.00951498 -0.01130536
v 0.00539734 0.00803180 -0.01090589
v 0.00498570 0.00929769 -0.01098652
v 0.00456162 0.01054473 -0.01104187
v 0.00574916 0.00908578 -0.01060949
v 0.00533203 0.01033549 -0.01069148
v 0.00490334 0.01156694 -0.01075214
v -0.00410380 0.02579130 -0.00764423
v -0.00452725 0.02618994 -0.00722751
v -0.00492301 0.02647827 -0.00679447
v -0.00397409 0.02616595 -0.00755079
v -0.00441473 0.02651700 -0.00714700
v -0.00482636 0.02675018 -0.00672485
v -0.00385157 0.02654879 -0.00745171
v -0.00430637 0.02683433 -0.00705761
v -0.00473465 0.02701916 -0.00664974
v 0.00955115 -0.02147473 -0.00274310
v 0.00961459 -0.02064568 -0.00327881
v 0.00965677 -0.01977040 -0.00380757
v 0.00978524 -0.02083410 -0.00257999
v 0.00986359 -0.01996199 -0.00310527
v 0.00991779 -0.01904066 -0.00362311
v 0.01000915 -0.02019490 -0.00240210
v 0.01009979 -0.01927611 -0.00291541
v 0.01016812 -0.01831448 -0.00342239
v 0.00654623 0.00174571 -0.01064839
v 0.00618465 0.00306602 -0.01081473
v 0.00580940 0.00437754 -0.01095612
v 0.00692780 0.00283971 -0.01037025
v 0.00656436 0.00415482 -0.01053735
v 0.00618561 0.00545787 -0.01067871
v 0.00729319 0.00393039 -0.01006975
v 0.00692678 0.00523972 -0.01023617
v 0.00654443 0.00653391 -0.01037766
v -0.00229876 0.02351651 -0.00911591
v -0.00276010 0.02417196 -0.00877981
v -0.00321507 0.02476811 -0.00842095
v -0.00210406 0.02409516 -0.00897737
v -0.00258144 0.02470118 -0.00865201
v -0.00305287 0.02524880 -0.00830511
v -0.00191842 0.02467835 -0.00882786
v -0.00241111 0.02523472 -0.00851397
v -0.00289802 0.02573134 -0.00817914
v 0.00906956 -0.02424252 -0.00055408
v 0.00922730 -0.02364860 -0.00110455
v 0.00935916 -0.02298346 -0.00165457
v 0.00923671 -0.02378243 -0.00043607
v 0.00941333 -0.02314514 -0.00097482
v 0.00956183 -0.02243319 -0.00151337
v 0.00939535 -0.02332077 -0.00030747
v 0.00958793 -0.02263486 -0.00083310
v 0.00975384 -0.02187988 -0.00135915
v 0.00781429 -0.00355738 -0.00970674
v 0.00752075 -0.00223495 -0.00997522
v 0.00721487 -0.00090927 -0.01022713
v 0.00819407 -0.00247262 -0.00943336
v 0.00790391 -0.00114437 -0.00970196
v 0.00759647 0.00018567 -0.00994896
v 0.00855295 -0.00139087 -0.00913190
v 0.00826820 -0.00005696 -0.00940238
v 0.00796511 0.00127729 -0.00965213
v -0.00041485 0.02039500 -0.01024658
v -0.00089022 0.02125790 -0.01000150
v -0.00136347 0.02206548 -0.00973027
v -0.00015705 0.02114070 -0.01006487
v -0.00064750 0.02196613 -0.00983049
v -0.00113631 0.02272985 -0.00956842
v 0.00008921 0.02188389 -0.00986657
v -0.00041562 0.02267223 -0.00964373
v -0.00091971 0.02340137 -0.00939550
v 0.00877285 -0.00872086 -0.00837993
v 0.00856542 -0.00745580 -0.00874572
v 0.00833937 -0.00617353 -0.00909301
v 0.00913517 -0.00768979 -0.00812069
v 0.00893212 -0.00640622 -0.00848063
v 0.00871003 -0.00510826 -0.00882281
v 0.00947797 -0.00665973 -0.00783572
v 0.00927926 -0.00535863 -0.00818969
v 0.00906000 -0.00404543 -0.00852562
v 0.00148226 0.01646234 -0.01096794
v 0.00101079 0.01750627 -0.01082379
v 0.00053691 0.01851434 -0.01065707
v 0.00179108 0.01735170 -0.01075232
v 0.00130807 0.01836193 -0.01061591
v 0.00082203 0.01933593 -0.01045805
v 0.00208630 0.01823873 -0.01051671
v 0.00159194 0.01921193 -0.01038709
v 0.00109430 0.02015115 -0.01023863
v 0.00940354 -0.01355870 -0.00673978
v 0.00928057 -0.01239272 -0.00717818
v 0.00913251 -0.01119352 -0.00759703
v 0.00973228 -0.01261747 -0.00650221
v 0.00961829 -0.01142457 -0.00693366
v 0.00948115 -0.01020424 -0.00734843
v 0.01004247 -0.01167536 -0.00624144
v 0.00993930 -0.01045855 -0.00666675
v 0.00981028 -0.00921431 -0.00707479
v 0.00332659 0.01195940 -0.01130805
v 0.00287467 0.01313591 -0.01126375
v 0.00241497 0.01427550 -0.01118818
v 0.00367401 0.01295404 -0.01106022
v 0.00321397 0.01410922 -0.01102431
v 0.00274508 0.01522497 -0.01095770
v 0.00400499 0.01394300 -0.01078801
v 0.00353816 0.01507995 -0.01076303
v 0.00306014 0.01616958 -0.01070413
v 0.01062440 -0.00982120 -0.00566556
v 0.01053563 -0.00854976 -0.00607336
v 0.01041949 -0.00725640 -0.00646528
v 0.01088680 -0.00890499 -0.00534706
v 0.01080552 -0.00760800 -0.00574583
v 0.01069406 -0.00629034 -0.00612838
v 0.01113349 -0.00800269 -0.00501143
v 0.01105269 -0.00667646 -0.00539756
v 0.01094753 -0.00533673 -0.00577139
v 0.00461662 0.01590011 -0.01017943
v 0.00413835 0.01700261 -0.01017703
v 0.00364398 0.01804236 -0.01013636
v 0.00489512 0.01686139 -0.00984334
v 0.00441060 0.01794113 -0.00984893
v 0.00391075 0.01896352 -0.00982213
v 0.00515261 0.01780228 -0.00948417
v 0.00466263 0.01885977 -0.00949855
v 0.00415822 0.01986553 -0.00948573
v 0.01072852 -0.01464914 -0.00391038
v 0.01073862 -0.01348420 -0.00436513
v 0.01072288 -0.01228775 -0.00480902
v 0.01096571 -0.01386934 -0.00363886
v 0.01098563 -0.01266958 -0.00408219
v 0.01097911 -0.01144033 -0.00451537
v 0.01118786 -0.01309872 -0.00335113
v 0.01121484 -0.01186235 -0.00378163
v 0.01121465 -0.01059879 -0.00420250
v 0.00639848 0.01117159 -0.00995056
v 0.00597325 0.01239331 -0.01004089
v 0.00553624 0.01359520 -0.01011318
v 0.00669539 0.01220018 -0.00959080
v 0.00626763 0.01341093 -0.00968762
v 0.00582398 0.01459183 -0.00976135
v 0.00697349 0.01321738 -0.00921243
v 0.00654221 0.01441512 -0.00931406
v 0.00609318 0.01557748 -0.00939164
v -0.00362207 0.02728613 -0.00722429
v -0.00410700 0.02746123 -0.00685980
v -0.00456545 0.02753928 -0.00648207
v -0.00351690 0.02764508 -0.00709892
v -0.00401653 0.02777023 -0.00675209
v -0.00448875 0.02779345 -0.00639062
v -0.00341869 0.02799693 -0.00696638
v -0.00393057 0.02806149 -0.00663557
v -0.00441704 0.02804044 -0.00629377
v 0.01042024 -0.01891963 -0.00200272
v 0.01053920 -0.01791976 -0.00249087
v 0.01062871 -0.01686986 -0.00297202
v 0.01060831 -0.01829078 -0.00178270
v 0.01073722 -0.01724573 -0.00225619
v 0.01084240 -0.01616233 -0.00272480
v 0.01077853 -0.01766071 -0.00154897
v 0.01092638 -0.01658676 -0.00200872
v 0.01104190 -0.01546275 -0.00246287
v 0.00796021 0.00608442 -0.00938909
v 0.00759135 0.00738287 -0.00955880
v 0.00720577 0.00866215 -0.00970634
v 0.00825960 0.00714045 -0.00901126
v 0.00789218 0.00843545 -0.00918535
v 0.00750681 0.00970929 -0.00933787
v 0.00853941 0.00818202 -0.00861469
v 0.00817180 0.00947242 -0.00879110
v 0.00778717 0.01074176 -0.00894876
v -0.00157357 0.02583216 -0.00849052
v -0.00209510 0.02629835 -0.00820538
v -0.00261103 0.02669622 -0.00789861
v -0.00141543 0.02640457 -0.00830551
v -0.00194970 0.02681872 -0.00803396
v -0.00247904 0.02716798 -0.00774297
v -0.00126669 0.02696070 -0.00810665
v -0.00181322 0.02732803 -0.00785137
v -0.00235499 0.02762640 -0.00757650
v 0.00968762 -0.02240307 -0.00001986
v 0.00991388 -0.02163017 -0.00051632
v 0.01010943 -0.02078296 -0.00101398
v 0.00982004 -0.02194838 0.00013840
v 0.01005860 -0.02112557 -0.00034169
v 0.01026815 -0.02023425 -0.00082350
v 0.00994305 -0.02149847 0.00030576
v 0.01019363 -0.02062793 -0.00015706
v 0.01041656 -0.01969346 -0.00062213
v 0.00920546 0.00074818 -0.00845158
v 0.00893048 0.00209397 -0.00872268
v 0.00863201 0.00343561 -0.00897134
v 0.00949876 0.00179856 -0.00807669
v 0.00922594 0.00314972 -0.00834486
v 0.00893035 0.00449468 -0.00859300
v 0.00977475 0.00283378 -0.00768475
v 0.00950183 0.00418982 -0.00794831
v 0.00920692 0.00553729 -0.00819387
v 0.00054340 0.02334636 -0.00941679
v 0.00001277 0.02406382 -0.00922107
v -0.00051840 0.02472035 -0.00900146
v 0.00075072 0.02407526 -0.00917178
v 0.00020842 0.02474974 -0.00898781
v -0.00033471 0.02537357 -0.00878497
v 0.00094410 0.02478324 -0.00890775
v 0.00039148 0.02542537 -0.00874035
v -0.00016253 0.02600357 -0.00855052
v 0.01010647 -0.00461920 -0.00719682
v 0.00991502 -0.00328477 -0.00753765
v 0.00969871 -0.00194313 -0.00785921
v 0.01039245 -0.00361518 -0.00684607
v 0.01020311 -0.00226465 -0.00717936
v 0.00998982 -0.00091031 -0.00749528
v 0.01065884 -0.00262514 -0.00647572
v 0.01047574 -0.00125976 -0.00680434
v 0.01026372 0.00010748 -0.00711363
v 0.00263076 0.01998232 -0.00998002
v 0.00211582 0.02088998 -0.00987072
v 0.00159615 0.02175714 -0.00974177
v 0.00287968 0.02084369 -0.00968545
v 0.00235435 0.02171380 -0.00958458
v 0.00182427 0.02254370 -0.00946571
v 0.00311079 0.02168571 -0.00936987
v 0.00257687 0.02252686 -0.00928198
v 0.00203745 0.02332408 -0.00917567
v 0.00128883 0.02614995 -0.00833588
v 0.00071847 0.02671828 -0.00820010
v 0.00014568 0.02722066 -0.00804372
v 0.00143853 0.02679696 -0.00802774
v 0.00086072 0.02732632 -0.00790813
v 0.00028005 0.02778920 -0.00776898
v 0.00157202 0.02742048 -0.00770700
v 0.00098781 0.02791640 -0.00760561
v 0.00040026 0.02835108 -0.00748717
v 0.01112944 -0.00069641 -0.00567920
v 0.01095855 0.00069892 -0.00599739
v 0.01075499 0.00209128 -0.00629744
v 0.01132393 0.00023733 -0.00525102
v 0.01115447 0.00164594 -0.00556088
v 0.01095609 0.00304943 -0.00585606
v 0.01148948 0.00114569 -0.00480490
v 0.01132330 0.00256654 -0.00510715
v 0.01112994 0.00398066 -0.00539699
v 0.00351974 0.02332332 -0.00868905
v 0.00297074 0.02410168 -0.00862654
v 0.00241603 0.02483759 -0.00854847
v 0.00369467 0.02410280 -0.00832151
v 0.00314033 0.02485394 -0.00827401
v 0.00257932 0.02555627 -0.00820993
v 0.00384918 0.02485216 -0.00793764
v 0.00329052 0.02557656 -0.00790556
v 0.00272417 0.02624564 -0.00785605
v 0.01156466 -0.00623962 -0.00428630
v 0.01148890 -0.00486266 -0.00464939
v 0.01139264 -0.00347936 -0.00500352
v 0.01174718 -0.00538373 -0.00389873
v 0.01167452 -0.00398397 -0.00425047
v 0.01157862 -0.00257944 -0.00459288
v 0.01191324 -0.00455066 -0.00349798
v 0.01184183 -0.00312825 -0.00383783
v 0.01174555 -0.00170343 -0.00416854
v 0.00560651 0.01963099 -0.00871126
v 0.00510604 0.02064184 -0.00874267
v 0.00459031 0.02159730 -0.00874979
v 0.00580387 0.02052140 -0.00830251
v 0.00529676 0.02150262 -0.00834020
v 0.00477620 0.02243375 -0.00835792
v 0.00597894 0.02138552 -0.00787702
v 0.00546781 0.02234555 -0.00792474
v 0.00494188 0.02324865 -0.00795192
v 0.01157799 -0.01158605 -0.00272800
v 0.01162110 -0.01028338 -0.00313219
v 0.01163360 -0.00895554 -0.00352757
v 0.01174023 -0.01084449 -0.00239350
v 0.01179264 -0.00951237 -0.00278391
v 0.01181203 -0.00815528 -0.00316607
v 0.01188747 -0.01012291 -0.00204676
v 0.01194385 -0.00875819 -0.00242185
v 0.01196598 -0.00737074 -0.00278935
v 0.00746677 0.01520123 -0.00839763
v 0.00702913 0.01637352 -0.00850951
v 0.00657010 0.01749888 -0.00859636
v 0.00767623 0.01615362 -0.00795850
v 0.00723477 0.01730984 -0.00807437
v 0.00677527 0.01842621 -0.00817102
v 0.00786147 0.01707843 -0.00750179
v 0.00741934 0.01822527 -0.00762490
v 0.00695666 0.01932533 -0.00772784
v -0.00324446 0.02867671 -0.00668081
v -0.00378090 0.02864468 -0.00638978
v -0.00429083 0.02852371 -0.00608653
v -0.00316929 0.02900663 -0.00652881
v -0.00371633 0.02892917 -0.00625875
v -0.00423704 0.02876585 -0.00597683
v -0.00310265 0.02933108 -0.00637150
v -0.00365825 0.02920377 -0.00612157
v -0.00418813 0.02899903 -0.00586133
v 0.01109085 -0.01644815 -0.00104697
v 0.01125296 -0.01528506 -0.00147318
v 0.01139248 -0.01409015 -0.00189678
v 0.01122518 -0.01585723 -0.00077884
v 0.01139592 -0.01465520 -0.00118765
v 0.01154375 -0.01342257 -0.00159440
v 0.01134129 -0.01527450 -0.00050012
v 0.01152418 -0.01404033 -0.00089108
v 0.01167501 -0.01276604 -0.00127982
v 0.00904544 0.01022230 -0.00777438
v 0.00867533 0.01150336 -0.00795382
v 0.00828781 0.01275987 -0.00811684
v 0.00926269 0.01120865 -0.00732485
v 0.00889291 0.01248674 -0.00750706
v 0.00850267 0.01373457 -0.00767158
v 0.00945540 0.01216888 -0.00685755
v 0.00908562 0.01344338 -0.00704206
v 0.00869426 0.01468456 -0.00720948
v -0.00099952 0.02801611 -0.00767035
v -0.00156877 0.02830555 -0.00745426
v -0.00213375 0.02851200 -0.00721671
v -0.00088293 0.02851918 -0.00743677
v -0.00146183 0.02876317 -0.00723933
v -0.00203701 0.02892698 -0.00702209
v -0.00077885 0.02900426 -0.00719375
v -0.00136694 0.02921608 -0.00701866
v -0.00195124 0.02933533 -0.00682155
v 0.01016123 -0.02062096 0.00066617
v 0.01043227 -0.01965623 0.00024044
v 0.01068085 -0.01864032 -0.00018841
v 0.01025388 -0.02019158 0.00085817
v 0.01053459 -0.01918331 0.00045227
v 0.01079325 -0.01812568 0.00004292
v 0.01033659 -0.01977263 0.00105745
v 0.01062797 -0.01872542 0.00067227
v 0.01089464 -0.01762501 0.00028303
v 0.01027344 0.00485367 -0.00685166
v 0.01000245 0.00622125 -0.00710883
v 0.00971112 0.00757740 -0.00735187
v 0.01048732 0.00583123 -0.00640655
v 0.01021780 0.00720442 -0.00666085
v 0.00992751 0.00856416 -0.00690191
v 0.01066988 0.00677912 -0.00594020
v 0.01040796 0.00816152 -0.00619494
v 0.01011866 0.00952453 -0.00643393
v 0.00975566 0.01398675 -0.00586924
v 0.00938925 0.01525714 -0.00605969
v 0.00900131 0.01649284 -0.00623630
v 0.00986436 0.01484091 -0.00535326
v 0.00950163 0.01611210 -0.00554728
v 0.00911589 0.01734571 -0.00572819
v 0.00994497 0.01565466 -0.00482501
v 0.00958624 0.01692710 -0.00502224
v 0.00920411 0.01816110 -0.00520779
v -0.00061147 0.02993539 -0.00668474
v -0.00121399 0.03007093 -0.00655224
v -0.00181320 0.03011251 -0.00639903
v -0.00054809 0.03038185 -0.00641901
v -0.00115618 0.03048430 -0.00630907
v -0.00176122 0.03049208 -0.00617921
v -0.00049755 0.03081855 -0.00614746
v -0.00110997 0.03088450 -0.00605931
v -0.00171926 0.03085247 -0.00595167
v 0.01047536 -0.01897718 0.00147650
v 0.01077900 -0.01784467 0.00113430
v 0.01106173 -0.01666736 0.00078757
v 0.01052913 -0.01859874 0.00169510
v 0.01083828 -0.01742732 0.00137538
v 0.01112599 -0.01621107 0.00105071
v 0.01056848 -0.01822778 0.00191835
v 0.01088377 -0.01702213 0.00162203
v 0.01117625 -0.01576998 0.00132012
v 0.01096970 0.00859362 -0.00496734
v 0.01071047 0.00998616 -0.00521506
v 0.01042304 0.01135457 -0.00544954
v 0.01108437 0.00945516 -0.00446182
v 0.01082624 0.01085258 -0.00470591
v 0.01053333 0.01221643 -0.00493517
v 0.01118425 0.01029206 -0.00394827
v 0.01091953 0.01168756 -0.00418606
v 0.01061878 0.01304336 -0.00440983
v 0.00178839 0.02861205 -0.00703602
v 0.00119344 0.02904512 -0.00697258
v 0.00059405 0.02941035 -0.00689259
v 0.00187179 0.02919572 -0.00669123
v 0.00127216 0.02959647 -0.00664643
v 0.00066786 0.02992957 -0.00658623
v 0.00193790 0.02975568 -0.00633773
v 0.00133498 0.03013312 -0.00631353
v 0.00072677 0.03043553 -0.00627337
v 0.01174757 0.00287607 -0.00387188
v 0.01158422 0.00431842 -0.00415723
v 0.01139803 0.00575168 -0.00443424
v 0.01185743 0.00369926 -0.00339285
v 0.01169644 0.00515403 -0.00367056
v 0.01151199 0.00659792 -0.00394079
v 0.01195154 0.00449374 -0.00290462
v 0.01179338 0.00596189 -0.00317490
v 0.01161350 0.00741909 -0.00343935
v 0.00409995 0.02628012 -0.00713482
v 0.00353330 0.02694512 -0.00713191
v 0.00295845 0.02755215 -0.00711352
v 0.00419820 0.02697130 -0.00672185
v 0.00362592 0.02759325 -0.00673033
v 0.00304826 0.02817678 -0.00672940
v 0.00427560 0.02763044 -0.00629824
v 0.00370057 0.02822656 -0.00632273
v 0.00312171 0.02879869 -0.00634176
v 0.01218298 -0.00295537 -0.00265668
v 0.01211773 -0.00149158 -0.00297376
v 0.01201880 -0.00002939 -0.00328128
v 0.01228819 -0.00219740 -0.00221863
v 0.01222193 -0.00071374 -0.00252331
v 0.01212461 0.00076540 -0.00282021
v 0.01236492 -0.00146704 -0.00176902
v 0.01230239 0.00003448 -0.00206202
v 0.01221049 0.00153010 -0.00234892
v 0.00626044 0.02302352 -0.00698079
v 0.00574434 0.02394676 -0.00705084
v 0.00521053 0.02479924 -0.00709985
v 0.00636612 0.02379226 -0.00651278
v 0.00584801 0.02469550 -0.00659360
v 0.00531290 0.02553062 -0.00665604
v 0.00644935 0.02452946 -0.00603461
v 0.00593210 0.02542328 -0.00612884
v 0.00539719 0.02624763 -0.00620608
v 0.01211695 -0.00873173 -0.00131690
v 0.01218119 -0.00730803 -0.00166023
v 0.01221365 -0.00586787 -0.00199864
v 0.01220556 -0.00807140 -0.00093684
v 0.01227372 -0.00662037 -0.00126394
v 0.01230987 -0.00515469 -0.00158717
v 0.01227333 -0.00743454 -0.00054772
v 0.01234937 -0.00595969 -0.00085847
v 0.01238866 -0.00446930 -0.00116624
v 0.00816204 0.01884548 -0.00654502
v 0.00771347 0.01995962 -0.00667724
v 0.00724607 0.02102785 -0.00679379
v 0.00827551 0.01968056 -0.00604644
v 0.00782209 0.02077281 -0.00618211
v 0.00735220 0.02182260 -0.00630503
v 0.00836328 0.02047845 -0.00553567
v 0.00790739 0.02155386 -0.00567685
v 0.00743485 0.02258406 -0.00580611
v -0.00299386 0.02994100 -0.00603733
v -0.00356463 0.02973860 -0.00583397
v -0.00410851 0.02945184 -0.00561801
v -0.00295309 0.03024192 -0.00586413
v -0.00352844 0.02999266 -0.00568309
v -0.00407689 0.02966215 -0.00548989
v -0.00291937 0.03052230 -0.00568388
v -0.00349829 0.03022996 -0.00552673
v -0.00405090 0.02986225 -0.00535838
v 0.01153960 -0.01416900 0.00008518
v 0.01172845 -0.01285410 -0.00026736
v 0.01188907 -0.01150827 -0.00061924
v 0.01161019 -0.01363501 0.00039047
v 0.01180457 -0.01228706 0.00005791
v 0.01196908 -0.01090804 -0.00027480
v 0.01167048 -0.01312608 0.00070323
v 0.01186804 -0.01174431 0.00039098
v 0.01203704 -0.01033427 0.00007779
v 0.01236243 -0.00624684 0.00025341
v 0.01244379 -0.00472232 -0.00002293
v 0.01249267 -0.00318671 -0.00029897
v 0.01238483 -0.00569852 0.00066413
v 0.01246700 -0.00414991 0.00040536
v 0.01251502 -0.00259143 0.00014574
v 0.01238603 -0.00517895 0.00108033
v 0.01246941 -0.00360817 0.00083948
v 0.01251544 -0.00202826 0.00059638
v 0.00845909 0.02194870 -0.00448282
v 0.00800581 0.02300790 -0.00463952
v 0.00753897 0.02403095 -0.00478885
v 0.00847155 0.02262858 -0.00394628
v 0.00802221 0.02368750 -0.00411174
v 0.00755770 0.02470613 -0.00427019
v 0.00846654 0.02328657 -0.00340700
v 0.00801652 0.02433326 -0.00357891
v 0.00755573 0.02535255 -0.00374684
v -0.00287458 0.03104019 -0.00531089
v -0.00345913 0.03067931 -0.00520593
v -0.00401547 0.03022832 -0.00508712
v -0.00286420 0.03127940 -0.00512143
v -0.00344877 0.03087512 -0.00504119
v -0.00400645 0.03039398 -0.00494910
v -0.00286168 0.03149746 -0.00492980
v -0.00344697 0.03106874 -0.00487722
v -0.00400463 0.03055559 -0.00481132
v 0.01173694 -0.01216267 0.00134713
v 0.01194390 -0.01072415 0.00107738
v 0.01211520 -0.00925342 0.00080437
v 0.01174519 -0.01171346 0.00167651
v 0.01195469 -0.01024827 0.00142868
v 0.01213002 -0.00875293 0.00117663
v 0.01173831 -0.01128893 0.00200983
v 0.01194892 -0.00979822 0.00178424
v 0.01212514 -0.00827809 0.00155333
v 0.01003776 0.01717893 -0.00374518
v 0.00967655 0.01843663 -0.00394350
v 0.00930028 0.01966899 -0.00413626
v 0.01005150 0.01788985 -0.00319603
v 0.00969437 0.01915121 -0.00339718
v 0.00930880 0.02035867 -0.00358873
v 0.01005105 0.01857921 -0.00264375
v 0.00968656 0.01982353 -0.00284428
v 0.00930427 0.02103280 -0.00303979
v -0.00043262 0.03163515 -0.00558623
v -0.00105001 0.03162585 -0.00554167
v -0.00166443 0.03152053 -0.00548038
v -0.00041825 0.03200900 -0.00529868
v -0.00103630 0.03195960 -0.00527611
v -0.00165185 0.03182678 -0.00523988
v -0.00041666 0.03236322 -0.00500846
v -0.00103438 0.03227729 -0.00500885
v -0.00164925 0.03210148 -0.00499547
v 0.01062229 -0.01754438 0.00237988
v 0.01093919 -0.01626262 0.00213035
v 0.01123483 -0.01493904 0.00187486
v 0.01063105 -0.01722408 0.00261598
v 0.01094719 -0.01590750 0.00239038
v 0.01124128 -0.01454919 0.00215837
v 0.01062929 -0.01692177 0.00285519
v 0.01094471 -0.01557375 0.00265402
v 0.01123689 -0.01418333 0.00244577
v 0.01130096 0.01185175 -0.00288672
v 0.01102761 0.01324450 -0.00311509
v 0.01071871 0.01459050 -0.00333271
v 0.01131911 0.01257138 -0.00234251
v 0.01104444 0.01396514 -0.00256750
v 0.01073313 0.01530779 -0.00278316
v 0.01131685 0.01325576 -0.00179252
v 0.01103479 0.01464290 -0.00201325
v 0.01072881 0.01599315 -0.00222882
v 0.00202191 0.03084448 -0.00561715
v 0.00141428 0.03115924 -0.00563071
v 0.00080155 0.03140023 -0.00563070
v 0.00203951 0.03136272 -0.00524939
v 0.00143076 0.03164202 -0.00528151
v 0.00081705 0.03184027 -0.00529991
v 0.00203995 0.03184648 -0.00487502
v 0.00143146 0.03209793 -0.00492724
v 0.00081811 0.03226693 -0.00496672
v 0.01208384 0.00599033 -0.00190016
v 0.01192840 0.00748477 -0.00215475
v 0.01174203 0.00895885 -0.00240359
v 0.01212178 0.00669051 -0.00138515
v 0.01196632 0.00819774 -0.00163165
v 0.01177664 0.00968001 -0.00187324
v 0.01213844 0.00735586 -0.00086225
v 0.01198065 0.00887414 -0.00110043
v 0.01178953 0.01036575 -0.00133525
v 0.00437023 0.02886859 -0.00542859
v 0.00379435 0.02943842 -0.00549001
v 0.00321320 0.02997820 -0.00554577
v 0.00438737 0.02944448 -0.00498438
v 0.00381353 0.03001414 -0.00506595
v 0.00323228 0.03054081 -0.00514024
v 0.00438613 0.02999911 -0.00453660
v 0.00381571 0.03057654 -0.00463879
v 0.00323418 0.03108516 -0.00473060
v 0.01247267 -0.00010085 -0.00084552
v 0.01241349 0.00143643 -0.00111438
v 0.01232656 0.00296489 -0.00137976
v 0.01249761 0.00053340 -0.00037225
v 0.01244059 0.00208804 -0.00062886
v 0.01235901 0.00363369 -0.00088343
v 0.01250704 0.00113401 0.00010753
v 0.01244789 0.00270514 -0.00013659
v 0.01237111 0.00426798 -0.00037983
v 0.00655676 0.02593824 -0.00505951
v 0.00603626 0.02679236 -0.00517513
v 0.00549680 0.02756776 -0.00527548
v 0.00657823 0.02659808 -0.00456181
v 0.00605491 0.02742578 -0.00468723
v 0.00551183 0.02816691 -0.00479786
v 0.00657302 0.02720567 -0.00405542
v 0.00604983 0.02801649 -0.00419255
v 0.00550628 0.02873587 -0.00431601
v 0.01244487 0.00222480 0.00108212
v 0.01238820 0.00382619 0.00086375
v 0.01230737 0.00541573 0.00064426
v 0.01237429 0.00271111 0.00157343
v 0.01231898 0.00432585 0.00136854
v 0.01223896 0.00592821 0.00116135
v 0.01228511 0.00315784 0.00206632
v 0.01222541 0.00478339 0.00187436
v 0.01214806 0.00639869 0.00168007
v 0.00649301 0.02829750 -0.00302968
v 0.00597142 0.02907534 -0.00319041
v 0.00543484 0.02978462 -0.00334370
v 0.00642495 0.02880730 -0.00251546
v 0.00590498 0.02957284 -0.00268854
v 0.00537133 0.03027434 -0.00285591
v 0.00633805 0.02929124 -0.00200067
v 0.00581910 0.03004123 -0.00218589
v 0.00528981 0.03074241 -0.00236771
v 0.01232706 -0.00423326 0.00192446
v 0.01241023 -0.00262252 0.00172032
v 0.01245904 -0.00100527 0.00151151
v 0.01226451 -0.00380900 0.00234955
v 0.01234812 -0.00218129 0.00216443
v 0.01239311 -0.00054738 0.00197263
v 0.01218386 -0.00341982 0.00277564
v 0.01226624 -0.00177632 0.00260963
v 0.01230736 -0.00012731 0.00243490
v 0.00839689 0.02451558 -0.00231814
v 0.00794607 0.02554167 -0.00250391
v 0.00748028 0.02652282 -0.00268540
v 0.00832433 0.02506185 -0.00176780
v 0.00787578 0.02608504 -0.00196124
v 0.00740953 0.02705284 -0.00215064
v 0.00823060 0.02557196 -0.00121608
v 0.00778410 0.02659223 -0.00141702
v 0.00732133 0.02756111 -0.00161545
v -0.00288503 0.03190877 -0.00454643
v -0.00346698 0.03142237 -0.00454730
v -0.00402099 0.03085079 -0.00453393
v -0.00291058 0.03209741 -0.00435310
v -0.00348980 0.03159130 -0.00438171
v -0.00403991 0.03098961 -0.00439420
v -0.00294482 0.03227174 -0.00415850
v -0.00351967 0.03174357 -0.00421413
v -0.00406539 0.03111960 -0.00425344
v 0.01167918 -0.01051774 0.00268516
v 0.01188601 -0.00897862 0.00250419
v 0.01206216 -0.00741470 0.00231654
v 0.01162711 -0.01017287 0.00302550
v 0.01183085 -0.00861244 0.00286705
v 0.01200512 -0.00702873 0.00270123
v 0.01156475 -0.00985989 0.00336782
v 0.01176221 -0.00827778 0.00323127
v 0.01193127 -0.00667437 0.00308676
v 0.00998986 0.01986048 -0.00152534
v 0.00962650 0.02110507 -0.00173037
v 0.00923802 0.02229493 -0.00193095
v 0.00992200 0.02043648 -0.00095953
v 0.00955561 0.02167312 -0.00116629
v 0.00916559 0.02285556 -0.00137009
v 0.00982506 0.02095806 -0.00039095
v 0.00945820 0.02219139 -0.00059985
v 0.00906874 0.02337087 -0.00080720
v -0.00045376 0.03300915 -0.00442182
v -0.00106782 0.03285590 -0.00446955
v -0.00167923 0.03262485 -0.00450679
v -0.00049272 0.03329549 -0.00412546
v -0.00110334 0.03311251 -0.00419724
v -0.00171121 0.03285628 -0.00425977
v -0.00054484 0.03354663 -0.00382676
v -0.00115117 0.03335364 -0.00392463
v -0.00175453 0.03307549 -0.00401249
v 0.01059432 -0.01637390 0.00334078
v 0.01090242 -0.01496518 0.00318829
v 0.01118678 -0.01351582 0.00302778
v 0.01055773 -0.01612433 0.00358486
v 0.01086238 -0.01469142 0.00345744
v 0.01114350 -0.01321850 0.00332154
v 0.01051460 -0.01590105 0.00383102
v 0.01081486 -0.01444538 0.00372869
v 0.01109156 -0.01295003 0.00361734
v 0.01124437 0.01450649 -0.00067740
v 0.01095960 0.01589614 -0.00089296
v 0.01065154 0.01724604 -0.00110585
v 0.01117427 0.01507053 -0.00011432
v 0.01088917 0.01646328 -0.00032755
v 0.01058284 0.01781828 -0.00053946
v 0.01108178 0.01559240 0.00045110
v 0.01079757 0.01699048 0.00024020
v 0.01049146 0.01834875 0.00002940
v 0.00199199 0.03273602 -0.00411490
v 0.00138531 0.03292405 -0.00420691
v 0.00077458 0.03303170 -0.00428878
v 0.00194274 0.03312757 -0.00372958
v 0.00133827 0.03329134 -0.00384262
v 0.00073015 0.03338233 -0.00394748
v 0.00187594 0.03347513 -0.00334164
v 0.00127513 0.03362757 -0.00347699
v 0.00067027 0.03369733 -0.00360405
v 0.01208132 0.00855785 0.00020309
v 0.01192220 0.01009694 -0.00001837
v 0.01172994 0.01160592 -0.00023950
v 0.01201010 0.00909139 0.00074143
v 0.01185450 0.01064321 0.00052876
v 0.01166123 0.01215978 0.00031459
v 0.01191546 0.00958125 0.00128149
v 0.01175832 0.01114105 0.00107766
v 0.01156380 0.01266404 0.00087055
v 0.00433002 0.03104692 -0.00363304
v 0.00376336 0.03160552 -0.00376959
v 0.00318388 0.03208092 -0.00389651
v 0.00427409 0.03153075 -0.00317733
v 0.00370930 0.03207286 -0.00332995
v 0.00313069 0.03251943 -0.00347304
v 0.00419782 0.03197459 -0.00271892
v 0.00363432 0.03248966 -0.00288669
v 0.00305868 0.03291872 -0.00304730
v -0.00511198 0.02827742 -0.00531084
v -0.00514457 0.02812891 -0.00538608
v -0.00517881 0.02797291 -0.00545631
v -0.00546856 0.02777578 -0.00503875
v -0.00549371 0.02766426 -0.00509600
v -0.00551944 0.02754643 -0.00514906
v -0.00572803 0.02721832 -0.00479056
v -0.00574623 0.02713584 -0.00483230
v -0.00576672 0.02705510 -0.00487202
v -0.00774568 0.02281439 -0.00521454
v -0.00779722 0.02277702 -0.00513365
v -0.00784669 0.02275383 -0.00505259
v -0.00747108 0.02365756 -0.00497181
v -0.00751004 0.02362786 -0.00491033
v -0.00754641 0.02360726 -0.00484921
v -0.00721572 0.02427529 -0.00475302
v -0.00724436 0.02425392 -0.00470790
v -0.00727059 0.02423935 -0.00466385
v -0.00749998 0.02301801 -0.00551217
v -0.00756688 0.02296150 -0.00544333
v -0.00762926 0.02290443 -0.00536977
v -0.00728291 0.02381778 -0.00519962
v -0.00733351 0.02377243 -0.00514709
v -0.00738196 0.02372969 -0.00509123
v -0.00707412 0.02438402 -0.00491972
v -0.00711162 0.02435250 -0.00488179
v -0.00714966 0.02433072 -0.00484193
v -0.00693126 0.02379170 -0.00593838
v -0.00700469 0.02365644 -0.00589577
v -0.00707710 0.02353433 -0.00585073
v -0.00684606 0.02438513 -0.00551723
v -0.00690307 0.02428756 -0.00548630
v -0.00695824 0.02419497 -0.00545259
v -0.00675051 0.02479095 -0.00515051
v -0.00679358 0.02472537 -0.00512896
v -0.00683543 0.02466067 -0.00510487
v -0.00823940 0.02405563 -0.00348160
v -0.00822406 0.02419305 -0.00339929
v -0.00820344 0.02432974 -0.00331834
v -0.00783928 0.02458583 -0.00365464
v -0.00782617 0.02468525 -0.00359147
v -0.00781022 0.02478798 -0.00353019
v -0.00748086 0.02494409 -0.00378686
v -0.00747013 0.02501224 -0.00373986
v -0.00745821 0.02508691 -0.00369517
v -0.00782872 0.02600580 -0.00267821
v -0.00776970 0.02617948 -0.00262934
v -0.00770976 0.02635402 -0.00258559
v -0.00752554 0.02605088 -0.00304707
v -0.00748178 0.02618565 -0.00301045
v -0.00743625 0.02631791 -0.00297709
v -0.00725002 0.02600308 -0.00334275
v -0.00721946 0.02610585 -0.00331682
v -0.00718707 0.02620698 -0.00329282
v 0.00822605 -0.02321891 0.00398541
v 0.00821476 -0.02313165 0.00407676
v 0.00820011 -0.02305416 0.00416879
v 0.00779890 -0.02393941 0.00403357
v 0.00779023 -0.02387345 0.00410168
v 0.00777829 -0.02381168 0.00416980
v 0.00742482 -0.02450931 0.00406768
v 0.00741843 -0.02446141 0.00411601
v 0.00740993 -0.02441742 0.00416451
v -0.00815152 0.02461682 -0.00316405
v -0.00812116 0.02476773 -0.00309182
v -0.00808875 0.02492547 -0.00302362
v -0.00777009 0.02500046 -0.00341366
v -0.00774724 0.02511459 -0.00335940
v -0.00772219 0.02523176 -0.00330766
v -0.00742845 0.02523831 -0.00361031
v -0.00741199 0.02532250 -0.00357100
v -0.00739296 0.02540512 -0.00353245
v -0.00547997 0.02991608 -0.00322723
v -0.00542336 0.02993500 -0.00330504
v -0.00537033 0.02994379 -0.00338335
v -0.00574528 0.02902305 -0.00346422
v -0.00570155 0.02903344 -0.00352290
v -0.00566242 0.02904195 -0.00358227
v -0.00593919 0.02816590 -0.00364423
v -0.00590456 0.02816461 -0.00368585
v -0.00587374 0.02816283 -0.00372813
v -0.00598112 0.02560790 -0.00607662
v -0.00605438 0.02545044 -0.00609084
v -0.00613238 0.02529276 -0.00610157
v -0.00612130 0.02574742 -0.00561652
v -0.00617845 0.02563502 -0.00562858
v -0.00623899 0.02552096 -0.00563771
v -0.00621391 0.02576143 -0.00521799
v -0.00625654 0.02567797 -0.00522715
v -0.00630140 0.02559469 -0.00523406
v -0.00826377 0.02357616 -0.00382851
v -0.00826412 0.02368785 -0.00374015
v -0.00826100 0.02380833 -0.00365317
v -0.00786045 0.02422882 -0.00392051
v -0.00786095 0.02431555 -0.00385337
v -0.00785679 0.02440061 -0.00378597
v -0.00749753 0.02468494 -0.00398357
v -0.00749765 0.02474782 -0.00393390
v -0.00749463 0.02481064 -0.00388418
v -0.00822207 0.02319831 -0.00418869
v -0.00823906 0.02328441 -0.00409834
v -0.00825052 0.02337174 -0.00400736
v -0.00782918 0.02394241 -0.00419383
v -0.00784162 0.02400651 -0.00412547
v -0.00785114 0.02407603 -0.00405708
v -0.00747479 0.02447713 -0.00418315
v -0.00748402 0.02452510 -0.00413408
v -0.00749051 0.02457296 -0.00408391
v -0.00666365 0.02859068 -0.00242254
v -0.00657985 0.02872106 -0.00244352
v -0.00649857 0.02884711 -0.00246887
v -0.00664096 0.02801433 -0.00285265
v -0.00657743 0.02811201 -0.00286840
v -0.00651508 0.02820334 -0.00288696
v -0.00659475 0.02742184 -0.00319463
v -0.00654843 0.02749180 -0.00320591
v -0.00650282 0.02755846 -0.00321946
v -0.00729182 0.02737199 -0.00240783
v -0.00721393 0.02752900 -0.00239228
v -0.00713534 0.02767493 -0.00238087
v -0.00712092 0.02710576 -0.00284321
v -0.00706083 0.02722142 -0.00283075
v -0.00700119 0.02733270 -0.00282201
v -0.00695392 0.02678180 -0.00319251
v -0.00691039 0.02686965 -0.00318383
v -0.00686691 0.02695523 -0.00317796
v -0.00513034 0.02989376 -0.00391032
v -0.00510053 0.02985158 -0.00400466
v -0.00507167 0.02978803 -0.00409669
v -0.00548542 0.02901570 -0.00398222
v -0.00546086 0.02897627 -0.00405311
v -0.00543896 0.02892858 -0.00412304
v -0.00574433 0.02814244 -0.00402006
v -0.00572706 0.02811602 -0.00407194
v -0.00571188 0.02808401 -0.00412329
v 0.00611963 -0.02907486 0.00256684
v 0.00620037 -0.02897756 0.00252537
v 0.00628199 -0.02887350 0.00248791
v 0.00622614 -0.02831727 0.00297411
v 0.00628549 -0.02824061 0.00294251
v 0.00634550 -0.02815893 0.00291390
v 0.00630784 -0.02763574 0.00331531
v 0.00635008 -0.02758119 0.00329282
v 0.00639279 -0.02752304 0.00327247
v -0.00501752 0.02881982 -0.00498318
v -0.00503669 0.02870066 -0.00506820
v -0.00505828 0.02856774 -0.00515121
v -0.00539545 0.02818082 -0.00479063
v -0.00540846 0.02808600 -0.00485309
v -0.00542673 0.02799324 -0.00491667
v -0.00567131 0.02750149 -0.00460863
v -0.00568109 0.02743397 -0.00465410
v -0.00569545 0.02736972 -0.00470062
v -0.00721822 0.02332154 -0.00575162
v -0.00728895 0.02323059 -0.00569689
v -0.00736037 0.02315191 -0.00563904
v -0.00706815 0.02404183 -0.00537913
v -0.00712222 0.02397448 -0.00533811
v -0.00717694 0.02391811 -0.00529498
v -0.00691717 0.02454462 -0.00505008
v -0.00695762 0.02449739 -0.00502007
v -0.00699707 0.02445461 -0.00498830
v -0.00546850 0.02702209 -0.00581938
v -0.00552839 0.02684566 -0.00586766
v -0.00559067 0.02666421 -0.00591165
v -0.00573925 0.02681031 -0.00542433
v -0.00578528 0.02667568 -0.00546077
v -0.00583064 0.02653363 -0.00549250
v -0.00593264 0.02651539 -0.00507729
v -0.00596337 0.02640548 -0.00510213
v -0.00599544 0.02630076 -0.00512428
v -0.00758284 0.02669318 -0.00251091
v -0.00751496 0.02686445 -0.00247948
v -0.00744431 0.02703910 -0.00245213
v -0.00734044 0.02658013 -0.00292049
v -0.00728948 0.02671372 -0.00289693
v -0.00723568 0.02684685 -0.00287610
v -0.00711700 0.02640534 -0.00325115
v -0.00707925 0.02650368 -0.00323359
v -0.00703972 0.02660153 -0.00321828
v -0.00602498 0.02949130 -0.00271180
v -0.00594767 0.02956935 -0.00276503
v -0.00587249 0.02963430 -0.00282006
v -0.00615718 0.02868916 -0.00307047
v -0.00609901 0.02874898 -0.00311069
v -0.00604305 0.02880179 -0.00315270
v -0.00624017 0.02790765 -0.00335181
v -0.00619826 0.02795276 -0.00338119
v -0.00615840 0.02799585 -0.00341262
v 0.00581563 -0.02941760 0.00277475
v 0.00589036 -0.02934712 0.00271793
v 0.00596548 -0.02926408 0.00266389
v 0.00599815 -0.02856994 0.00312892
v 0.00605412 -0.02851757 0.00308659
v 0.00611183 -0.02846155 0.00304728
v 0.00614557 -0.02781555 0.00342549
v 0.00618493 -0.02777658 0.00339504
v 0.00622517 -0.02773356 0.00336649
v -0.00573401 0.02975436 -0.00294027
v -0.00566829 0.02980790 -0.00300658
v -0.00560369 0.02985319 -0.00307688
v -0.00593984 0.02889972 -0.00324459
v -0.00588973 0.02894078 -0.00329504
v -0.00584081 0.02897777 -0.00334919
v -0.00608206 0.02806951 -0.00348052
v -0.00604641 0.02810563 -0.00351889
v -0.00601057 0.02813484 -0.00355937
v -0.00527867 0.02995456 -0.00354600
v -0.00523893 0.02995808 -0.00363311
v -0.00520067 0.02994947 -0.00372340
v -0.00559466 0.02905021 -0.00370355
v -0.00556599 0.02905638 -0.00376949
v -0.00553728 0.02905105 -0.00383813
v -0.00582300 0.02816451 -0.00381642
v -0.00580178 0.02816792 -0.00386456
v -0.00578151 0.02816653 -0.00391501
v -0.00571806 0.02628601 -0.00598464
v -0.00578198 0.02610142 -0.00601354
v -0.00584662 0.02592747 -0.00603822
v -0.00592454 0.02625404 -0.00554622
v -0.00597139 0.02611645 -0.00556775
v -0.00601953 0.02598701 -0.00558658
v -0.00606177 0.02610467 -0.00516185
v -0.00609605 0.02600946 -0.00517790
v -0.00613303 0.02592161 -0.00519282
v -0.00811285 0.02291883 -0.00454817
v -0.00814582 0.02297673 -0.00445855
v -0.00817557 0.02304482 -0.00436900
v -0.00775021 0.02374143 -0.00446896
v -0.00777520 0.02378578 -0.00440004
v -0.00779656 0.02383413 -0.00433116
v -0.00742163 0.02434498 -0.00438626
v -0.00743959 0.02437729 -0.00433460
v -0.00745296 0.02440406 -0.00428279
v -0.00498696 0.02926872 -0.00463825
v -0.00498868 0.02916476 -0.00472625
v -0.00499446 0.02905530 -0.00481308
v -0.00537321 0.02852444 -0.00453445
v -0.00537374 0.02844050 -0.00460039
v -0.00537752 0.02835439 -0.00466475
v -0.00566071 0.02777494 -0.00442506
v -0.00566039 0.02770895 -0.00447331
v -0.00566073 0.02763682 -0.00451891
v -0.00661438 0.02435324 -0.00606156
v -0.00669510 0.02421296 -0.00603869
v -0.00677482 0.02407010 -0.00601008
v -0.00660845 0.02481507 -0.00560976
v -0.00666723 0.02469947 -0.00559124
v -0.00672830 0.02459534 -0.00557044
v -0.00657611 0.02509155 -0.00521551
v -0.00662000 0.02501130 -0.00520260
v -0.00666392 0.02493509 -0.00518746
v -0.00634021 0.02907862 -0.00253137
v -0.00626214 0.02919202 -0.00257004
v -0.00618409 0.02930302 -0.00261376
v -0.00639508 0.02837695 -0.00293401
v -0.00633687 0.02846535 -0.00296380
v -0.00627735 0.02854696 -0.00299652
v -0.00641394 0.02768430 -0.00325368
v -0.00637061 0.02774635 -0.00327504
v -0.00632766 0.02780663 -0.00329906
v -0.00525946 0.02766844 -0.00558804
v -0.00530536 0.02751112 -0.00564988
v -0.00535617 0.02735341 -0.00570977
v -0.00558003 0.02731722 -0.00524824
v -0.00561551 0.02719981 -0.00529570
v -0.00565378 0.02707480 -0.00534117
v -0.00581287 0.02689206 -0.00494590
v -0.00584028 0.02680885 -0.00498166
v -0.00586989 0.02671908 -0.00501609
v -0.00801796 0.02526488 -0.00289912
v -0.00797769 0.02544660 -0.00284087
v -0.00793326 0.02563443 -0.00278474
v -0.00766811 0.02548816 -0.00321345
v -0.00763725 0.02562474 -0.00316924
v -0.00760352 0.02576659 -0.00312685
v -0.00735152 0.02558775 -0.00346179
v -0.00732905 0.02568840 -0.00342969
v -0.00730508 0.02579368 -0.00339952
v -0.00502606 0.02963841 -0.00427922
v -0.00500959 0.02955412 -0.00436993
v -0.00499727 0.02946313 -0.00445993
v -0.00540610 0.02882198 -0.00426230
v -0.00539326 0.02875658 -0.00433103
v -0.00538407 0.02868742 -0.00439995
v -0.00568672 0.02800230 -0.00422420
v -0.00567876 0.02795904 -0.00427567
v -0.00567007 0.02790152 -0.00432562
v 0.00815776 -0.02291691 0.00435201
v 0.00813017 -0.02285748 0.00444275
v 0.00810017 -0.02281135 0.00453374
v 0.00774687 -0.02371072 0.00430685
v 0.00772749 -0.02367178 0.00437546
v 0.00770431 -0.02363445 0.00444293
v 0.00738785 -0.02434724 0.00426230
v 0.00737318 -0.02431566 0.00431053
v 0.00735651 -0.02428836 0.00435847
v -0.00629699 0.02497620 -0.00610971
v -0.00637799 0.02481559 -0.00610521
v -0.00645642 0.02465321 -0.00609470
v -0.00636393 0.02527833 -0.00564387
v -0.00642660 0.02515988 -0.00564120
v -0.00648888 0.02504609 -0.00563497
v -0.00639479 0.02542649 -0.00523978
v -0.00644091 0.02534063 -0.00523797
v -0.00648661 0.02525633 -0.00523330
v 0.00805577 -0.02476240 0.00299167
v 0.00809095 -0.02460577 0.00306284
v 0.00812107 -0.02444750 0.00313587
v 0.00766946 -0.02508106 0.00328916
v 0.00769561 -0.02496347 0.00334227
v 0.00771903 -0.02484875 0.00339740
v 0.00733370 -0.02532574 0.00353828
v 0.00735287 -0.02524455 0.00357653
v 0.00736977 -0.02516395 0.00361598
v -0.00794121 0.02275293 -0.00488974
v -0.00798768 0.02277768 -0.00480695
v -0.00803172 0.02281254 -0.00472186
v -0.00761902 0.02361566 -0.00473026
v -0.00765546 0.02363971 -0.00466921
v -0.00768970 0.02366767 -0.00460469
v -0.00732217 0.02424440 -0.00457944
v -0.00734933 0.02426365 -0.00453547
v -0.00737648 0.02429160 -0.00448896
v 0.01167505 0.01044161 0.00236525
v 0.01150666 0.01201051 0.00217750
v 0.01131302 0.01355138 0.00198513
v 0.01152714 0.01080904 0.00290745
v 0.01136038 0.01239052 0.00272901
v 0.01116420 0.01393889 0.00254357
v 0.01136093 0.01113387 0.00344898
v 0.01118871 0.01272058 0.00327826
v 0.01099185 0.01427826 0.00310038
v 0.00398515 0.03274522 -0.00179961
v 0.00342719 0.03321814 -0.00199944
v 0.00285767 0.03359833 -0.00219430
v 0.00384921 0.03307197 -0.00134116
v 0.00329428 0.03351958 -0.00155712
v 0.00272931 0.03388213 -0.00176972
v 0.00369293 0.03335064 -0.00088484
v 0.00314271 0.03378298 -0.00111749
v 0.00258252 0.03412298 -0.00134763
v 0.00787851 -0.02541279 0.00273655
v 0.00792661 -0.02524152 0.00279466
v 0.00797392 -0.02508235 0.00285768
v 0.00753963 -0.02557771 0.00310027
v 0.00757641 -0.02545316 0.00314425
v 0.00761039 -0.02532884 0.00319050
v 0.00724024 -0.02567480 0.00340298
v 0.00726618 -0.02558510 0.00343412
v 0.00729040 -0.02549659 0.00346705
v 0.01205128 0.00392927 0.00305337
v 0.01199395 0.00557985 0.00288971
v 0.01191591 0.00721927 0.00272118
v 0.01190920 0.00425341 0.00354640
v 0.01185047 0.00591517 0.00339685
v 0.01177022 0.00756526 0.00324122
v 0.01174869 0.00453508 0.00403756
v 0.01168527 0.00620581 0.00390138
v 0.01160285 0.00786594 0.00375891
v 0.00610459 0.03016320 -0.00097035
v 0.00559151 0.03089939 -0.00118104
v 0.00506757 0.03158042 -0.00138987
v 0.00595413 0.03052941 -0.00045590
v 0.00544456 0.03125863 -0.00067913
v 0.00492606 0.03194287 -0.00090173
v 0.00578091 0.03084445 0.00005618
v 0.00527622 0.03157223 -0.00017949
v 0.00476057 0.03224107 -0.00041523
v -0.00698406 0.02797758 -0.00237542
v -0.00690766 0.02813550 -0.00238069
v -0.00682771 0.02828941 -0.00239003
v -0.00688462 0.02755563 -0.00281695
v -0.00682603 0.02767259 -0.00282073
v -0.00676575 0.02778965 -0.00282808
v -0.00677902 0.02711639 -0.00317351
v -0.00673413 0.02719559 -0.00317518
v -0.00668806 0.02727256 -0.00317912
v 0.01197456 -0.00275144 0.00362857
v 0.01205031 -0.00107956 0.00350060
v 0.01208535 0.00059605 0.00336080
v 0.01184533 -0.00247318 0.00405349
v 0.01191773 -0.00078924 0.00394492
v 0.01194757 0.00089790 0.00382224
v 0.01170085 -0.00223310 0.00447652
v 0.01176679 -0.00053821 0.00438655
v 0.01179532 0.00115950 0.00428254
v 0.00798775 0.02650664 -0.00011171
v 0.00754228 0.02751383 -0.00032754
v 0.00708245 0.02847243 -0.00054308
v 0.00783291 0.02691113 0.00044016
v 0.00738655 0.02790612 0.00021664
v 0.00692646 0.02885129 -0.00000744
v 0.00765115 0.02725510 0.00098977
v 0.00720559 0.02824200 0.00075846
v 0.00674532 0.02917170 0.00052557
v -0.00303778 0.03257276 -0.00376745
v -0.00360004 0.03200182 -0.00387616
v -0.00413392 0.03134131 -0.00396910
v -0.00309521 0.03268976 -0.00357170
v -0.00364978 0.03210403 -0.00370694
v -0.00417623 0.03142948 -0.00382633
v -0.00316000 0.03278632 -0.00337696
v -0.00370642 0.03219373 -0.00353894
v -0.00422434 0.03150600 -0.00368418
v 0.01139826 -0.00932238 0.00405284
v 0.01158043 -0.00770261 0.00395959
v 0.01173702 -0.00606549 0.00385756
v 0.01129450 -0.00909899 0.00439400
v 0.01146821 -0.00746365 0.00432225
v 0.01161777 -0.00581254 0.00424141
v 0.01117667 -0.00890590 0.00473294
v 0.01134444 -0.00725912 0.00468386
v 0.01148268 -0.00559383 0.00462261
v 0.00957046 0.02188769 0.00074807
v 0.00920528 0.02312315 0.00053453
v 0.00881817 0.02430339 0.00031972
v 0.00941756 0.02230528 0.00131792
v 0.00904919 0.02353398 0.00110147
v 0.00866449 0.02471973 0.00088307
v 0.00923946 0.02267146 0.00188623
v 0.00887291 0.02390598 0.00166742
v 0.00848352 0.02507760 0.00144442
v -0.00068801 0.03400020 -0.00323229
v -0.00128145 0.03375429 -0.00337742
v -0.00187198 0.03344145 -0.00351572
v -0.00077790 0.03417593 -0.00293527
v -0.00136320 0.03391639 -0.00310492
v -0.00194531 0.03358522 -0.00326786
v -0.00087952 0.03432702 -0.00264031
v -0.00145580 0.03405880 -0.00283456
v -0.00202817 0.03370476 -0.00302157
v 0.01039669 -0.01551647 0.00432330
v 0.01068492 -0.01402158 0.00427117
v 0.01094771 -0.01248545 0.00420816
v 0.01031817 -0.01535008 0.00456646
v 0.01060283 -0.01384487 0.00454109
v 0.01085820 -0.01229274 0.00450248
v 0.01023760 -0.01521747 0.00481160
v 0.01050755 -0.01368946 0.00480831
v 0.01075655 -0.01212618 0.00479489
v 0.01083219 0.01650850 0.00158510
v 0.01055096 0.01792129 0.00137943
v 0.01024484 0.01928734 0.00117091
v 0.01068167 0.01691096 0.00215313
v 0.01040186 0.01833324 0.00195034
v 0.01009413 0.01970225 0.00174264
v 0.01051123 0.01727138 0.00272075
v 0.01022907 0.01869736 0.00252022
v 0.00992145 0.02007278 0.00231369
v 0.00169218 0.03409028 -0.00256780
v 0.00110014 0.03420281 -0.00274536
v 0.00050460 0.03422128 -0.00291545
v 0.00157476 0.03434385 -0.00218242
v 0.00098867 0.03443808 -0.00238091
v 0.00039973 0.03444143 -0.00257309
v 0.00144055 0.03455040 -0.00179878
v 0.00086196 0.03463550 -0.00201837
v 0.00028084 0.03462546 -0.00223235
v 0.00665680 -0.02632397 0.00365641
v 0.00667890 -0.02628402 0.00365984
v 0.00669968 -0.02623968 0.00366384
v 0.00663024 -0.02625610 0.00374400
v 0.00664845 -0.02622302 0.00374662
v 0.00666544 -0.02618582 0.00374980
v 0.00662291 -0.02624268 0.00378290
v 0.00663879 -0.02620977 0.00378493
v 0.00665426 -0.02617585 0.00378782
v 0.00490353 -0.02912729 0.00440039
v 0.00491556 -0.02921740 0.00430951
v 0.00493154 -0.02930012 0.00421832
v 0.00532127 -0.02837186 0.00434655
v 0.00532983 -0.02843764 0.00427839
v 0.00534231 -0.02850140 0.00421057
v 0.00566688 -0.02768479 0.00429379
v 0.00567327 -0.02773265 0.00424546
v 0.00568057 -0.02777267 0.00419632
v 0.00817361 -0.02415798 0.00329163
v 0.00819349 -0.02401798 0.00337250
v 0.00821052 -0.02388733 0.00345601
v 0.00775861 -0.02463421 0.00351414
v 0.00777347 -0.02452963 0.00357457
v 0.00778540 -0.02442888 0.00363647
v 0.00739867 -0.02501496 0.00369973
v 0.00740881 -0.02493841 0.00374237
v 0.00741730 -0.02486670 0.00378644
v 0.00759730 -0.02274355 0.00535396
v 0.00753152 -0.02278476 0.00542398
v 0.00746333 -0.02283374 0.00549099
v 0.00733153 -0.02359450 0.00505723
v 0.00728250 -0.02362566 0.00510959
v 0.00723281 -0.02366763 0.00516038
v 0.00709571 -0.02428097 0.00479851
v 0.00706120 -0.02430485 0.00483597
v 0.00702503 -0.02433114 0.00487161
v 0.00677406 -0.02810225 0.00234874
v 0.00685375 -0.02794862 0.00233979
v 0.00693538 -0.02780129 0.00233694
v 0.00671378 -0.02758505 0.00281061
v 0.00677429 -0.02747423 0.00280453
v 0.00683428 -0.02736024 0.00280180
v 0.00665175 -0.02710227 0.00319656
v 0.00669483 -0.02702335 0.00319223
v 0.00673755 -0.02694219 0.00319029
v 0.00636269 -0.02427344 0.00604170
v 0.00628263 -0.02442550 0.00605044
v 0.00620482 -0.02458809 0.00605576
v 0.00641509 -0.02475950 0.00557424
v 0.00635594 -0.02487566 0.00558104
v 0.00629597 -0.02498958 0.00558378
v 0.00644636 -0.02512034 0.00516747
v 0.00640336 -0.02519913 0.00517178
v 0.00636073 -0.02528014 0.00517372
v 0.00418721 -0.02815394 0.00602960
v 0.00369495 -0.02829708 0.00633171
v 0.00317828 -0.02834707 0.00661946
v 0.00413172 -0.02839354 0.00591780
v 0.00362934 -0.02857984 0.00619911
v 0.00310305 -0.02867675 0.00646678
v 0.00408196 -0.02862718 0.00580181
v 0.00357045 -0.02885482 0.00606141
v 0.00303503 -0.02899258 0.00630714
v 0.00879125 -0.02058547 0.00496705
v 0.00914207 -0.01932056 0.00507182
v 0.00946730 -0.01795563 0.00516032
v 0.00872553 -0.02054416 0.00510299
v 0.00906371 -0.01927039 0.00523247
v 0.00937558 -0.01789556 0.00534526
v 0.00865452 -0.02051603 0.00523667
v 0.00897846 -0.01923438 0.00539005
v 0.00927665 -0.01785352 0.00552704
v 0.00548213 -0.02626841 0.00585083
v 0.00542182 -0.02644327 0.00580734
v 0.00536266 -0.02661102 0.00575889
v 0.00575530 -0.02623986 0.00543007
v 0.00570897 -0.02636542 0.00539685
v 0.00566538 -0.02649315 0.00536111
v 0.00597351 -0.02615915 0.00506314
v 0.00594118 -0.02625084 0.00503985
v 0.00591043 -0.02634266 0.00501455
v 0.00403442 -0.03103778 0.00391272
v 0.00351471 -0.03170261 0.00382531
v 0.00297091 -0.03227286 0.00372264
v 0.00407832 -0.03113616 0.00377227
v 0.00356553 -0.03181200 0.00365825
v 0.00302959 -0.03239919 0.00352970
v 0.00412710 -0.03121610 0.00363195
v 0.00362344 -0.03190818 0.00349244
v 0.00309622 -0.03250838 0.00333802
v 0.00899814 -0.02088008 0.00440743
v 0.00938459 -0.01966379 0.00440793
v 0.00974742 -0.01835297 0.00439331
v 0.00895671 -0.02079178 0.00454994
v 0.00933739 -0.01956263 0.00457751
v 0.00969035 -0.01822970 0.00458790
v 0.00890616 -0.02070721 0.00468975
v 0.00927814 -0.01946471 0.00474345
v 0.00962352 -0.01812024 0.00478043
v 0.00490683 -0.03131506 0.00235299
v 0.00454554 -0.03202727 0.00197918
v 0.00416112 -0.03265096 0.00159034
v 0.00500925 -0.03125089 0.00224396
v 0.00466674 -0.03195134 0.00185016
v 0.00430025 -0.03255694 0.00144101
v 0.00511528 -0.03117395 0.00213951
v 0.00479119 -0.03185415 0.00172618
v 0.00444692 -0.03246442 0.00129886
v 0.00766995 -0.02087903 0.00636183
v 0.00781373 -0.01967798 0.00672125
v 0.00793830 -0.01839320 0.00706949
v 0.00755184 -0.02098428 0.00644869
v 0.00767293 -0.01980073 0.00682285
v 0.00777778 -0.01854170 0.00718853
v 0.00743264 -0.02110566 0.00653109
v 0.00753193 -0.01994477 0.00692015
v 0.00761476 -0.01870841 0.00730074
v 0.00574986 -0.02557883 0.00598531
v 0.00567963 -0.02575038 0.00595802
v 0.00561154 -0.02592301 0.00592651
v 0.00595493 -0.02572388 0.00553029
v 0.00590249 -0.02585196 0.00550992
v 0.00585166 -0.02598088 0.00548640
v 0.00611820 -0.02580232 0.00513568
v 0.00608091 -0.02589338 0.00512121
v 0.00604336 -0.02597976 0.00510381
v 0.00604753 -0.02490654 0.00604998
v 0.00597162 -0.02507433 0.00604099
v 0.00589610 -0.02524065 0.00602688
v 0.00617817 -0.02522587 0.00557921
v 0.00612060 -0.02534763 0.00557192
v 0.00606412 -0.02547142 0.00556132
v 0.00627695 -0.02544814 0.00517048
v 0.00623602 -0.02553473 0.00516530
v 0.00619584 -0.02562275 0.00515776
v 0.00495396 -0.02818079 0.00509293
v 0.00493407 -0.02832079 0.00501206
v 0.00491680 -0.02845029 0.00492837
v 0.00535996 -0.02766740 0.00486438
v 0.00534522 -0.02777240 0.00480404
v 0.00533318 -0.02787269 0.00474208
v 0.00569525 -0.02718604 0.00466252
v 0.00568320 -0.02725541 0.00461879
v 0.00567472 -0.02732709 0.00457476
v 0.00910623 -0.02136182 0.00383681
v 0.00951596 -0.02024380 0.00373406
v 0.00989964 -0.01902435 0.00361499
v 0.00908628 -0.02121805 0.00397806
v 0.00949374 -0.02007738 0.00390199
v 0.00987397 -0.01883206 0.00380902
v 0.00906301 -0.02109350 0.00412115
v 0.00946263 -0.01992093 0.00406976
v 0.00983986 -0.01865549 0.00400367
v 0.00911595 -0.02202431 0.00327960
v 0.00953085 -0.02103761 0.00307569
v 0.00991873 -0.01994543 0.00285491
v 0.00912386 -0.02184589 0.00341692
v 0.00953894 -0.02082256 0.00323773
v 0.00992730 -0.01969503 0.00304186
v 0.00912278 -0.02166995 0.00355486
v 0.00953825 -0.02061605 0.00340140
v 0.00992537 -0.01945439 0.00323063
v 0.00739213 -0.02681784 0.00240859
v 0.00746105 -0.02664103 0.00243505
v 0.00752819 -0.02646467 0.00246597
v 0.00717296 -0.02661516 0.00285341
v 0.00722544 -0.02648698 0.00287379
v 0.00727505 -0.02635277 0.00289640
v 0.00698047 -0.02641914 0.00322839
v 0.00701782 -0.02632791 0.00324290
v 0.00705404 -0.02623609 0.00325966
v 0.00802654 -0.02273334 0.00471142
v 0.00798443 -0.02270688 0.00479851
v 0.00793893 -0.02268885 0.00488418
v 0.00765011 -0.02357965 0.00457613
v 0.00761888 -0.02356089 0.00464132
v 0.00758491 -0.02354744 0.00470528
v 0.00731738 -0.02424688 0.00445292
v 0.00729594 -0.02423733 0.00449986
v 0.00727198 -0.02422882 0.00454553
v 0.00731859 -0.02294780 0.00561415
v 0.00724498 -0.02302275 0.00567167
v 0.00716996 -0.02310621 0.00572580
v 0.00712643 -0.02375949 0.00525346
v 0.00707115 -0.02381422 0.00529621
v 0.00701586 -0.02387983 0.00533704
v 0.00695059 -0.02440204 0.00493851
v 0.00691127 -0.02444098 0.00496893
v 0.00687108 -0.02448396 0.00499746
v 0.00734561 -0.02804500 0.00127670
v 0.00743119 -0.02815729 0.00070158
v 0.00748995 -0.02816297 0.00011040
v 0.00746596 -0.02779042 0.00129194
v 0.00757375 -0.02785571 0.00071963
v 0.00765319 -0.02780910 0.00013119
v 0.00758407 -0.02753154 0.00131410
v 0.00771513 -0.02755455 0.00074613
v 0.00781630 -0.02746029 0.00016158
v 0.00497563 -0.02944424 0.00403625
v 0.00500411 -0.02950727 0.00394608
v 0.00503544 -0.02955862 0.00385594
v 0.00537446 -0.02860609 0.00407403
v 0.00539552 -0.02865203 0.00400650
v 0.00541899 -0.02869059 0.00393917
v 0.00570293 -0.02784553 0.00409888
v 0.00571672 -0.02787415 0.00405010
v 0.00573407 -0.02790375 0.00400257
v 0.00856914 -0.02480984 0.00189324
v 0.00888528 -0.02434386 0.00143451
v 0.00917292 -0.02376695 0.00095860
v 0.00864578 -0.02454874 0.00198470
v 0.00897491 -0.02403113 0.00154252
v 0.00927703 -0.02340705 0.00108353
v 0.00871614 -0.02428746 0.00208102
v 0.00905940 -0.02372508 0.00165695
v 0.00937593 -0.02305646 0.00121591
v 0.00424367 -0.03134940 0.00335683
v 0.00376017 -0.03206056 0.00316621
v 0.00325235 -0.03267020 0.00295988
v 0.00431021 -0.03139653 0.00322192
v 0.00383715 -0.03210507 0.00300539
v 0.00334232 -0.03273051 0.00277508
v 0.00438106 -0.03142460 0.00308854
v 0.00392178 -0.03214447 0.00284826
v 0.00343905 -0.03276878 0.00259296
v 0.00902878 -0.02284719 0.00275777
v 0.00942760 -0.02201225 0.00245761
v 0.00980321 -0.02108007 0.00214156
v 0.00905979 -0.02262879 0.00288392
v 0.00946612 -0.02175801 0.00260758
v 0.00984568 -0.02078104 0.00231428
v 0.00908470 -0.02241851 0.00301314
v 0.00949564 -0.02150889 0.00276066
v 0.00987789 -0.02048905 0.00249071
v 0.00581628 -0.03047493 0.00162430
v 0.00561916 -0.03102251 0.00111578
v 0.00540292 -0.03150108 0.00059296
v 0.00594099 -0.03031962 0.00155877
v 0.00576789 -0.03084539 0.00103839
v 0.00557430 -0.03129478 0.00050315
v 0.00606735 -0.03015498 0.00149956
v 0.00591944 -0.03066122 0.00096862
v 0.00574656 -0.03106787 0.00042171
v 0.00507658 -0.02759572 0.00539603
v 0.00504004 -0.02774681 0.00532396
v 0.00500734 -0.02789483 0.00524928
v 0.00545209 -0.02723084 0.00509069
v 0.00542453 -0.02734319 0.00503686
v 0.00539905 -0.02745025 0.00498060
v 0.00575778 -0.02686452 0.00482186
v 0.00573899 -0.02694746 0.00478400
v 0.00572253 -0.02702969 0.00474489
v 0.00522648 -0.02497233 0.00694080
v 0.00492077 -0.02450917 0.00740399
v 0.00459309 -0.02395935 0.00785398
v 0.00511819 -0.02524459 0.00689952
v 0.00479457 -0.02484108 0.00735815
v 0.00444637 -0.02433870 0.00780044
v 0.00501394 -0.02552211 0.00685246
v 0.00467014 -0.02516490 0.00730158
v 0.00430405 -0.02472074 0.00773781
v 0.00399917 -0.02906862 0.00555728
v 0.00347312 -0.02937713 0.00577179
v 0.00292419 -0.02960519 0.00597414
v 0.00396635 -0.02927537 0.00542937
v 0.00343645 -0.02963482 0.00562276
v 0.00288031 -0.02988833 0.00579911
v 0.00394054 -0.02947941 0.00529943
v 0.00340571 -0.02987299 0.00546831
v 0.00284600 -0.03017188 0.00562221
v 0.00709350 -0.02748623 0.00234327
v 0.00717159 -0.02732705 0.00235364
v 0.00724723 -0.02716125 0.00236784
v 0.00695215 -0.02712385 0.00280636
v 0.00700975 -0.02700201 0.00281365
v 0.00706498 -0.02687299 0.00282331
v 0.00682146 -0.02677388 0.00319354
v 0.00686226 -0.02668631 0.00319856
v 0.00690146 -0.02659383 0.00320526
v 0.00781075 -0.02699776 0.00137853
v 0.00798200 -0.02691681 0.00082243
v 0.00812461 -0.02672410 0.00025017
v 0.00791904 -0.02672529 0.00142072
v 0.00811080 -0.02659620 0.00087268
v 0.00827398 -0.02635584 0.00030838
v 0.00802088 -0.02644055 0.00146859
v 0.00823349 -0.02626677 0.00093039
v 0.00841773 -0.02598213 0.00037556
v 0.00481527 -0.02607469 0.00673768
v 0.00443497 -0.02581975 0.00716651
v 0.00403243 -0.02547955 0.00758296
v 0.00472019 -0.02634238 0.00666891
v 0.00432398 -0.02614479 0.00708713
v 0.00390471 -0.02585928 0.00749260
v 0.00463046 -0.02661440 0.00659528
v 0.00421805 -0.02646885 0.00700060
v 0.00378203 -0.02623292 0.00739249
v 0.00632520 -0.02980518 0.00140121
v 0.00622297 -0.03024045 0.00085107
v 0.00609764 -0.03058488 0.00028540
v 0.00645469 -0.02961446 0.00136180
v 0.00637624 -0.03001501 0.00080408
v 0.00627452 -0.03032384 0.00023075
v 0.00658339 -0.02941053 0.00132878
v 0.00653023 -0.02978106 0.00076512
v 0.00645148 -0.03004945 0.00018526
v 0.00533826 -0.03098825 0.00194594
v 0.00505570 -0.03163976 0.00149732
v 0.00475017 -0.03220254 0.00103356
v 0.00545281 -0.03087028 0.00185643
v 0.00519212 -0.03150467 0.00139180
v 0.00490774 -0.03204651 0.00091168
v 0.00557256 -0.03075391 0.00177360
v 0.00533154 -0.03135554 0.00129282
v 0.00506979 -0.03188047 0.00079754
v 0.00811240 -0.02058195 0.00596310
v 0.00833699 -0.01932049 0.00624988
v 0.00854107 -0.01797118 0.00652398
v 0.00800829 -0.02064153 0.00607108
v 0.00821251 -0.01938847 0.00637663
v 0.00839601 -0.01804811 0.00666936
v 0.00789920 -0.02070968 0.00617338
v 0.00808211 -0.01946704 0.00649647
v 0.00824702 -0.01814433 0.00680896
v 0.00765552 -0.02611101 0.00254034
v 0.00771619 -0.02593761 0.00258408
v 0.00777317 -0.02576122 0.00263113
v 0.00737085 -0.02609100 0.00295228
v 0.00741681 -0.02596404 0.00298544
v 0.00746007 -0.02583488 0.00302102
v 0.00712147 -0.02604638 0.00329877
v 0.00715374 -0.02595414 0.00332204
v 0.00718454 -0.02586218 0.00334737
v 0.00510981 -0.02963967 0.00367876
v 0.00515247 -0.02966836 0.00359204
v 0.00519797 -0.02968638 0.00350639
v 0.00547399 -0.02874887 0.00380643
v 0.00550686 -0.02877366 0.00374224
v 0.00554085 -0.02878712 0.00367825
v 0.00577392 -0.02794757 0.00390853
v 0.00579637 -0.02796186 0.00386227
v 0.00582056 -0.02797145 0.00381674
v 0.00783823 -0.02267847 0.00505035
v 0.00778382 -0.02268833 0.00513083
v 0.00772395 -0.02269663 0.00520743
v 0.00751092 -0.02354503 0.00483014
v 0.00746861 -0.02354517 0.00488917
v 0.00742537 -0.02355713 0.00494730
v 0.00722061 -0.02423349 0.00463523
v 0.00719158 -0.02423841 0.00467792
v 0.00716082 -0.02424691 0.00471929
v 0.00525438 -0.02694784 0.00565160
v 0.00520530 -0.02711517 0.00559286
v 0.00515882 -0.02727755 0.00553032
v 0.00558414 -0.02674352 0.00528091
v 0.00554707 -0.02686703 0.00523686
v 0.00551234 -0.02698849 0.00519022
v 0.00585363 -0.02652442 0.00495804
v 0.00582627 -0.02660885 0.00492626
v 0.00580210 -0.02669723 0.00489337
v 0.00644552 -0.02863987 0.00242442
v 0.00652758 -0.02851304 0.00239889
v 0.00660947 -0.02837953 0.00237750
v 0.00646954 -0.02799142 0.00286788
v 0.00653064 -0.02789587 0.00284868
v 0.00659182 -0.02779614 0.00283271
v 0.00647919 -0.02739660 0.00323836
v 0.00652197 -0.02732587 0.00322414
v 0.00656491 -0.02725252 0.00321230
v 0.00823083 -0.02363570 0.00362700
v 0.00823618 -0.02352363 0.00371540
v 0.00823616 -0.02341273 0.00380412
v 0.00780043 -0.02424032 0.00376415
v 0.00780482 -0.02415892 0.00383059
v 0.00780578 -0.02408038 0.00389756
v 0.00742795 -0.02473228 0.00387729
v 0.00743102 -0.02467441 0.00392459
v 0.00743123 -0.02461643 0.00397193
v 0.00553688 -0.02962133 0.00303492
v 0.00560316 -0.02958218 0.00296522
v 0.00567205 -0.02953603 0.00289865
v 0.00579170 -0.02872953 0.00332447
v 0.00584085 -0.02869875 0.00327215
v 0.00589172 -0.02866183 0.00322203
v 0.00599863 -0.02792916 0.00356467
v 0.00603362 -0.02790724 0.00352743
v 0.00606982 -0.02788099 0.00349176
v 0.00822211 -0.02589899 0.00158624
v 0.00847036 -0.02562073 0.00106949
v 0.00869159 -0.02523660 0.00053648
v 0.00831521 -0.02562335 0.00165400
v 0.00858081 -0.02529538 0.00115001
v 0.00882109 -0.02486645 0.00062985
v 0.00840396 -0.02534868 0.00172780
v 0.00868690 -0.02497355 0.00123780
v 0.00894467 -0.02449756 0.00073147
v 0.00701186 -0.02327971 0.00582032
v 0.00693242 -0.02338230 0.00586262
v 0.00685118 -0.02348793 0.00590028
v 0.00689855 -0.02401202 0.00540818
v 0.00683965 -0.02409035 0.00544001
v 0.00678055 -0.02417569 0.00546910
v 0.00678851 -0.02458164 0.00504856
v 0.00674632 -0.02463613 0.00507103
v 0.00670366 -0.02469421 0.00509137
v 0.00669027 -0.02373199 0.00596545
v 0.00660784 -0.02385738 0.00599073
v 0.00652727 -0.02399613 0.00601299
v 0.00665821 -0.02434912 0.00551642
v 0.00659684 -0.02444342 0.00553545
v 0.00653677 -0.02454758 0.00555203
v 0.00661866 -0.02482602 0.00512610
v 0.00657562 -0.02489560 0.00513994
v 0.00653306 -0.02497034 0.00515176
v 0.00884213 -0.02378191 0.00228892
v 0.00921004 -0.02312988 0.00190353
v 0.00955187 -0.02237250 0.00150109
v 0.00889817 -0.02354088 0.00240025
v 0.00927486 -0.02283963 0.00203487
v 0.00962739 -0.02203825 0.00165301
v 0.00894703 -0.02330139 0.00251533
v 0.00933336 -0.02255753 0.00217136
v 0.00969355 -0.02170854 0.00181045
v 0.00529885 -0.02969750 0.00334036
v 0.00535487 -0.02969415 0.00326091
v 0.00541290 -0.02967868 0.00318315
v 0.00561491 -0.02879067 0.00355336
v 0.00565581 -0.02878433 0.00349339
v 0.00569961 -0.02877436 0.00343558
v 0.00587267 -0.02797215 0.00372748
v 0.00590193 -0.02796817 0.00368489
v 0.00593272 -0.02795967 0.00364348
v 0.00489613 -0.02870038 0.00475714
v 0.00489148 -0.02881500 0.00466915
v 0.00489110 -0.02892433 0.00458019
v 0.00531679 -0.02805637 0.00461367
v 0.00531380 -0.02814401 0.00454825
v 0.00531304 -0.02822408 0.00448152
v 0.00566407 -0.02746137 0.00448398
v 0.00566186 -0.02752342 0.00443739
v 0.00566143 -0.02758091 0.00439001
v -0.00644976 0.02573344 -0.00364950
v -0.00642964 0.02575770 -0.00364780
v -0.00640878 0.02578189 -0.00364705
v -0.00640723 0.02555471 -0.00366366
v -0.00638883 0.02557716 -0.00366218
v -0.00636944 0.02559929 -0.00366173
v -0.00636677 0.02538204 -0.00368883
v -0.00635028 0.02540348 -0.00368755
v -0.00633256 0.02542391 -0.00368827
v -0.00601839 0.02616776 -0.00399260
v -0.00601180 0.02615950 -0.00401298
v -0.00600552 0.02614793 -0.00403380
v -0.00601418 0.02594908 -0.00397645
v -0.00600844 0.02594176 -0.00399509
v -0.00600330 0.02593054 -0.00401431
v -0.00602037 0.02572936 -0.00396356
v -0.00601475 0.02572368 -0.00398032
v -0.00601062 0.02571245 -0.00399792
v -0.00613940 0.02528046 -0.00445177
v -0.00615715 0.02523988 -0.00446104
v -0.00617692 0.02520924 -0.00446807
v -0.00612418 0.02514586 -0.00439258
v -0.00614198 0.02510933 -0.00440067
v -0.00616007 0.02507966 -0.00440747
v -0.00611676 0.02502824 -0.00432779
v -0.00613307 0.02499268 -0.00433612
v -0.00614997 0.02496459 -0.00434207
v -0.00600883 0.02576537 -0.00430841
v -0.00601770 0.02573497 -0.00432554
v -0.00602741 0.02570272 -0.00434246
v -0.00600768 0.02558483 -0.00426232
v -0.00601530 0.02555715 -0.00427826
v -0.00602401 0.02552696 -0.00429387
v -0.00601507 0.02541087 -0.00421410
v -0.00602147 0.02538598 -0.00422893
v -0.00602986 0.02535774 -0.00424292
v -0.00670021 0.02496406 -0.00382707
v -0.00669360 0.02499899 -0.00381033
v -0.00668672 0.02503399 -0.00379399
v -0.00663431 0.02485927 -0.00382610
v -0.00662807 0.02489295 -0.00381096
v -0.00662137 0.02492579 -0.00379631
v -0.00656577 0.02476783 -0.00383018
v -0.00656038 0.02479889 -0.00381579
v -0.00655368 0.02482968 -0.00380265
v -0.00599641 0.02611983 -0.00407629
v -0.00599332 0.02610348 -0.00409687
v -0.00599061 0.02608365 -0.00411613
v -0.00599546 0.02590551 -0.00405222
v -0.00599254 0.02589101 -0.00407097
v -0.00599022 0.02587288 -0.00408820
v -0.00600389 0.02569164 -0.00402960
v -0.00600087 0.02567951 -0.00404656
v -0.00599916 0.02566246 -0.00406178
v -0.00671834 0.02466402 -0.00405649
v -0.00672212 0.02468354 -0.00403546
v -0.00672518 0.02470885 -0.00401570
v -0.00665082 0.02458614 -0.00403504
v -0.00665469 0.02460319 -0.00401513
v -0.00665775 0.02462491 -0.00399646
v -0.00657988 0.02453040 -0.00401585
v -0.00658381 0.02454668 -0.00399716
v -0.00658623 0.02456693 -0.00397979
v -0.00661826 0.02460497 -0.00429048
v -0.00662873 0.02459186 -0.00427183
v -0.00663958 0.02458349 -0.00425188
v -0.00655912 0.02452904 -0.00424885
v -0.00656893 0.02451670 -0.00423179
v -0.00657920 0.02450938 -0.00421283
v -0.00649778 0.02448410 -0.00420482
v -0.00650708 0.02447295 -0.00418952
v -0.00651658 0.02446469 -0.00417167
v -0.00615956 0.02614427 -0.00377407
v -0.00614687 0.02616344 -0.00379003
v -0.00613405 0.02617746 -0.00380525
v -0.00614152 0.02592946 -0.00377858
v -0.00612976 0.02594724 -0.00379277
v -0.00611864 0.02595923 -0.00380664
v -0.00613211 0.02571350 -0.00379139
v -0.00612101 0.02573012 -0.00380352
v -0.00611115 0.02573954 -0.00381580
v -0.00643282 0.02479060 -0.00444734
v -0.00645201 0.02477219 -0.00443882
v -0.00647021 0.02475535 -0.00442969
v -0.00639094 0.02470017 -0.00438988
v -0.00640869 0.02468114 -0.00438257
v -0.00642520 0.02466416 -0.00437449
v -0.00635006 0.02462815 -0.00432819
v -0.00636664 0.02461047 -0.00432175
v -0.00638154 0.02459744 -0.00431379
v -0.00636715 0.02583492 -0.00364978
v -0.00634702 0.02586354 -0.00365319
v -0.00632768 0.02589188 -0.00365855
v -0.00633175 0.02564778 -0.00366557
v -0.00631332 0.02567484 -0.00366956
v -0.00629551 0.02570070 -0.00367488
v -0.00630012 0.02546515 -0.00369155
v -0.00628291 0.02549039 -0.00369429
v -0.00626628 0.02551312 -0.00369912
v -0.00621449 0.02515374 -0.00447959
v -0.00623331 0.02512557 -0.00448322
v -0.00625229 0.02509734 -0.00448528
v -0.00619377 0.02503176 -0.00441755
v -0.00621066 0.02500562 -0.00442131
v -0.00622740 0.02497787 -0.00442378
v -0.00617757 0.02492324 -0.00435126
v -0.00619254 0.02489880 -0.00435528
v -0.00620777 0.02487388 -0.00435699
v -0.00658314 0.02545999 -0.00368236
v -0.00656898 0.02549928 -0.00367588
v -0.00655363 0.02553710 -0.00366998
v -0.00652731 0.02531047 -0.00369456
v -0.00651459 0.02534607 -0.00368847
v -0.00650052 0.02537925 -0.00368213
v -0.00647085 0.02517016 -0.00371499
v -0.00645967 0.02520136 -0.00370858
v -0.00644660 0.02523151 -0.00370374
v -0.00605121 0.02564137 -0.00437432
v -0.00606291 0.02561170 -0.00438881
v -0.00607359 0.02558001 -0.00440125
v -0.00604384 0.02547083 -0.00432334
v -0.00605423 0.02544399 -0.00433669
v -0.00606375 0.02541589 -0.00434755
v -0.00604666 0.02531065 -0.00426793
v -0.00605567 0.02528698 -0.00428026
v -0.00606420 0.02526209 -0.00428934
v -0.00667003 0.02510675 -0.00376454
v -0.00666000 0.02514572 -0.00375108
v -0.00664934 0.02518707 -0.00373839
v -0.00660641 0.02499035 -0.00376980
v -0.00659751 0.02502476 -0.00375655
v -0.00658766 0.02506164 -0.00374392
v -0.00654095 0.02488416 -0.00378030
v -0.00653295 0.02491644 -0.00376802
v -0.00652320 0.02495218 -0.00375717
v -0.00598441 0.02602696 -0.00415083
v -0.00598099 0.02598921 -0.00416873
v -0.00597855 0.02594853 -0.00418803
v -0.00598492 0.02582359 -0.00411784
v -0.00598164 0.02578956 -0.00413423
v -0.00597945 0.02575146 -0.00415224
v -0.00599550 0.02562275 -0.00408512
v -0.00599244 0.02559305 -0.00410021
v -0.00599165 0.02555760 -0.00411695
v -0.00672837 0.02476428 -0.00397843
v -0.00672864 0.02478962 -0.00395957
v -0.00672807 0.02481204 -0.00394029
v -0.00666157 0.02467012 -0.00396228
v -0.00666202 0.02469288 -0.00394498
v -0.00666101 0.02471502 -0.00392771
v -0.00658961 0.02460434 -0.00395084
v -0.00659043 0.02462414 -0.00393516
v -0.00658911 0.02464415 -0.00391969
v -0.00666505 0.02459276 -0.00421280
v -0.00667802 0.02461107 -0.00419528
v -0.00668937 0.02463052 -0.00417868
v -0.00660303 0.02452046 -0.00417589
v -0.00661524 0.02453713 -0.00415961
v -0.00662566 0.02455316 -0.00414460
v -0.00653834 0.02447330 -0.00413825
v -0.00654999 0.02448822 -0.00412329
v -0.00655880 0.02450363 -0.00410987
v -0.00604888 0.02616759 -0.00390822
v -0.00603923 0.02616965 -0.00393030
v -0.00603159 0.02617174 -0.00395195
v -0.00604120 0.02594894 -0.00389957
v -0.00603218 0.02595100 -0.00392051
v -0.00602534 0.02595236 -0.00394065
v -0.00604582 0.02572901 -0.00389704
v -0.00603667 0.02573162 -0.00391618
v -0.00603067 0.02573169 -0.00393473
v -0.00610607 0.02618481 -0.00383330
v -0.00609096 0.02617972 -0.00384913
v -0.00607554 0.02617303 -0.00386680
v -0.00609579 0.02596446 -0.00383159
v -0.00608196 0.02596024 -0.00384589
v -0.00606709 0.02595389 -0.00386193
v -0.00609295 0.02574302 -0.00383502
v -0.00607980 0.02574023 -0.00384738
v -0.00606705 0.02573354 -0.00386319
v -0.00650231 0.02471408 -0.00440901
v -0.00651738 0.02469044 -0.00439640
v -0.00653261 0.02466775 -0.00438251
v -0.00645329 0.02462797 -0.00435636
v -0.00646716 0.02460619 -0.00434498
v -0.00648131 0.02458527 -0.00433194
v -0.00640448 0.02457024 -0.00429875
v -0.00641726 0.02455055 -0.00428878
v -0.00643019 0.02453270 -0.00427634
v -0.00629043 0.02594441 -0.00367252
v -0.00627135 0.02596958 -0.00368026
v -0.00625246 0.02599461 -0.00368952
v -0.00626161 0.02574710 -0.00368600
v -0.00624414 0.02577049 -0.00369353
v -0.00622708 0.02579322 -0.00370307
v -0.00623796 0.02555195 -0.00370905
v -0.00622206 0.02557430 -0.00371597
v -0.00620640 0.02559445 -0.00372521
v -0.00628959 0.02503940 -0.00448598
v -0.00630755 0.02500747 -0.00448532
v -0.00632510 0.02497470 -0.00448346
v -0.00626003 0.02492460 -0.00442533
v -0.00627676 0.02489713 -0.00442443
v -0.00629295 0.02486841 -0.00442228
v -0.00623441 0.02482821 -0.00435884
v -0.00624947 0.02480280 -0.00435869
v -0.00626406 0.02477697 -0.00435639
v -0.00652103 0.02561080 -0.00366060
v -0.00650412 0.02564618 -0.00365726
v -0.00648671 0.02567881 -0.00365441
v -0.00647126 0.02544420 -0.00367261
v -0.00645581 0.02547683 -0.00366938
v -0.00643990 0.02550656 -0.00366721
v -0.00642195 0.02528621 -0.00369607
v -0.00640814 0.02531623 -0.00369269
v -0.00639365 0.02534258 -0.00369116
v -0.00609076 0.02549760 -0.00441917
v -0.00609991 0.02544375 -0.00442640
v -0.00611013 0.02538546 -0.00443416
v -0.00607846 0.02534666 -0.00436210
v -0.00608678 0.02529827 -0.00436885
v -0.00609681 0.02524427 -0.00437597
v -0.00607582 0.02520896 -0.00429996
v -0.00608282 0.02516601 -0.00430663
v -0.00609228 0.02511616 -0.00431303
v -0.00662817 0.02527844 -0.00371577
v -0.00661776 0.02532714 -0.00370627
v -0.00660697 0.02537524 -0.00369832
v -0.00656803 0.02514677 -0.00372413
v -0.00655838 0.02519181 -0.00371534
v -0.00654843 0.02523472 -0.00370740
v -0.00650616 0.02502619 -0.00373955
v -0.00649745 0.02506812 -0.00373145
v -0.00648801 0.02510779 -0.00372549
v -0.00598104 0.02587427 -0.00423074
v -0.00598619 0.02584464 -0.00425220
v -0.00599279 0.02581811 -0.00427247
v -0.00598166 0.02568285 -0.00419171
v -0.00598639 0.02565510 -0.00421203
v -0.00599313 0.02563042 -0.00423060
v -0.00599423 0.02549781 -0.00415145
v -0.00599823 0.02547254 -0.00417055
v -0.00600443 0.02544894 -0.00418743
v -0.00672236 0.02485729 -0.00390219
v -0.00671769 0.02488036 -0.00388295
v -0.00671247 0.02490393 -0.00386345
v -0.00665533 0.02475835 -0.00389434
v -0.00665121 0.02477913 -0.00387649
v -0.00664603 0.02480172 -0.00385861
v -0.00658452 0.02467842 -0.00389160
v -0.00658107 0.02469794 -0.00387531
v -0.00657576 0.02472014 -0.00385916
v -0.00670447 0.02464784 -0.00414368
v -0.00670842 0.02464823 -0.00412322
v -0.00671136 0.02464872 -0.00410123
v -0.00663846 0.02456805 -0.00411497
v -0.00664206 0.02456840 -0.00409674
v -0.00664476 0.02456857 -0.00407646
v -0.00656864 0.02451635 -0.00408713
v -0.00657218 0.02451645 -0.00407127
v -0.00657431 0.02451708 -0.00405277
v -0.00656465 0.02463700 -0.00435304
v -0.00658045 0.02462930 -0.00433824
v -0.00659488 0.02462355 -0.00432319
v -0.00651082 0.02456142 -0.00430427
v -0.00652555 0.02455389 -0.00429075
v -0.00653864 0.02454748 -0.00427718
v -0.00645606 0.02450966 -0.00425258
v -0.00646989 0.02450359 -0.00424037
v -0.00648133 0.02449899 -0.00422789
v -0.00621778 0.02604575 -0.00371371
v -0.00620180 0.02607193 -0.00372766
v -0.00618678 0.02609742 -0.00374259
v -0.00619578 0.02583948 -0.00372494
v -0.00618092 0.02586399 -0.00373779
v -0.00616711 0.02588707 -0.00375175
v -0.00617967 0.02563426 -0.00374392
v -0.00616582 0.02565761 -0.00375546
v -0.00615331 0.02567773 -0.00376869
v -0.00635963 0.02491027 -0.00447482
v -0.00637699 0.02487667 -0.00446896
v -0.00639481 0.02484341 -0.00446247
v -0.00632295 0.02480789 -0.00441569
v -0.00633900 0.02477617 -0.00441065
v -0.00635586 0.02474653 -0.00440411
v -0.00628943 0.02472931 -0.00435028
v -0.00630422 0.02469986 -0.00434620
v -0.00631971 0.02467155 -0.00433999
v -0.00660580 0.02638139 -0.00356697
v -0.00657881 0.02642113 -0.00356690
v -0.00655083 0.02645606 -0.00356694
v -0.00655870 0.02617850 -0.00363134
v -0.00653492 0.02620824 -0.00362994
v -0.00651015 0.02623543 -0.00362827
v -0.00652428 0.02603749 -0.00364570
v -0.00650201 0.02606524 -0.00364489
v -0.00647907 0.02609208 -0.00364407
v -0.00600574 0.02694087 -0.00403997
v -0.00599734 0.02692877 -0.00406829
v -0.00598910 0.02691151 -0.00409682
v -0.00604228 0.02667457 -0.00403619
v -0.00603481 0.02666421 -0.00406026
v -0.00602706 0.02664950 -0.00408465
v -0.00604213 0.02651867 -0.00402517
v -0.00603523 0.02650926 -0.00404803
v -0.00602880 0.02649632 -0.00407134
v -0.00617914 0.02574947 -0.00468084
v -0.00620375 0.02570210 -0.00469144
v -0.00622896 0.02565866 -0.00470116
v -0.00619013 0.02563468 -0.00458398
v -0.00621238 0.02559180 -0.00459316
v -0.00623452 0.02555317 -0.00460189
v -0.00618030 0.02553334 -0.00453711
v -0.00620027 0.02549102 -0.00454619
v -0.00622155 0.02545657 -0.00455413
v -0.00599323 0.02639251 -0.00447596
v -0.00600514 0.02635064 -0.00449966
v -0.00601828 0.02630665 -0.00452284
v -0.00603082 0.02619666 -0.00441185
v -0.00604140 0.02616104 -0.00443215
v -0.00605318 0.02612342 -0.00445219
v -0.00603469 0.02607099 -0.00437714
v -0.00604467 0.02603742 -0.00439608
v -0.00605497 0.02600169 -0.00441498
v -0.00696838 0.02533135 -0.00381669
v -0.00695862 0.02537598 -0.00379343
v -0.00694810 0.02542426 -0.00377129
v -0.00686146 0.02527429 -0.00384400
v -0.00685340 0.02531724 -0.00382508
v -0.00684475 0.02536022 -0.00380658
v -0.00680211 0.02518986 -0.00384543
v -0.00679504 0.02522688 -0.00382680
v -0.00678689 0.02526812 -0.00381003
v -0.00597602 0.02686888 -0.00415479
v -0.00597190 0.02684514 -0.00418333
v -0.00596722 0.02681512 -0.00421028
v -0.00601649 0.02661461 -0.00413519
v -0.00601327 0.02659470 -0.00415954
v -0.00601007 0.02657096 -0.00418230
v -0.00601890 0.02646436 -0.00411893
v -0.00601546 0.02644564 -0.00414184
v -0.00601335 0.02642301 -0.00416351
v -0.00699548 0.02491432 -0.00413774
v -0.00700045 0.02494050 -0.00411024
v -0.00700468 0.02496839 -0.00408246
v -0.00688379 0.02492317 -0.00411722
v -0.00688804 0.02494566 -0.00409323
v -0.00689195 0.02497379 -0.00407007
v -0.00682195 0.02486203 -0.00409843
v -0.00682607 0.02488207 -0.00407585
v -0.00683004 0.02490623 -0.00405396
v -0.00685415 0.02482211 -0.00446067
v -0.00686919 0.02480583 -0.00443481
v -0.00688349 0.02479436 -0.00440916
v -0.00676465 0.02485216 -0.00439304
v -0.00677712 0.02483668 -0.00437099
v -0.00678954 0.02482528 -0.00434845
v -0.00671236 0.02479475 -0.00435544
v -0.00672394 0.02477979 -0.00433496
v -0.00673564 0.02476996 -0.00431362
v -0.00620387 0.02691625 -0.00373784
v -0.00618436 0.02693857 -0.00375956
v -0.00616564 0.02695603 -0.00378150
v -0.00621096 0.02664961 -0.00377622
v -0.00619551 0.02667101 -0.00379510
v -0.00618042 0.02668670 -0.00381348
v -0.00620095 0.02649179 -0.00378130
v -0.00618722 0.02651247 -0.00379967
v -0.00617308 0.02652770 -0.00381705
v -0.00658842 0.02508273 -0.00468035
v -0.00661397 0.02505174 -0.00466897
v -0.00663972 0.02502503 -0.00465628
v -0.00654099 0.02506561 -0.00457998
v -0.00656364 0.02504435 -0.00457004
v -0.00658507 0.02501946 -0.00455962
v -0.00650646 0.02499429 -0.00453088
v -0.00652747 0.02497264 -0.00452173
v -0.00654775 0.02495444 -0.00451140
v -0.00649562 0.02652868 -0.00357265
v -0.00646815 0.02656420 -0.00357753
v -0.00644191 0.02660230 -0.00358520
v -0.00646165 0.02629842 -0.00363296
v -0.00643845 0.02633178 -0.00363819
v -0.00641545 0.02636396 -0.00364407
v -0.00643336 0.02615037 -0.00364728
v -0.00641180 0.02618167 -0.00365270
v -0.00639025 0.02621249 -0.00365756
v -0.00628099 0.02557841 -0.00471691
v -0.00630884 0.02554533 -0.00472256
v -0.00633391 0.02549879 -0.00472670
v -0.00628079 0.02549154 -0.00461455
v -0.00630308 0.02545772 -0.00461920
v -0.00632492 0.02542136 -0.00462272
v -0.00626474 0.02539801 -0.00456538
v -0.00628605 0.02536817 -0.00456892
v -0.00630674 0.02533550 -0.00457183
v -0.00679854 0.02600399 -0.00361609
v -0.00677777 0.02605921 -0.00360634
v -0.00675521 0.02610850 -0.00359644
v -0.00671963 0.02585486 -0.00367217
v -0.00670252 0.02590202 -0.00366436
v -0.00668434 0.02594828 -0.00365783
v -0.00667310 0.02573511 -0.00368561
v -0.00665731 0.02577875 -0.00367814
v -0.00664037 0.02582041 -0.00367114
v -0.00604905 0.02621988 -0.00456726
v -0.00606551 0.02617714 -0.00458741
v -0.00608143 0.02613113 -0.00460547
v -0.00608154 0.02605074 -0.00449050
v -0.00609719 0.02601800 -0.00450709
v -0.00611016 0.02597997 -0.00452187
v -0.00607950 0.02593141 -0.00445141
v -0.00609339 0.02589847 -0.00446705
v -0.00610651 0.02586340 -0.00448044
v -0.00692428 0.02552877 -0.00373064
v -0.00691111 0.02558416 -0.00371233
v -0.00689694 0.02563889 -0.00369459
v -0.00682456 0.02544469 -0.00377068
v -0.00681299 0.02548973 -0.00375434
v -0.00680080 0.02553595 -0.00373853
v -0.00676861 0.02534777 -0.00377695
v -0.00675818 0.02538807 -0.00376093
v -0.00674664 0.02543343 -0.00374719
v -0.00595941 0.02673920 -0.00426158
v -0.00595545 0.02669106 -0.00428710
v -0.00595281 0.02663974 -0.00431359
v -0.00600348 0.02650574 -0.00422441
v -0.00600111 0.02646366 -0.00424643
v -0.00599764 0.02641677 -0.00426924
v -0.00600783 0.02635922 -0.00420328
v -0.00600303 0.02631791 -0.00422323
v -0.00599999 0.02627371 -0.00424460
v -0.00701017 0.02503926 -0.00402800
v -0.00701051 0.02507600 -0.00400071
v -0.00700882 0.02510964 -0.00397291
v -0.00689682 0.02503316 -0.00402415
v -0.00689708 0.02506373 -0.00400129
v -0.00689584 0.02509308 -0.00397829
v -0.00683494 0.02496072 -0.00401134
v -0.00683545 0.02498773 -0.00399005
v -0.00683435 0.02501510 -0.00396888
v -0.00691476 0.02480175 -0.00436059
v -0.00693215 0.02482204 -0.00433686
v -0.00694893 0.02484648 -0.00431213
v -0.00681802 0.02483372 -0.00430496
v -0.00683332 0.02485199 -0.00428449
v -0.00684742 0.02487297 -0.00426403
v -0.00676213 0.02478387 -0.00427227
v -0.00677650 0.02480186 -0.00425329
v -0.00678956 0.02482127 -0.00423453
v -0.00604789 0.02694578 -0.00392441
v -0.00603485 0.02694780 -0.00395396
v -0.00602421 0.02694972 -0.00398332
v -0.00607769 0.02667645 -0.00393577
v -0.00606656 0.02667861 -0.00396214
v -0.00605760 0.02668070 -0.00398779
v -0.00607582 0.02651996 -0.00393068
v -0.00606523 0.02652181 -0.00395517
v -0.00605663 0.02652390 -0.00397924
v -0.00612619 0.02696604 -0.00382399
v -0.00610490 0.02696025 -0.00384573
v -0.00608455 0.02695404 -0.00386993
v -0.00614708 0.02669419 -0.00384738
v -0.00612914 0.02668945 -0.00386610
v -0.00611100 0.02668307 -0.00388715
v -0.00614165 0.02653617 -0.00384930
v -0.00612378 0.02653164 -0.00386607
v -0.00610665 0.02652498 -0.00388562
v -0.00668758 0.02496521 -0.00462569
v -0.00670992 0.02493607 -0.00460812
v -0.00673102 0.02490620 -0.00458955
v -0.00662510 0.02497421 -0.00453378
v -0.00664359 0.02494900 -0.00451856
v -0.00666179 0.02492526 -0.00450230
v -0.00658422 0.02491233 -0.00448705
v -0.00660100 0.02488793 -0.00447272
v -0.00661769 0.02486471 -0.00445734
v -0.00638997 0.02667376 -0.00360439
v -0.00636315 0.02670420 -0.00361472
v -0.00633776 0.02673644 -0.00362767
v -0.00637021 0.02642465 -0.00365932
v -0.00634785 0.02645355 -0.00366895
v -0.00632610 0.02648255 -0.00368045
v -0.00634875 0.02627081 -0.00367273
v -0.00632768 0.02629842 -0.00368108
v -0.00630731 0.02632586 -0.00369170
v -0.00638615 0.02541404 -0.00473001
v -0.00641232 0.02537183 -0.00472912
v -0.00643883 0.02533142 -0.00472653
v -0.00636924 0.02535074 -0.00462497
v -0.00639160 0.02531685 -0.00462363
v -0.00641363 0.02528224 -0.00462084
v -0.00634749 0.02526683 -0.00457409
v -0.00636767 0.02523228 -0.00457301
v -0.00638718 0.02519547 -0.00457105
v -0.00670909 0.02621078 -0.00358300
v -0.00668454 0.02625760 -0.00357746
v -0.00665915 0.02630191 -0.00357297
v -0.00664532 0.02603474 -0.00364609
v -0.00662488 0.02607538 -0.00364142
v -0.00660372 0.02611324 -0.00363747
v -0.00660419 0.02590125 -0.00365956
v -0.00658534 0.02593985 -0.00365513
v -0.00656589 0.02597582 -0.00365141
v -0.00611117 0.02601978 -0.00463493
v -0.00612548 0.02595135 -0.00464718
v -0.00614044 0.02587905 -0.00465855
v -0.00613266 0.02588424 -0.00454445
v -0.00614374 0.02582244 -0.00455406
v -0.00615508 0.02575453 -0.00456384
v -0.00612619 0.02576976 -0.00450147
v -0.00613556 0.02570928 -0.00451033
v -0.00614660 0.02564503 -0.00451929
v -0.00686766 0.02575826 -0.00366384
v -0.00685189 0.02581968 -0.00364986
v -0.00683553 0.02588330 -0.00363775
v -0.00677580 0.02564109 -0.00371180
v -0.00676316 0.02569795 -0.00370098
v -0.00674978 0.02575296 -0.00369053
v -0.00672383 0.02553205 -0.00372164
v -0.00671234 0.02558545 -0.00371124
v -0.00670044 0.02563764 -0.00370131
v -0.00595790 0.02654680 -0.00437070
v -0.00596533 0.02650863 -0.00439903
v -0.00597341 0.02647039 -0.00442604
v -0.00599988 0.02632924 -0.00431988
v -0.00600596 0.02629392 -0.00434504
v -0.00601366 0.02626199 -0.00436880
v -0.00600305 0.02619251 -0.00429144
v -0.00600979 0.02616009 -0.00431458
v -0.00601703 0.02613067 -0.00433684
v -0.00700051 0.02518233 -0.00391865
v -0.00699366 0.02521478 -0.00389158
v -0.00698571 0.02524849 -0.00386524
v -0.00688864 0.02514781 -0.00393198
v -0.00688298 0.02517431 -0.00390886
v -0.00687630 0.02520411 -0.00388643
v -0.00682717 0.02506983 -0.00392693
v -0.00682211 0.02509462 -0.00390546
v -0.00681621 0.02512118 -0.00388426
v -0.00697367 0.02487534 -0.00425549
v -0.00698123 0.02488406 -0.00422545
v -0.00698670 0.02489201 -0.00419552
v -0.00686699 0.02489685 -0.00421899
v -0.00687236 0.02489661 -0.00419386
v -0.00687622 0.02490016 -0.00416796
v -0.00680700 0.02484275 -0.00419367
v -0.00681180 0.02484216 -0.00417055
v -0.00681532 0.02484125 -0.00414635
v -0.00677475 0.02487130 -0.00455115
v -0.00679666 0.02486063 -0.00453093
v -0.00681778 0.02485066 -0.00450930
v -0.00669906 0.02489319 -0.00446847
v -0.00671764 0.02488465 -0.00445117
v -0.00673519 0.02487691 -0.00443315
v -0.00665226 0.02483330 -0.00442519
v -0.00666946 0.02482518 -0.00440894
v -0.00668556 0.02481807 -0.00439223
v -0.00629048 0.02680223 -0.00365958
v -0.00626791 0.02683346 -0.00367754
v -0.00624606 0.02686337 -0.00369673
v -0.00628409 0.02654053 -0.00370749
v -0.00626375 0.02656890 -0.00372248
v -0.00624556 0.02659763 -0.00373983
v -0.00626775 0.02638264 -0.00371624
v -0.00624981 0.02641133 -0.00373118
v -0.00623273 0.02643957 -0.00374714
v -0.00648838 0.02523890 -0.00471627
v -0.00651257 0.02519261 -0.00470886
v -0.00653792 0.02515367 -0.00470022
v -0.00645484 0.02520251 -0.00461188
v -0.00647524 0.02516179 -0.00460545
v -0.00649685 0.02512718 -0.00459744
v -0.00642621 0.02512508 -0.00456103
v -0.00644565 0.02508988 -0.00455406
v -0.00646502 0.02505289 -0.00454722
v 0.00671486 -0.02507548 0.00454465
v 0.00669440 -0.02509420 0.00456005
v 0.00667361 -0.02511543 0.00457455
v 0.00668038 -0.02523667 0.00447758
v 0.00666303 -0.02525051 0.00448988
v 0.00664563 -0.02526711 0.00450162
v 0.00666933 -0.02531633 0.00445186
v 0.00665419 -0.02533132 0.00446358
v 0.00663812 -0.02534603 0.00447405
v 0.00663018 -0.02516099 0.00460007
v 0.00660855 -0.02518891 0.00461159
v 0.00658624 -0.02521684 0.00462173
v 0.00660942 -0.02530343 0.00452217
v 0.00659161 -0.02532640 0.00453165
v 0.00657327 -0.02534969 0.00453997
v 0.00660555 -0.02538107 0.00449299
v 0.00658932 -0.02540202 0.00450163
v 0.00657256 -0.02542321 0.00450912
v 0.00696810 -0.02528318 0.00400694
v 0.00696904 -0.02525062 0.00403067
v 0.00696945 -0.02522217 0.00405510
v 0.00688858 -0.02540306 0.00403373
v 0.00688980 -0.02537779 0.00405357
v 0.00689080 -0.02535618 0.00407403
v 0.00685960 -0.02546728 0.00404713
v 0.00686042 -0.02544322 0.00406509
v 0.00686042 -0.02542049 0.00408328
v 0.00605891 -0.02676433 0.00421524
v 0.00606292 -0.02679163 0.00419094
v 0.00606794 -0.02681666 0.00416653
v 0.00613640 -0.02660994 0.00420337
v 0.00613931 -0.02663117 0.00418318
v 0.00614379 -0.02665417 0.00416343
v 0.00617312 -0.02655810 0.00420056
v 0.00617556 -0.02657640 0.00418208
v 0.00617893 -0.02659404 0.00416367
v 0.00696624 -0.02516765 0.00410414
v 0.00696297 -0.02514314 0.00412888
v 0.00695862 -0.02512062 0.00415369
v 0.00688677 -0.02530657 0.00411375
v 0.00688357 -0.02528475 0.00413389
v 0.00687901 -0.02526292 0.00415381
v 0.00685715 -0.02537720 0.00411982
v 0.00685377 -0.02535638 0.00413802
v 0.00685050 -0.02533944 0.00415668
v 0.00627885 -0.02575655 0.00464035
v 0.00625978 -0.02580351 0.00463297
v 0.00624177 -0.02585269 0.00462470
v 0.00632019 -0.02579193 0.00455397
v 0.00630381 -0.02582742 0.00454729
v 0.00628837 -0.02586510 0.00454007
v 0.00634136 -0.02582135 0.00451959
v 0.00632709 -0.02585615 0.00451406
v 0.00631303 -0.02589000 0.00450736
v 0.00657037 -0.02649357 0.00365823
v 0.00659208 -0.02645191 0.00365580
v 0.00661387 -0.02641008 0.00365475
v 0.00655820 -0.02639275 0.00374506
v 0.00657683 -0.02636131 0.00374345
v 0.00659520 -0.02632847 0.00374280
v 0.00655644 -0.02636372 0.00378373
v 0.00657299 -0.02633342 0.00378207
v 0.00658938 -0.02630226 0.00378132
v 0.00631233 -0.02686257 0.00377599
v 0.00633306 -0.02684486 0.00376079
v 0.00635364 -0.02682283 0.00374618
v 0.00634354 -0.02668893 0.00384089
v 0.00636058 -0.02667443 0.00382828
v 0.00637693 -0.02665348 0.00381589
v 0.00636047 -0.02662974 0.00387079
v 0.00637572 -0.02661558 0.00385917
v 0.00639102 -0.02659836 0.00384817
v 0.00611930 -0.02691967 0.00402140
v 0.00613095 -0.02692755 0.00399781
v 0.00614341 -0.02693281 0.00397456
v 0.00618472 -0.02673540 0.00404325
v 0.00619420 -0.02674153 0.00402376
v 0.00620536 -0.02675028 0.00400520
v 0.00621574 -0.02666780 0.00405450
v 0.00622433 -0.02667338 0.00403679
v 0.00623428 -0.02668143 0.00401983
v 0.00685668 -0.02500412 0.00439138
v 0.00684108 -0.02500356 0.00441278
v 0.00682487 -0.02500597 0.00443369
v 0.00679572 -0.02517134 0.00435032
v 0.00678337 -0.02517302 0.00436829
v 0.00677038 -0.02517661 0.00438576
v 0.00677529 -0.02525884 0.00433642
v 0.00676304 -0.02525776 0.00435214
v 0.00675117 -0.02526094 0.00436804
v 0.00681223 -0.02595961 0.00371167
v 0.00682874 -0.02591241 0.00372358
v 0.00684439 -0.02586493 0.00373646
v 0.00675826 -0.02595484 0.00378925
v 0.00677188 -0.02591590 0.00379907
v 0.00678487 -0.02587713 0.00380975
v 0.00673882 -0.02596543 0.00382377
v 0.00675122 -0.02592998 0.00383272
v 0.00676306 -0.02589467 0.00384245
v 0.00695439 -0.02543297 0.00391692
v 0.00695978 -0.02539480 0.00393891
v 0.00696357 -0.02535579 0.00396108
v 0.00687454 -0.02551650 0.00395788
v 0.00687934 -0.02548621 0.00397620
v 0.00688324 -0.02545699 0.00399495
v 0.00684645 -0.02557074 0.00397798
v 0.00685052 -0.02554209 0.00399453
v 0.00685442 -0.02551619 0.00401173
v 0.00614590 -0.02613744 0.00455070
v 0.00613328 -0.02618593 0.00453515
v 0.00612120 -0.02623243 0.00451848
v 0.00620837 -0.02609323 0.00447837
v 0.00619798 -0.02613318 0.00446571
v 0.00618803 -0.02617146 0.00445207
v 0.00624051 -0.02609672 0.00445120
v 0.00623082 -0.02613200 0.00443958
v 0.00622129 -0.02616393 0.00442664
v 0.00644940 -0.02541540 0.00465795
v 0.00642606 -0.02545072 0.00465941
v 0.00640418 -0.02549231 0.00466041
v 0.00646079 -0.02551392 0.00456926
v 0.00644192 -0.02554425 0.00457048
v 0.00642395 -0.02557841 0.00457130
v 0.00646927 -0.02557001 0.00453433
v 0.00645241 -0.02559880 0.00453559
v 0.00643539 -0.02562711 0.00453560
v 0.00648231 -0.02664525 0.00367972
v 0.00650456 -0.02661042 0.00367273
v 0.00652674 -0.02657368 0.00366683
v 0.00648485 -0.02651477 0.00376225
v 0.00650320 -0.02648608 0.00375649
v 0.00652157 -0.02645613 0.00375170
v 0.00648968 -0.02647482 0.00379939
v 0.00650638 -0.02644867 0.00379414
v 0.00652310 -0.02642141 0.00378977
v 0.00617192 -0.02693979 0.00393003
v 0.00618764 -0.02694066 0.00390873
v 0.00620264 -0.02693341 0.00388705
v 0.00622794 -0.02675251 0.00396794
v 0.00624098 -0.02675422 0.00395041
v 0.00625400 -0.02675081 0.00393297
v 0.00625526 -0.02668642 0.00398628
v 0.00626697 -0.02668795 0.00397024
v 0.00627860 -0.02668363 0.00395427
v 0.00636121 -0.02557848 0.00465875
v 0.00634021 -0.02562293 0.00465609
v 0.00631961 -0.02566807 0.00465222
v 0.00638740 -0.02564412 0.00456889
v 0.00637015 -0.02568059 0.00456671
v 0.00635323 -0.02571768 0.00456354
v 0.00640315 -0.02569059 0.00453414
v 0.00638705 -0.02572193 0.00453167
v 0.00637151 -0.02575488 0.00452858
v 0.00608049 -0.02685797 0.00411730
v 0.00608869 -0.02687672 0.00409302
v 0.00609768 -0.02689241 0.00406876
v 0.00615359 -0.02668611 0.00412259
v 0.00615976 -0.02669942 0.00410226
v 0.00616681 -0.02671107 0.00408209
v 0.00618827 -0.02662611 0.00412703
v 0.00619406 -0.02663939 0.00410872
v 0.00620057 -0.02665072 0.00409049
v 0.00673947 -0.02614765 0.00367514
v 0.00675859 -0.02610097 0.00368257
v 0.00677711 -0.02605401 0.00369114
v 0.00669825 -0.02610993 0.00375913
v 0.00671401 -0.02607141 0.00376525
v 0.00672930 -0.02603268 0.00377232
v 0.00668416 -0.02610672 0.00379632
v 0.00669851 -0.02607165 0.00380190
v 0.00671242 -0.02603637 0.00380834
v 0.00690811 -0.02501977 0.00429924
v 0.00689665 -0.02501255 0.00432294
v 0.00688426 -0.02500767 0.00434625
v 0.00683935 -0.02518825 0.00427514
v 0.00682904 -0.02517947 0.00429416
v 0.00681832 -0.02517372 0.00431306
v 0.00681276 -0.02526739 0.00426646
v 0.00680415 -0.02526195 0.00428426
v 0.00679485 -0.02525829 0.00430179
v 0.00609924 -0.02632087 0.00448218
v 0.00609014 -0.02636535 0.00446309
v 0.00608200 -0.02640869 0.00444322
v 0.00617005 -0.02624421 0.00442232
v 0.00616322 -0.02628406 0.00440725
v 0.00615631 -0.02631892 0.00439084
v 0.00620539 -0.02623247 0.00440019
v 0.00619870 -0.02626687 0.00438628
v 0.00619237 -0.02629821 0.00437134
v 0.00620694 -0.02594842 0.00460434
v 0.00618966 -0.02599276 0.00459198
v 0.00617329 -0.02603749 0.00457865
v 0.00625864 -0.02593880 0.00452246
v 0.00624478 -0.02597614 0.00451241
v 0.00623183 -0.02601476 0.00450177
v 0.00628645 -0.02595829 0.00449157
v 0.00627384 -0.02599189 0.00448232
v 0.00626205 -0.02602661 0.00447259
v 0.00679107 -0.02502144 0.00447401
v 0.00677268 -0.02503061 0.00449277
v 0.00675361 -0.02504187 0.00451070
v 0.00674258 -0.02518947 0.00441901
v 0.00672781 -0.02519875 0.00443472
v 0.00671236 -0.02520920 0.00444964
v 0.00672583 -0.02527265 0.00439836
v 0.00671237 -0.02528109 0.00441267
v 0.00669846 -0.02529120 0.00442639
v 0.00623678 -0.02691932 0.00384698
v 0.00625465 -0.02690799 0.00382790
v 0.00627356 -0.02689600 0.00380990
v 0.00628213 -0.02673944 0.00389992
v 0.00629677 -0.02672968 0.00388413
v 0.00631236 -0.02671999 0.00386927
v 0.00630429 -0.02667436 0.00392427
v 0.00631752 -0.02666491 0.00390989
v 0.00633141 -0.02665480 0.00389621
v 0.00639461 -0.02676761 0.00371911
v 0.00641700 -0.02674272 0.00370812
v 0.00643883 -0.02671281 0.00369767
v 0.00641166 -0.02661164 0.00379424
v 0.00643034 -0.02659244 0.00378520
v 0.00644841 -0.02656814 0.00377664
v 0.00642374 -0.02656598 0.00382890
v 0.00644002 -0.02654534 0.00382029
v 0.00645650 -0.02652338 0.00381249
v 0.00654031 -0.02527481 0.00463820
v 0.00651754 -0.02530761 0.00464490
v 0.00649423 -0.02533990 0.00465011
v 0.00653587 -0.02539926 0.00455357
v 0.00651725 -0.02542680 0.00455910
v 0.00649794 -0.02545302 0.00456312
v 0.00653709 -0.02546386 0.00452000
v 0.00652043 -0.02548994 0.00452524
v 0.00650341 -0.02551591 0.00452925
v 0.00606987 -0.02649587 0.00440211
v 0.00606452 -0.02653425 0.00438012
v 0.00606025 -0.02657127 0.00435762
v 0.00614482 -0.02638474 0.00435617
v 0.00614038 -0.02641604 0.00433808
v 0.00613681 -0.02644620 0.00431955
v 0.00618195 -0.02635793 0.00433989
v 0.00617792 -0.02638634 0.00432346
v 0.00617468 -0.02641371 0.00430665
v 0.00605572 -0.02664358 0.00431166
v 0.00605497 -0.02667676 0.00428802
v 0.00605497 -0.02670699 0.00426386
v 0.00613241 -0.02650312 0.00428141
v 0.00613218 -0.02653265 0.00426235
v 0.00613274 -0.02656015 0.00424293
v 0.00617138 -0.02647011 0.00427285
v 0.00617067 -0.02649462 0.00425516
v 0.00617067 -0.02651714 0.00423714
v 0.00687359 -0.02577227 0.00376549
v 0.00688687 -0.02572636 0.00378141
v 0.00689891 -0.02567972 0.00379802
v 0.00680887 -0.02580030 0.00383364
v 0.00681981 -0.02576248 0.00384677
v 0.00683002 -0.02572510 0.00386066
v 0.00678510 -0.02582519 0.00386425
v 0.00679489 -0.02579022 0.00387617
v 0.00680471 -0.02575773 0.00388897
v 0.00694546 -0.02507649 0.00420248
v 0.00693795 -0.02506031 0.00422717
v 0.00692889 -0.02504410 0.00425137
v 0.00686919 -0.02523092 0.00419472
v 0.00686300 -0.02521757 0.00421509
v 0.00685596 -0.02520603 0.00423533
v 0.00684157 -0.02531026 0.00419401
v 0.00683528 -0.02529653 0.00421227
v 0.00682781 -0.02528332 0.00423014
v 0.00692079 -0.02559110 0.00383424
v 0.00693059 -0.02554937 0.00385377
v 0.00693925 -0.02550820 0.00387394
v 0.00684813 -0.02565232 0.00389057
v 0.00685598 -0.02561700 0.00390652
v 0.00686302 -0.02558252 0.00392308
v 0.00682090 -0.02569049 0.00391614
v 0.00682829 -0.02565894 0.00393075
v 0.00683541 -0.02562955 0.00394607
v -0.00621881 0.02472806 -0.00418253
v -0.00620878 0.02474723 -0.00422270
v -0.00622071 0.02472248 -0.00422704
v -0.00623295 0.02470289 -0.00422102
v -0.00622667 0.02472387 -0.00416256
v -0.00622264 0.02476445 -0.00411580
v -0.00621229 0.02475023 -0.00416356
v -0.00611968 0.02495130 -0.00414869
v -0.00609960 0.02501855 -0.00417843
v -0.00610287 0.02498575 -0.00418779
v -0.00611294 0.02494099 -0.00418992
v -0.00613404 0.02491435 -0.00413584
v -0.00615508 0.02491515 -0.00409211
v -0.00612557 0.02496197 -0.00412906
v -0.00607596 0.02510494 -0.00407538
v -0.00604791 0.02519770 -0.00407827
v -0.00604797 0.02517982 -0.00409760
v -0.00605685 0.02515325 -0.00411056
v -0.00609338 0.02506512 -0.00407553
v -0.00612733 0.02501688 -0.00404294
v -0.00608807 0.02509305 -0.00405531
v -0.00608491 0.02525344 -0.00396692
v -0.00606717 0.02535318 -0.00395297
v -0.00605957 0.02535719 -0.00396667
v -0.00605911 0.02533906 -0.00398194
v -0.00609575 0.02520781 -0.00397722
v -0.00613212 0.02511557 -0.00397229
v -0.00610058 0.02521618 -0.00395990
v -0.00614380 0.02526118 -0.00386706
v -0.00614167 0.02534300 -0.00383818
v -0.00613126 0.02536486 -0.00384586
v -0.00612517 0.02536290 -0.00385799
v -0.00614670 0.02522524 -0.00388307
v -0.00617163 0.02512237 -0.00390434
v -0.00615632 0.02521349 -0.00387158
v -0.00623844 0.02511818 -0.00380224
v -0.00625919 0.02516636 -0.00376915
v -0.00624426 0.02519508 -0.00376828
v -0.00622994 0.02520945 -0.00377677
v -0.00622888 0.02510281 -0.00382148
v -0.00623709 0.02502465 -0.00386127
v -0.00624709 0.02507666 -0.00381692
v -0.00633951 0.02496068 -0.00380937
v -0.00637293 0.02497250 -0.00378535
v -0.00636617 0.02500105 -0.00377724
v -0.00635319 0.02502434 -0.00377724
v -0.00632273 0.02496469 -0.00382263
v -0.00630336 0.02492474 -0.00386500
v -0.00633443 0.02493377 -0.00382741
v -0.00639641 0.02472645 -0.00387062
v -0.00643646 0.02469456 -0.00386582
v -0.00643516 0.02471819 -0.00385057
v -0.00642585 0.02474849 -0.00384188
v -0.00637716 0.02475312 -0.00387387
v -0.00634183 0.02476640 -0.00390748
v -0.00638365 0.02472018 -0.00388861
v -0.00641093 0.02458046 -0.00397450
v -0.00644524 0.02453510 -0.00399351
v -0.00645244 0.02454340 -0.00397633
v -0.00645078 0.02456721 -0.00396117
v -0.00639522 0.02461469 -0.00396540
v -0.00635143 0.02466799 -0.00397748
v -0.00639172 0.02459468 -0.00398569
v -0.00636480 0.02453807 -0.00408862
v -0.00638644 0.02450743 -0.00412355
v -0.00639728 0.02449080 -0.00411273
v -0.00640326 0.02449160 -0.00409438
v -0.00635752 0.02456202 -0.00406836
v -0.00632130 0.02464042 -0.00405231
v -0.00634716 0.02457101 -0.00408656
v -0.00628750 0.02461804 -0.00416105
v -0.00628756 0.02460953 -0.00420295
v -0.00630287 0.02458917 -0.00420125
v -0.00631405 0.02458217 -0.00419104
v -0.00628939 0.02463027 -0.00414040
v -0.00626853 0.02469351 -0.00410187
v -0.00627337 0.02464746 -0.00414748
v -0.00618877 0.02477972 -0.00418041
v -0.00617211 0.02480775 -0.00421705
v -0.00618347 0.02478648 -0.00422447
v -0.00619717 0.02476707 -0.00422164
v -0.00620040 0.02477073 -0.00416260
v -0.00620389 0.02479684 -0.00411441
v -0.00618540 0.02479499 -0.00415974
v -0.00610825 0.02500140 -0.00413827
v -0.00608252 0.02506997 -0.00416003
v -0.00608735 0.02505390 -0.00417339
v -0.00609648 0.02503114 -0.00417704
v -0.00612259 0.02497396 -0.00412728
v -0.00614711 0.02494810 -0.00408517
v -0.00611474 0.02499627 -0.00411741
v -0.00607296 0.02518630 -0.00402891
v -0.00605094 0.02529074 -0.00403031
v -0.00604475 0.02527307 -0.00404414
v -0.00604671 0.02523510 -0.00405745
v -0.00608648 0.02513390 -0.00403237
v -0.00612468 0.02507157 -0.00401140
v -0.00608875 0.02516852 -0.00401571
v -0.00609649 0.02525686 -0.00393199
v -0.00608420 0.02535039 -0.00390756
v -0.00607338 0.02536126 -0.00392369
v -0.00607112 0.02535248 -0.00394100
v -0.00610534 0.02521677 -0.00394642
v -0.00614103 0.02511895 -0.00394786
v -0.00611366 0.02521530 -0.00392585
v -0.00616872 0.02521977 -0.00383998
v -0.00617455 0.02528656 -0.00380571
v -0.00616122 0.02531452 -0.00381268
v -0.00615180 0.02532431 -0.00382729
v -0.00616706 0.02519484 -0.00386026
v -0.00618809 0.02509619 -0.00388756
v -0.00618109 0.02517114 -0.00384708
v -0.00628026 0.02506802 -0.00379822
v -0.00630617 0.02511163 -0.00376852
v -0.00629332 0.02513436 -0.00376356
v -0.00627729 0.02514642 -0.00376771
v -0.00626672 0.02505547 -0.00381518
v -0.00626542 0.02499220 -0.00385829
v -0.00628435 0.02503452 -0.00381547
v -0.00635877 0.02489082 -0.00382090
v -0.00639506 0.02487757 -0.00380164
v -0.00639033 0.02491393 -0.00379162
v -0.00637965 0.02494594 -0.00378985
v -0.00634165 0.02490661 -0.00383203
v -0.00631611 0.02487900 -0.00387285
v -0.00635091 0.02486502 -0.00383938
v -0.00640965 0.02466573 -0.00390731
v -0.00644993 0.02463571 -0.00390968
v -0.00645067 0.02464725 -0.00389422
v -0.00644231 0.02466974 -0.00388184
v -0.00638999 0.02469264 -0.00390564
v -0.00635089 0.02472527 -0.00393197
v -0.00639480 0.02467106 -0.00392252
v -0.00640352 0.02455693 -0.00402250
v -0.00643710 0.02452085 -0.00404360
v -0.00644371 0.02451652 -0.00403222
v -0.00644215 0.02452493 -0.00401605
v -0.00638846 0.02458339 -0.00400932
v -0.00634686 0.02465095 -0.00400833
v -0.00638562 0.02458105 -0.00402582
v -0.00634594 0.02455407 -0.00411487
v -0.00635950 0.02452531 -0.00415308
v -0.00637367 0.02451123 -0.00414546
v -0.00638067 0.02451283 -0.00413241
v -0.00634050 0.02457680 -0.00409633
v -0.00630730 0.02465095 -0.00407162
v -0.00632773 0.02458478 -0.00410880
v -0.00624831 0.02467075 -0.00417589
v -0.00624365 0.02468103 -0.00421830
v -0.00625672 0.02465116 -0.00421899
v -0.00627021 0.02463087 -0.00420945
v -0.00625474 0.02467064 -0.00415420
v -0.00624258 0.02472743 -0.00411123
v -0.00623844 0.02470115 -0.00415969
v -0.00615476 0.02483400 -0.00416875
v -0.00612940 0.02488476 -0.00419915
v -0.00614239 0.02485115 -0.00421075
v -0.00615916 0.02482664 -0.00421206
v -0.00617102 0.02481734 -0.00415429
v -0.00618002 0.02483853 -0.00410566
v -0.00615240 0.02485429 -0.00414595
v -0.00608891 0.02505627 -0.00410882
v -0.00606131 0.02513750 -0.00412255
v -0.00606382 0.02512101 -0.00413786
v -0.00607433 0.02509207 -0.00414735
v -0.00610642 0.02501883 -0.00410442
v -0.00613613 0.02498034 -0.00406738
v -0.00609850 0.02504609 -0.00408930
v -0.00607701 0.02522921 -0.00400335
v -0.00605598 0.02532989 -0.00399671
v -0.00605018 0.02532780 -0.00401132
v -0.00605189 0.02530573 -0.00402301
v -0.00608979 0.02518358 -0.00400766
v -0.00612693 0.02510047 -0.00399388
v -0.00609228 0.02519780 -0.00399228
v -0.00612474 0.02526327 -0.00388729
v -0.00611932 0.02536182 -0.00386342
v -0.00610625 0.02536855 -0.00387208
v -0.00609720 0.02535391 -0.00388758
v -0.00612761 0.02521910 -0.00390399
v -0.00615938 0.02512334 -0.00391814
v -0.00614074 0.02522412 -0.00388904
v -0.00620311 0.02516793 -0.00381577
v -0.00621622 0.02522764 -0.00378167
v -0.00620178 0.02525375 -0.00378409
v -0.00618879 0.02526484 -0.00379582
v -0.00619685 0.02514722 -0.00383607
v -0.00621187 0.02506007 -0.00387090
v -0.00621370 0.02512421 -0.00382732
v -0.00631118 0.02502420 -0.00380118
v -0.00634138 0.02505059 -0.00377382
v -0.00633152 0.02507910 -0.00376726
v -0.00631802 0.02509653 -0.00376954
v -0.00629674 0.02501852 -0.00381659
v -0.00628603 0.02496365 -0.00386007
v -0.00631075 0.02499136 -0.00381919
v -0.00638046 0.02479638 -0.00384362
v -0.00641979 0.02477526 -0.00383145
v -0.00641596 0.02480228 -0.00381810
v -0.00640433 0.02483564 -0.00381169
v -0.00636090 0.02482040 -0.00385017
v -0.00633050 0.02481636 -0.00388833
v -0.00637036 0.02478296 -0.00386231
v -0.00641514 0.02462651 -0.00393948
v -0.00645279 0.02458729 -0.00394762
v -0.00645731 0.02459988 -0.00393410
v -0.00645239 0.02462131 -0.00392252
v -0.00639726 0.02465530 -0.00393557
v -0.00635452 0.02469797 -0.00395306
v -0.00639741 0.02463484 -0.00395066
v -0.00639427 0.02454636 -0.00404339
v -0.00641770 0.02449648 -0.00407258
v -0.00643115 0.02450091 -0.00406064
v -0.00643482 0.02451816 -0.00404834
v -0.00638332 0.02457865 -0.00403066
v -0.00634030 0.02464429 -0.00402322
v -0.00637275 0.02456648 -0.00404537
v -0.00631364 0.02458670 -0.00414443
v -0.00632300 0.02457160 -0.00418520
v -0.00633542 0.02454947 -0.00418037
v -0.00634498 0.02453985 -0.00416643
v -0.00631253 0.02460015 -0.00412274
v -0.00628678 0.02467176 -0.00409041
v -0.00629916 0.02461901 -0.00413421
v 0.03500125 -0.03486056 0.03500125
v -0.03500125 -0.03486056 0.03500125
v 0.03500125 -0.03486056 -0.03500125
v -0.03500125 -0.03486056 -0.03500125
f 1123 1124 1127
f 1124 1125 1128
f 1126 1127 1130
f 1127 1128 1131
f 8 261 1123
f 261 260 1124
f 260 259 1125
f 259 34 357
f 1125 357 356
f 1128 356 355
f 1131 355 33
f 1130 1131 292
f 1129 1130 293
f 240 1129 294
f 239 1126 1129
f 238 1123 1126
f 1132 1133 1136
f 1133 1134 1137
f 1135 1136 1139
f 1136 1137 1140
f 1 264 1132
f 264 263 1133
f 263 262 1134
f 262 36 360
f 1134 360 359
f 1137 359 358
f 1140 358 35
f 1139 1140 295
f 1138 1139 296
f 165 1138 297
f 164 1135 1138
f 163 1132 1135
f 1141 1142 1145
f 1142 1143 1146
f 1144 1145 1148
f 1145 1146 1149
f 26 267 1141
f 267 266 1142
f 266 265 1143
f 265 38 363
f 1143 363 362
f 1146 362 361
f 1149 361 37
f 1148 1149 298
f 1147 1148 299
f 186 1147 300
f 185 1144 1147
f 184 1141 1144
f 1150 1151 1154
f 1151 1152 1155
f 1153 1154 1157
f 1154 1155 1158
f 29 270 1150
f 270 269 1151
f 269 268 1152
f 268 40 366
f 1152 366 365
f 1155 365 364
f 1158 364 39
f 1157 1158 301
f 1156 1157 302
f 177 1156 303
f 176 1153 1156
f 175 1150 1153
f 1159 1160 1163
f 1160 1161 1164
f 1162 1163 1166
f 1163 1164 1167
f 13 273 1159
f 273 272 1160
f 272 271 1161
f 271 42 369
f 1161 369 368
f 1164 368 367
f 1167 367 41
f 1166 1167 304
f 1165 1166 305
f 225 1165 306
f 224 1162 1165
f 223 1159 1162
f 1168 1169 1172
f 1169 1170 1173
f 1171 1172 1175
f 1172 1173 1176
f 32 297 1168
f 297 296 1169
f 296 295 1170
f 295 35 372
f 1170 372 371
f 1173 371 370
f 1176 370 43
f 1175 1176 307
f 1174 1175 308
f 168 1174 309
f 167 1171 1174
f 166 1168 1171
f 1177 1178 1181
f 1178 1179 1182
f 1180 1181 1184
f 1181 1182 1185
f 16 276 1177
f 276 275 1178
f 275 274 1179
f 274 45 375
f 1179 375 374
f 1182 374 373
f 1185 373 44
f 1184 1185 310
f 1183 1184 311
f 216 1183 312
f 215 1180 1183
f 214 1177 1180
f 1186 1187 1190
f 1187 1188 1191
f 1189 1190 1193
f 1190 1191 1194
f 19 279 1186
f 279 278 1187
f 278 277 1188
f 277 47 378
f 1188 378 377
f 1191 377 376
f 1194 376 46
f 1193 1194 313
f 1192 1193 314
f 207 1192 315
f 206 1189 1192
f 205 1186 1189
f 1195 1196 1199
f 1196 1197 1200
f 1198 1199 1202
f 1199 1200 1203
f 4 282 1195
f 282 281 1196
f 281 280 1197
f 280 49 381
f 1197 381 380
f 1200 380 379
f 1203 379 48
f 1202 1203 316
f 1201 1202 317
f 252 1201 318
f 251 1198 1201
f 250 1195 1198
f 1204 1205 1208
f 1205 1206 1209
f 1207 1208 1211
f 1208 1209 1212
f 22 285 1204
f 285 284 1205
f 284 283 1206
f 283 51 384
f 1206 384 383
f 1209 383 382
f 1212 382 50
f 1211 1212 319
f 1210 1211 320
f 198 1210 321
f 197 1207 1210
f 196 1204 1207
f 1213 1214 1217
f 1214 1215 1218
f 1216 1217 1220
f 1217 1218 1221
f 7 294 1213
f 294 293 1214
f 293 292 1215
f 292 33 387
f 1215 387 386
f 1218 386 385
f 1221 385 52
f 1220 1221 322
f 1219 1220 323
f 243 1219 324
f 242 1216 1219
f 241 1213 1216
f 1222 1223 1226
f 1223 1224 1227
f 1225 1226 1229
f 1226 1227 1230
f 25 300 1222
f 300 299 1223
f 299 298 1224
f 298 37 390
f 1224 390 389
f 1227 389 388
f 1230 388 53
f 1229 1230 325
f 1228 1229 326
f 189 1228 327
f 188 1225 1228
f 187 1222 1225
f 1231 1232 1235
f 1232 1233 1236
f 1234 1235 1238
f 1235 1236 1239
f 10 288 1231
f 288 287 1232
f 287 286 1233
f 286 55 393
f 1233 393 392
f 1236 392 391
f 1239 391 54
f 1238 1239 328
f 1237 1238 329
f 232 1237 330
f 233 1234 1237
f 234 1231 1234
f 1240 1241 1244
f 1241 1242 1245
f 1243 1244 1247
f 1244 1245 1248
f 28 303 1240
f 303 302 1241
f 302 301 1242
f 301 39 396
f 1242 396 395
f 1245 395 394
f 1248 394 56
f 1247 1248 331
f 1246 1247 332
f 180 1246 333
f 179 1243 1246
f 178 1240 1243
f 1249 1250 1253
f 1250 1251 1254
f 1252 1253 1256
f 1253 1254 1257
f 12 306 1249
f 306 305 1250
f 305 304 1251
f 304 41 399
f 1251 399 398
f 1254 398 397
f 1257 397 57
f 1256 1257 334
f 1255 1256 335
f 228 1255 336
f 227 1252 1255
f 226 1249 1252
f 1258 1259 1262
f 1259 1260 1263
f 1261 1262 1265
f 1262 1263 1266
f 31 309 1258
f 309 308 1259
f 308 307 1260
f 307 43 402
f 1260 402 401
f 1263 401 400
f 1266 400 58
f 1265 1266 337
f 1264 1265 338
f 169 1264 339
f 170 1261 1264
f 171 1258 1261
f 1267 1268 1271
f 1268 1269 1272
f 1270 1271 1274
f 1271 1272 1275
f 15 312 1267
f 312 311 1268
f 311 310 1269
f 310 44 405
f 1269 405 404
f 1272 404 403
f 1275 403 59
f 1274 1275 340
f 1273 1274 341
f 219 1273 342
f 218 1270 1273
f 217 1267 1270
f 1276 1277 1280
f 1277 1278 1281
f 1279 1280 1283
f 1280 1281 1284
f 18 315 1276
f 315 314 1277
f 314 313 1278
f 313 46 408
f 1278 408 407
f 1281 407 406
f 1284 406 60
f 1283 1284 343
f 1282 1283 344
f 210 1282 345
f 209 1279 1282
f 208 1276 1279
f 1285 1286 1289
f 1286 1287 1290
f 1288 1289 1292
f 1289 1290 1293
f 2 291 1285
f 291 290 1286
f 290 289 1287
f 289 61 411
f 1287 411 410
f 1290 410 409
f 1293 409 36
f 1292 1293 262
f 1291 1292 263
f 258 1291 264
f 257 1288 1291
f 256 1285 1288
f 1294 1295 1298
f 1295 1296 1299
f 1297 1298 1301
f 1298 1299 1302
f 3 318 1294
f 318 317 1295
f 317 316 1296
f 316 48 414
f 1296 414 413
f 1299 413 412
f 1302 412 61
f 1301 1302 289
f 1300 1301 290
f 255 1300 291
f 254 1297 1300
f 253 1294 1297
f 1303 1304 1307
f 1304 1305 1308
f 1306 1307 1310
f 1307 1308 1311
f 21 321 1303
f 321 320 1304
f 320 319 1305
f 319 50 417
f 1305 417 416
f 1308 416 415
f 1311 415 62
f 1310 1311 346
f 1309 1310 347
f 201 1309 348
f 200 1306 1309
f 199 1303 1306
f 1312 1313 1316
f 1313 1314 1317
f 1315 1316 1319
f 1316 1317 1320
f 6 324 1312
f 324 323 1313
f 323 322 1314
f 322 52 420
f 1314 420 419
f 1317 419 418
f 1320 418 63
f 1319 1320 349
f 1318 1319 350
f 244 1318 351
f 245 1315 1318
f 246 1312 1315
f 1321 1322 1325
f 1322 1323 1326
f 1324 1325 1328
f 1325 1326 1329
f 24 327 1321
f 327 326 1322
f 326 325 1323
f 325 53 423
f 1323 423 422
f 1326 422 421
f 1329 421 64
f 1328 1329 352
f 1327 1328 353
f 192 1327 354
f 191 1324 1327
f 190 1321 1324
f 1330 1331 1334
f 1331 1332 1335
f 1333 1334 1337
f 1334 1335 1338
f 9 330 1330
f 330 329 1331
f 329 328 1332
f 328 54 426
f 1332 426 425
f 1335 425 424
f 1338 424 34
f 1337 1338 259
f 1336 1337 260
f 237 1336 261
f 236 1333 1336
f 235 1330 1333
f 1339 1340 1343
f 1340 1341 1344
f 1342 1343 1346
f 1343 1344 1347
f 27 333 1339
f 333 332 1340
f 332 331 1341
f 331 56 429
f 1341 429 428
f 1344 428 427
f 1347 427 38
f 1346 1347 265
f 1345 1346 266
f 181 1345 267
f 182 1342 1345
f 183 1339 1342
f 1348 1349 1352
f 1349 1350 1353
f 1351 1352 1355
f 1352 1353 1356
f 11 336 1348
f 336 335 1349
f 335 334 1350
f 334 57 432
f 1350 432 431
f 1353 431 430
f 1356 430 55
f 1355 1356 286
f 1354 1355 287
f 231 1354 288
f 230 1351 1354
f 229 1348 1351
f 1357 1358 1361
f 1358 1359 1362
f 1360 1361 1364
f 1361 1362 1365
f 30 339 1357
f 339 338 1358
f 338 337 1359
f 337 58 435
f 1359 435 434
f 1362 434 433
f 1365 433 40
f 1364 1365 268
f 1363 1364 269
f 174 1363 270
f 173 1360 1363
f 172 1357 1360
f 1366 1367 1370
f 1367 1368 1371
f 1369 1370 1373
f 1370 1371 1374
f 14 342 1366
f 342 341 1367
f 341 340 1368
f 340 59 438
f 1368 438 437
f 1371 437 436
f 1374 436 42
f 1373 1374 271
f 1372 1373 272
f 222 1372 273
f 221 1369 1372
f 220 1366 1369
f 1375 1376 1379
f 1376 1377 1380
f 1378 1379 1382
f 1379 1380 1383
f 17 345 1375
f 345 344 1376
f 344 343 1377
f 343 60 441
f 1377 441 440
f 1380 440 439
f 1383 439 45
f 1382 1383 274
f 1381 1382 275
f 213 1381 276
f 212 1378 1381
f 211 1375 1378
f 1384 1385 1388
f 1385 1386 1389
f 1387 1388 1391
f 1388 1389 1392
f 20 348 1384
f 348 347 1385
f 347 346 1386
f 346 62 444
f 1386 444 443
f 1389 443 442
f 1392 442 47
f 1391 1392 277
f 1390 1391 278
f 204 1390 279
f 203 1387 1390
f 202 1384 1387
f 1393 1394 1397
f 1394 1395 1398
f 1396 1397 1400
f 1397 1398 1401
f 5 351 1393
f 351 350 1394
f 350 349 1395
f 349 63 447
f 1395 447 446
f 1398 446 445
f 1401 445 49
f 1400 1401 280
f 1399 1400 281
f 249 1399 282
f 248 1396 1399
f 247 1393 1396
f 1402 1403 1406
f 1403 1404 1407
f 1405 1406 1409
f 1406 1407 1410
f 23 354 1402
f 354 353 1403
f 353 352 1404
f 352 64 450
f 1404 450 449
f 1407 449 448
f 1410 448 51
f 1409 1410 283
f 1408 1409 284
f 193 1408 285
f 194 1405 1408
f 195 1402 1405
f 1411 1412 1415
f 1412 1413 1416
f 1414 1415 1418
f 1415 1416 1419
f 27 640 1411
f 640 641 1412
f 641 642 1413
f 642 91 531
f 1413 531 530
f 1416 530 529
f 1419 529 92
f 1418 1419 610
f 1417 1418 611
f 178 1417 612
f 179 1414 1417
f 180 1411 1414
f 1420 1421 1424
f 1421 1422 1425
f 1423 1424 1427
f 1424 1425 1428
f 24 637 1420
f 637 638 1421
f 638 639 1422
f 639 88 522
f 1422 522 521
f 1425 521 520
f 1428 520 89
f 1427 1428 604
f 1426 1427 605
f 187 1426 606
f 188 1423 1426
f 189 1420 1423
f 1429 1430 1433
f 1430 1431 1434
f 1432 1433 1436
f 1433 1434 1437
f 21 634 1429
f 634 635 1430
f 635 636 1431
f 636 85 513
f 1431 513 512
f 1434 512 511
f 1437 511 86
f 1436 1437 598
f 1435 1436 599
f 196 1435 600
f 197 1432 1435
f 198 1429 1432
f 1438 1439 1442
f 1439 1440 1443
f 1441 1442 1445
f 1442 1443 1446
f 18 631 1438
f 631 632 1439
f 632 633 1440
f 633 82 504
f 1440 504 503
f 1443 503 502
f 1446 502 83
f 1445 1446 592
f 1444 1445 593
f 205 1444 594
f 206 1441 1444
f 207 1438 1441
f 1447 1448 1451
f 1448 1449 1452
f 1450 1451 1454
f 1451 1452 1455
f 15 628 1447
f 628 629 1448
f 629 630 1449
f 630 79 495
f 1449 495 494
f 1452 494 493
f 1455 493 80
f 1454 1455 586
f 1453 1454 587
f 214 1453 588
f 215 1450 1453
f 216 1447 1450
f 1456 1457 1460
f 1457 1458 1461
f 1459 1460 1463
f 1460 1461 1464
f 12 625 1456
f 625 626 1457
f 626 627 1458
f 627 76 486
f 1458 486 485
f 1461 485 484
f 1464 484 77
f 1463 1464 580
f 1462 1463 581
f 223 1462 582
f 224 1459 1462
f 225 1456 1459
f 1465 1466 1469
f 1466 1467 1470
f 1468 1469 1472
f 1469 1470 1473
f 9 622 1465
f 622 623 1466
f 623 624 1467
f 624 73 475
f 1467 475 476
f 1470 476 477
f 1473 477 74
f 1472 1473 574
f 1471 1472 575
f 234 1471 576
f 233 1468 1471
f 232 1465 1468
f 1474 1475 1478
f 1475 1476 1479
f 1477 1478 1481
f 1478 1479 1482
f 6 619 1474
f 619 620 1475
f 620 621 1476
f 621 70 468
f 1476 468 467
f 1479 467 466
f 1482 466 71
f 1481 1482 568
f 1480 1481 569
f 241 1480 570
f 242 1477 1480
f 243 1474 1477
f 1483 1484 1487
f 1484 1485 1488
f 1486 1487 1490
f 1487 1488 1491
f 3 616 1483
f 616 617 1484
f 617 618 1485
f 618 67 459
f 1485 459 458
f 1488 458 457
f 1491 457 68
f 1490 1491 562
f 1489 1490 563
f 250 1489 564
f 251 1486 1489
f 252 1483 1486
f 1492 1493 1496
f 1493 1494 1497
f 1495 1496 1499
f 1496 1497 1500
f 32 613 1492
f 613 614 1493
f 614 615 1494
f 615 96 546
f 1494 546 545
f 1497 545 544
f 1500 544 65
f 1499 1500 556
f 1498 1499 557
f 163 1498 558
f 164 1495 1498
f 165 1492 1495
f 1501 1502 1505
f 1502 1503 1506
f 1504 1505 1508
f 1505 1506 1509
f 29 607 1501
f 607 608 1502
f 608 609 1503
f 609 93 537
f 1503 537 536
f 1506 536 535
f 1509 535 94
f 1508 1509 550
f 1507 1508 551
f 172 1507 552
f 173 1504 1507
f 174 1501 1504
f 1510 1511 1514
f 1511 1512 1515
f 1513 1514 1517
f 1514 1515 1518
f 26 601 1510
f 601 602 1511
f 602 603 1512
f 603 90 526
f 1512 526 527
f 1515 527 528
f 1518 528 91
f 1517 1518 642
f 1516 1517 641
f 183 1516 640
f 182 1513 1516
f 181 1510 1513
f 1519 1520 1523
f 1520 1521 1524
f 1522 1523 1526
f 1523 1524 1527
f 23 595 1519
f 595 596 1520
f 596 597 1521
f 597 87 519
f 1521 519 518
f 1524 518 517
f 1527 517 88
f 1526 1527 639
f 1525 1526 638
f 190 1525 637
f 191 1522 1525
f 192 1519 1522
f 1528 1529 1532
f 1529 1530 1533
f 1531 1532 1535
f 1532 1533 1536
f 20 589 1528
f 589 590 1529
f 590 591 1530
f 591 84 510
f 1530 510 509
f 1533 509 508
f 1536 508 85
f 1535 1536 636
f 1534 1535 635
f 199 1534 634
f 200 1531 1534
f 201 1528 1531
f 1537 1538 1541
f 1538 1539 1542
f 1540 1541 1544
f 1541 1542 1545
f 17 583 1537
f 583 584 1538
f 584 585 1539
f 585 81 501
f 1539 501 500
f 1542 500 499
f 1545 499 82
f 1544 1545 633
f 1543 1544 632
f 208 1543 631
f 209 1540 1543
f 210 1537 1540
f 1546 1547 1550
f 1547 1548 1551
f 1549 1550 1553
f 1550 1551 1554
f 14 577 1546
f 577 578 1547
f 578 579 1548
f 579 78 492
f 1548 492 491
f 1551 491 490
f 1554 490 79
f 1553 1554 630
f 1552 1553 629
f 217 1552 628
f 218 1549 1552
f 219 1546 1549
f 1555 1556 1559
f 1556 1557 1560
f 1558 1559 1562
f 1559 1560 1563
f 11 571 1555
f 571 572 1556
f 572 573 1557
f 573 75 483
f 1557 483 482
f 1560 482 481
f 1563 481 76
f 1562 1563 627
f 1561 1562 626
f 226 1561 625
f 227 1558 1561
f 228 1555 1558
f 1564 1565 1568
f 1565 1566 1569
f 1567 1568 1571
f 1568 1569 1572
f 8 565 1564
f 565 566 1565
f 566 567 1566
f 567 72 474
f 1566 474 473
f 1569 473 472
f 1572 472 73
f 1571 1572 624
f 1570 1571 623
f 235 1570 622
f 236 1567 1570
f 237 1564 1567
f 1573 1574 1577
f 1574 1575 1578
f 1576 1577 1580
f 1577 1578 1581
f 5 559 1573
f 559 560 1574
f 560 561 1575
f 561 69 463
f 1575 463 464
f 1578 464 465
f 1581 465 70
f 1580 1581 621
f 1579 1580 620
f 246 1579 619
f 245 1576 1579
f 244 1573 1576
f 1582 1583 1586
f 1583 1584 1587
f 1585 1586 1589
f 1586 1587 1590
f 2 553 1582
f 553 554 1583
f 554 555 1584
f 555 66 456
f 1584 456 455
f 1587 455 454
f 1590 454 67
f 1589 1590 618
f 1588 1589 617
f 253 1588 616
f 254 1585 1588
f 255 1582 1585
f 1591 1592 1595
f 1592 1593 1596
f 1594 1595 1598
f 1595 1596 1599
f 31 547 1591
f 547 548 1592
f 548 549 1593
f 549 95 543
f 1593 543 542
f 1596 542 541
f 1599 541 96
f 1598 1599 615
f 1597 1598 614
f 166 1597 613
f 167 1594 1597
f 168 1591 1594
f 1600 1601 1604
f 1601 1602 1605
f 1603 1604 1607
f 1604 1605 1608
f 28 612 1600
f 612 611 1601
f 611 610 1602
f 610 92 534
f 1602 534 533
f 1605 533 532
f 1608 532 93
f 1607 1608 609
f 1606 1607 608
f 175 1606 607
f 176 1603 1606
f 177 1600 1603
f 1609 1610 1613
f 1610 1611 1614
f 1612 1613 1616
f 1613 1614 1617
f 25 606 1609
f 606 605 1610
f 605 604 1611
f 604 89 525
f 1611 525 524
f 1614 524 523
f 1617 523 90
f 1616 1617 603
f 1615 1616 602
f 184 1615 601
f 185 1612 1615
f 186 1609 1612
f 1618 1619 1622
f 1619 1620 1623
f 1621 1622 1625
f 1622 1623 1626
f 22 600 1618
f 600 599 1619
f 599 598 1620
f 598 86 514
f 1620 514 515
f 1623 515 516
f 1626 516 87
f 1625 1626 597
f 1624 1625 596
f 195 1624 595
f 194 1621 1624
f 193 1618 1621
f 1627 1628 1631
f 1628 1629 1632
f 1630 1631 1634
f 1631 1632 1635
f 19 594 1627
f 594 593 1628
f 593 592 1629
f 592 83 507
f 1629 507 506
f 1632 506 505
f 1635 505 84
f 1634 1635 591
f 1633 1634 590
f 202 1633 589
f 203 1630 1633
f 204 1627 1630
f 1636 1637 1640
f 1637 1638 1641
f 1639 1640 1643
f 1640 1641 1644
f 16 588 1636
f 588 587 1637
f 587 586 1638
f 586 80 498
f 1638 498 497
f 1641 497 496
f 1644 496 81
f 1643 1644 585
f 1642 1643 584
f 211 1642 583
f 212 1639 1642
f 213 1636 1639
f 1645 1646 1649
f 1646 1647 1650
f 1648 1649 1652
f 1649 1650 1653
f 13 582 1645
f 582 581 1646
f 581 580 1647
f 580 77 489
f 1647 489 488
f 1650 488 487
f 1653 487 78
f 1652 1653 579
f 1651 1652 578
f 220 1651 577
f 221 1648 1651
f 222 1645 1648
f 1654 1655 1658
f 1655 1656 1659
f 1657 1658 1661
f 1658 1659 1662
f 10 576 1654
f 576 575 1655
f 575 574 1656
f 574 74 480
f 1656 480 479
f 1659 479 478
f 1662 478 75
f 1661 1662 573
f 1660 1661 572
f 229 1660 571
f 230 1657 1660
f 231 1654 1657
f 1663 1664 1667
f 1664 1665 1668
f 1666 1667 1670
f 1667 1668 1671
f 7 570 1663
f 570 569 1664
f 569 568 1665
f 568 71 471
f 1665 471 470
f 1668 470 469
f 1671 469 72
f 1670 1671 567
f 1669 1670 566
f 238 1669 565
f 239 1666 1669
f 240 1663 1666
f 1672 1673 1676
f 1673 1674 1677
f 1675 1676 1679
f 1676 1677 1680
f 4 564 1672
f 564 563 1673
f 563 562 1674
f 562 68 462
f 1674 462 461
f 1677 461 460
f 1680 460 69
f 1679 1680 561
f 1678 1679 560
f 247 1678 559
f 248 1675 1678
f 249 1672 1675
f 1681 1682 1685
f 1682 1683 1686
f 1684 1685 1688
f 1685 1686 1689
f 1 558 1681
f 558 557 1682
f 557 556 1683
f 556 65 453
f 1683 453 452
f 1686 452 451
f 1689 451 66
f 1688 1689 555
f 1687 1688 554
f 256 1687 553
f 257 1684 1687
f 258 1681 1684
f 1690 1691 1694
f 1691 1692 1695
f 1693 1694 1697
f 1694 1695 1698
f 30 552 1690
f 552 551 1691
f 551 550 1692
f 550 94 538
f 1692 538 539
f 1695 539 540
f 1698 540 95
f 1697 1698 549
f 1696 1697 548
f 171 1696 547
f 170 1693 1696
f 169 1690 1693
f 1700 1701 1699
f 1702 1703 1699
f 1704 1705 1699
f 70 651 1700
f 651 650 1701
f 468 1700 1705
f 97 648 1702
f 648 647 1703
f 649 1702 1701
f 71 466 1704
f 466 467 1705
f 646 1704 1703
f 1707 1708 1706
f 1709 1710 1706
f 1711 1712 1706
f 67 657 1707
f 657 656 1708
f 459 1707 1712
f 97 654 1709
f 654 653 1710
f 655 1709 1708
f 68 457 1711
f 457 458 1712
f 652 1711 1710
f 1714 1715 1713
f 1716 1717 1713
f 1718 1719 1713
f 96 660 1714
f 660 659 1715
f 546 1714 1719
f 97 645 1716
f 645 644 1717
f 658 1716 1715
f 65 544 1718
f 544 545 1719
f 643 1718 1717
f 1721 1722 1720
f 1723 1724 1720
f 1725 1726 1720
f 93 666 1721
f 666 665 1722
f 537 1721 1726
f 97 663 1723
f 663 662 1724
f 664 1723 1722
f 94 535 1725
f 535 536 1726
f 661 1725 1724
f 1728 1729 1727
f 1730 1731 1727
f 1732 1733 1727
f 90 672 1728
f 672 671 1729
f 526 1728 1733
f 97 669 1730
f 669 668 1731
f 670 1730 1729
f 91 528 1732
f 528 527 1733
f 667 1732 1731
f 1735 1736 1734
f 1737 1738 1734
f 1739 1740 1734
f 87 678 1735
f 678 677 1736
f 519 1735 1740
f 97 675 1737
f 675 674 1738
f 676 1737 1736
f 88 517 1739
f 517 518 1740
f 673 1739 1738
f 1742 1743 1741
f 1744 1745 1741
f 1746 1747 1741
f 84 684 1742
f 684 683 1743
f 510 1742 1747
f 97 681 1744
f 681 680 1745
f 682 1744 1743
f 85 508 1746
f 508 509 1747
f 679 1746 1745
f 1749 1750 1748
f 1751 1752 1748
f 1753 1754 1748
f 81 690 1749
f 690 689 1750
f 501 1749 1754
f 97 687 1751
f 687 686 1752
f 688 1751 1750
f 82 499 1753
f 499 500 1754
f 685 1753 1752
f 1756 1757 1755
f 1758 1759 1755
f 1760 1761 1755
f 78 696 1756
f 696 695 1757
f 492 1756 1761
f 97 693 1758
f 693 692 1759
f 694 1758 1757
f 79 490 1760
f 490 491 1761
f 691 1760 1759
f 1763 1764 1762
f 1765 1766 1762
f 1767 1768 1762
f 75 702 1763
f 702 701 1764
f 483 1763 1768
f 97 699 1765
f 699 698 1766
f 700 1765 1764
f 76 481 1767
f 481 482 1768
f 697 1767 1766
f 1770 1771 1769
f 1772 1773 1769
f 1774 1775 1769
f 72 708 1770
f 708 707 1771
f 474 1770 1775
f 97 705 1772
f 705 704 1773
f 706 1772 1771
f 73 472 1774
f 472 473 1775
f 703 1774 1773
f 1777 1778 1776
f 1779 1780 1776
f 1781 1782 1776
f 69 711 1777
f 711 710 1778
f 463 1777 1782
f 97 649 1779
f 649 650 1780
f 709 1779 1778
f 70 465 1781
f 465 464 1782
f 651 1781 1780
f 1784 1785 1783
f 1786 1787 1783
f 1788 1789 1783
f 66 714 1784
f 714 713 1785
f 456 1784 1789
f 97 655 1786
f 655 656 1787
f 712 1786 1785
f 67 454 1788
f 454 455 1789
f 657 1788 1787
f 1791 1792 1790
f 1793 1794 1790
f 1795 1796 1790
f 95 717 1791
f 717 716 1792
f 543 1791 1796
f 97 658 1793
f 658 659 1794
f 715 1793 1792
f 96 541 1795
f 541 542 1796
f 660 1795 1794
f 1798 1799 1797
f 1800 1801 1797
f 1802 1803 1797
f 92 720 1798
f 720 719 1799
f 534 1798 1803
f 97 664 1800
f 664 665 1801
f 718 1800 1799
f 93 532 1802
f 532 533 1803
f 666 1802 1801
f 1805 1806 1804
f 1807 1808 1804
f 1809 1810 1804
f 89 723 1805
f 723 722 1806
f 525 1805 1810
f 97 670 1807
f 670 671 1808
f 721 1807 1806
f 90 523 1809
f 523 524 1810
f 672 1809 1808
f 1812 1813 1811
f 1814 1815 1811
f 1816 1817 1811
f 86 726 1812
f 726 725 1813
f 514 1812 1817
f 97 676 1814
f 676 677 1815
f 724 1814 1813
f 87 516 1816
f 516 515 1817
f 678 1816 1815
f 1819 1820 1818
f 1821 1822 1818
f 1823 1824 1818
f 83 729 1819
f 729 728 1820
f 507 1819 1824
f 97 682 1821
f 682 683 1822
f 727 1821 1820
f 84 505 1823
f 505 506 1824
f 684 1823 1822
f 1826 1827 1825
f 1828 1829 1825
f 1830 1831 1825
f 80 732 1826
f 732 731 1827
f 498 1826 1831
f 97 688 1828
f 688 689 1829
f 730 1828 1827
f 81 496 1830
f 496 497 1831
f 690 1830 1829
f 1833 1834 1832
f 1835 1836 1832
f 1837 1838 1832
f 77 735 1833
f 735 734 1834
f 489 1833 1838
f 97 694 1835
f 694 695 1836
f 733 1835 1834
f 78 487 1837
f 487 488 1838
f 696 1837 1836
f 1840 1841 1839
f 1842 1843 1839
f 1844 1845 1839
f 74 738 1840
f 738 737 1841
f 480 1840 1845
f 97 700 1842
f 700 701 1843
f 736 1842 1841
f 75 478 1844
f 478 479 1845
f 702 1844 1843
f 1847 1848 1846
f 1849 1850 1846
f 1851 1852 1846
f 71 646 1847
f 646 647 1848
f 471 1847 1852
f 97 706 1849
f 706 707 1850
f 648 1849 1848
f 72 469 1851
f 469 470 1852
f 708 1851 1850
f 1854 1855 1853
f 1856 1857 1853
f 1858 1859 1853
f 68 652 1854
f 652 653 1855
f 462 1854 1859
f 97 709 1856
f 709 710 1857
f 654 1856 1855
f 69 460 1858
f 460 461 1859
f 711 1858 1857
f 1861 1862 1860
f 1863 1864 1860
f 1865 1866 1860
f 65 643 1861
f 643 644 1862
f 453 1861 1866
f 97 712 1863
f 712 713 1864
f 645 1863 1862
f 66 451 1865
f 451 452 1866
f 714 1865 1864
f 1868 1869 1867
f 1870 1871 1867
f 1872 1873 1867
f 94 661 1868
f 661 662 1869
f 538 1868 1873
f 97 715 1870
f 715 716 1871
f 663 1870 1869
f 95 540 1872
f 540 539 1873
f 717 1872 1871
f 1875 1876 1874
f 1877 1878 1874
f 1879 1880 1874
f 91 667 1875
f 667 668 1876
f 531 1875 1880
f 97 718 1877
f 718 719 1878
f 669 1877 1876
f 92 529 1879
f 529 530 1880
f 720 1879 1878
f 1882 1883 1881
f 1884 1885 1881
f 1886 1887 1881
f 88 673 1882
f 673 674 1883
f 522 1882 1887
f 97 721 1884
f 721 722 1885
f 675 1884 1883
f 89 520 1886
f 520 521 1887
f 723 1886 1885
f 1889 1890 1888
f 1891 1892 1888
f 1893 1894 1888
f 85 679 1889
f 679 680 1890
f 513 1889 1894
f 97 724 1891
f 724 725 1892
f 681 1891 1890
f 86 511 1893
f 511 512 1894
f 726 1893 1892
f 1896 1897 1895
f 1898 1899 1895
f 1900 1901 1895
f 82 685 1896
f 685 686 1897
f 504 1896 1901
f 97 727 1898
f 727 728 1899
f 687 1898 1897
f 83 502 1900
f 502 503 1901
f 729 1900 1899
f 1903 1904 1902
f 1905 1906 1902
f 1907 1908 1902
f 79 691 1903
f 691 692 1904
f 495 1903 1908
f 97 730 1905
f 730 731 1906
f 693 1905 1904
f 80 493 1907
f 493 494 1908
f 732 1907 1906
f 1910 1911 1909
f 1912 1913 1909
f 1914 1915 1909
f 76 697 1910
f 697 698 1911
f 486 1910 1915
f 97 733 1912
f 733 734 1913
f 699 1912 1911
f 77 484 1914
f 484 485 1915
f 735 1914 1913
f 1917 1918 1916
f 1919 1920 1916
f 1921 1922 1916
f 73 703 1917
f 703 704 1918
f 475 1917 1922
f 97 736 1919
f 736 737 1920
f 705 1919 1918
f 74 477 1921
f 477 476 1922
f 738 1921 1920
f 1923 1924 1927
f 1924 1925 1928
f 1926 1927 1930
f 1927 1928 1931
f 108 885 1923
f 885 884 1924
f 884 883 1925
f 883 129 1026
f 1925 1026 1025
f 1928 1025 1024
f 1931 1024 160
f 1930 1931 778
f 1929 1930 779
f 987 1929 780
f 986 1926 1929
f 985 1923 1926
f 1932 1933 1936
f 1933 1934 1937
f 1935 1936 1939
f 1936 1937 1940
f 109 741 1932
f 741 740 1933
f 740 739 1934
f 739 110 957
f 1934 957 956
f 1937 956 955
f 1940 955 142
f 1939 1940 928
f 1938 1939 929
f 1017 1938 930
f 1016 1935 1938
f 1015 1932 1935
f 1941 1942 1945
f 1942 1943 1946
f 1944 1945 1948
f 1945 1946 1949
f 100 748 1941
f 748 749 1942
f 749 750 1943
f 750 101 1005
f 1943 1005 1004
f 1946 1004 1003
f 1949 1003 133
f 1948 1949 921
f 1947 1948 920
f 933 1947 919
f 932 1944 1947
f 931 1941 1944
f 1950 1951 1954
f 1951 1952 1955
f 1953 1954 1957
f 1954 1955 1958
f 129 816 1950
f 816 815 1951
f 815 814 1952
f 814 118 975
f 1952 975 974
f 1955 974 973
f 1958 973 150
f 1957 1958 847
f 1956 1957 848
f 1024 1956 849
f 1025 1953 1956
f 1026 1950 1953
f 1959 1960 1963
f 1960 1961 1964
f 1962 1963 1966
f 1963 1964 1967
f 120 756 1959
f 756 755 1960
f 755 754 1961
f 754 124 1011
f 1961 1011 1010
f 1964 1010 1009
f 1967 1009 155
f 1966 1967 901
f 1965 1966 902
f 1023 1965 903
f 1022 1962 1965
f 1021 1959 1962
f 1968 1969 1972
f 1969 1970 1973
f 1971 1972 1975
f 1972 1973 1976
f 106 825 1968
f 825 824 1969
f 824 823 1970
f 823 126 1008
f 1970 1008 1007
f 1973 1007 1006
f 1976 1006 157
f 1975 1976 841
f 1974 1975 842
f 1014 1974 843
f 1013 1971 1974
f 1012 1968 1971
f 1977 1978 1981
f 1978 1979 1982
f 1980 1981 1984
f 1981 1982 1985
f 115 915 1977
f 915 914 1978
f 914 913 1979
f 913 104 981
f 1979 981 980
f 1982 980 979
f 1985 979 136
f 1984 1985 763
f 1983 1984 764
f 960 1983 765
f 959 1980 1983
f 958 1977 1980
f 1986 1987 1990
f 1987 1988 1991
f 1989 1990 1993
f 1990 1991 1994
f 111 861 1986
f 861 860 1987
f 860 859 1988
f 859 120 1021
f 1988 1021 1022
f 1991 1022 1023
f 1994 1023 151
f 1993 1994 817
f 1992 1993 818
f 945 1992 819
f 944 1989 1992
f 943 1986 1989
f 1995 1996 1999
f 1996 1997 2000
f 1998 1999 2002
f 1999 2000 2003
f 98 870 1995
f 870 869 1996
f 869 868 1997
f 868 117 1020
f 1997 1020 1019
f 2000 1019 1018
f 2003 1018 149
f 2002 2003 793
f 2001 2002 794
f 999 2001 795
f 998 1998 2001
f 997 1995 1998
f 2004 2005 2008
f 2005 2006 2009
f 2007 2008 2011
f 2008 2009 2012
f 117 879 2004
f 879 878 2005
f 878 877 2006
f 877 99 996
f 2006 996 995
f 2009 995 994
f 2012 994 131
f 2011 2012 784
f 2010 2011 785
f 1018 2010 786
f 1019 2007 2010
f 1020 2004 2007
f 2013 2014 2017
f 2014 2015 2018
f 2016 2017 2020
f 2017 2018 2021
f 114 888 2013
f 888 887 2014
f 887 886 2015
f 886 109 1015
f 2015 1015 1016
f 2018 1016 1017
f 2021 1017 141
f 2020 2021 775
f 2019 2020 776
f 972 2019 777
f 971 2016 2019
f 970 2013 2016
f 2022 2023 2026
f 2023 2024 2027
f 2025 2026 2029
f 2026 2027 2030
f 105 744 2022
f 744 743 2023
f 743 742 2024
f 742 106 1012
f 2024 1012 1013
f 2027 1013 1014
f 2030 1014 138
f 2029 2030 925
f 2028 2029 926
f 966 2028 927
f 965 2025 2028
f 964 2022 2025
f 2031 2032 2035
f 2032 2033 2036
f 2034 2035 2038
f 2035 2036 2039
f 124 759 2031
f 759 758 2032
f 758 757 2033
f 757 127 1002
f 2033 1002 1001
f 2036 1001 1000
f 2039 1000 158
f 2038 2039 898
f 2037 2038 899
f 1009 2037 900
f 1010 2034 2037
f 1011 2031 2034
f 2040 2041 2044
f 2041 2042 2045
f 2043 2044 2047
f 2044 2045 2048
f 126 826 2040
f 826 827 2041
f 827 828 2042
f 828 107 993
f 2042 993 992
f 2045 992 991
f 2048 991 139
f 2047 2048 840
f 2046 2047 839
f 1006 2046 838
f 1007 2043 2046
f 1008 2040 2043
f 2049 2050 2053
f 2050 2051 2054
f 2052 2053 2056
f 2053 2054 2057
f 101 909 2049
f 909 908 2050
f 908 907 2051
f 907 113 954
f 2051 954 953
f 2054 953 952
f 2057 952 145
f 2056 2057 769
f 2055 2056 770
f 1003 2055 771
f 1004 2052 2055
f 1005 2049 2052
f 2058 2059 2062
f 2059 2060 2063
f 2061 2062 2065
f 2062 2063 2066
f 121 918 2058
f 918 917 2059
f 917 916 2060
f 916 102 984
f 2060 984 983
f 2063 983 982
f 2066 982 134
f 2065 2066 760
f 2064 2065 761
f 951 2064 762
f 950 2061 2064
f 949 2058 2061
f 2067 2068 2071
f 2068 2069 2072
f 2070 2071 2074
f 2071 2072 2075
f 127 864 2067
f 864 863 2068
f 863 862 2069
f 862 98 997
f 2069 997 998
f 2072 998 999
f 2075 999 119
f 2074 2075 799
f 2073 2074 800
f 1000 2073 801
f 1001 2070 2073
f 1002 2067 2070
f 2076 2077 2080
f 2077 2078 2081
f 2079 2080 2083
f 2080 2081 2084
f 116 807 2076
f 807 806 2077
f 806 805 2078
f 805 128 969
f 2078 969 968
f 2081 968 967
f 2084 967 159
f 2083 2084 892
f 2082 2083 893
f 978 2082 894
f 977 2079 2082
f 976 2076 2079
f 2085 2086 2089
f 2086 2087 2090
f 2088 2089 2092
f 2089 2090 2093
f 99 873 2085
f 873 872 2086
f 872 871 2087
f 871 123 942
f 2087 942 941
f 2090 941 940
f 2093 940 154
f 2092 2093 790
f 2091 2092 791
f 994 2091 792
f 995 2088 2091
f 996 2085 2088
f 2094 2095 2098
f 2095 2096 2099
f 2097 2098 2101
f 2098 2099 2102
f 107 882 2094
f 882 881 2095
f 881 880 2096
f 880 122 990
f 2096 990 989
f 2099 989 988
f 2102 988 153
f 2101 2102 781
f 2100 2101 782
f 991 2100 783
f 992 2097 2100
f 993 2094 2097
f 2103 2104 2107
f 2104 2105 2108
f 2106 2107 2110
f 2107 2108 2111
f 122 891 2103
f 891 890 2104
f 890 889 2105
f 889 108 985
f 2105 985 986
f 2108 986 987
f 2111 987 140
f 2110 2111 772
f 2109 2110 773
f 988 2109 774
f 989 2106 2109
f 990 2103 2106
f 2112 2113 2116
f 2113 2114 2117
f 2115 2116 2119
f 2116 2117 2120
f 102 745 2112
f 745 746 2113
f 746 747 2114
f 747 103 963
f 2114 963 962
f 2117 962 961
f 2120 961 135
f 2119 2120 924
f 2118 2119 923
f 982 2118 922
f 983 2115 2118
f 984 2112 2115
f 2121 2122 2125
f 2122 2123 2126
f 2124 2125 2128
f 2125 2126 2129
f 112 813 2121
f 813 812 2122
f 812 811 2123
f 811 130 936
f 2123 936 935
f 2126 935 934
f 2129 934 161
f 2128 2129 850
f 2127 2128 851
f 939 2127 852
f 938 2124 2127
f 937 2121 2124
f 2130 2131 2134
f 2131 2132 2135
f 2133 2134 2137
f 2134 2135 2138
f 104 822 2130
f 822 821 2131
f 821 820 2132
f 820 116 976
f 2132 976 977
f 2135 977 978
f 2138 978 148
f 2137 2138 844
f 2136 2137 845
f 979 2136 846
f 980 2133 2136
f 981 2130 2133
f 2139 2140 2143
f 2140 2141 2144
f 2142 2143 2146
f 2143 2144 2147
f 118 753 2139
f 753 752 2140
f 752 751 2141
f 751 114 970
f 2141 970 971
f 2144 971 972
f 2147 972 146
f 2146 2147 904
f 2145 2146 905
f 973 2145 906
f 974 2142 2145
f 975 2139 2142
f 2148 2149 2152
f 2149 2150 2153
f 2151 2152 2155
f 2152 2153 2156
f 128 831 2148
f 831 830 2149
f 830 829 2150
f 829 105 964
f 2150 964 965
f 2153 965 966
f 2156 966 137
f 2155 2156 835
f 2154 2155 836
f 967 2154 837
f 968 2151 2154
f 969 2148 2151
f 2157 2158 2161
f 2158 2159 2162
f 2160 2161 2164
f 2161 2162 2165
f 103 912 2157
f 912 911 2158
f 911 910 2159
f 910 115 958
f 2159 958 959
f 2162 959 960
f 2165 960 147
f 2164 2165 766
f 2163 2164 767
f 961 2163 768
f 962 2160 2163
f 963 2157 2160
f 2166 2167 2170
f 2167 2168 2171
f 2169 2170 2173
f 2170 2171 2174
f 110 856 2166
f 856 857 2167
f 857 858 2168
f 858 125 948
f 2168 948 947
f 2171 947 946
f 2174 946 156
f 2173 2174 834
f 2172 2173 833
f 955 2172 832
f 956 2169 2172
f 957 2166 2169
f 2175 2176 2179
f 2176 2177 2180
f 2178 2179 2182
f 2179 2180 2183
f 113 804 2175
f 804 803 2176
f 803 802 2177
f 802 121 949
f 2177 949 950
f 2180 950 951
f 2183 951 152
f 2182 2183 895
f 2181 2182 896
f 952 2181 897
f 953 2178 2181
f 954 2175 2178
f 2184 2185 2188
f 2185 2186 2189
f 2187 2188 2191
f 2188 2189 2192
f 125 867 2184
f 867 866 2185
f 866 865 2186
f 865 111 943
f 2186 943 944
f 2189 944 945
f 2192 945 143
f 2191 2192 796
f 2190 2191 797
f 946 2190 798
f 947 2187 2190
f 948 2184 2187
f 2193 2194 2197
f 2194 2195 2198
f 2196 2197 2200
f 2197 2198 2201
f 123 810 2193
f 810 809 2194
f 809 808 2195
f 808 112 937
f 2195 937 938
f 2198 938 939
f 2201 939 144
f 2200 2201 853
f 2199 2200 854
f 940 2199 855
f 941 2196 2199
f 942 2193 2196
f 2202 2203 2206
f 2203 2204 2207
f 2205 2206 2209
f 2206 2207 2210
f 130 876 2202
f 876 875 2203
f 875 874 2204
f 874 100 931
f 2204 931 932
f 2207 932 933
f 2210 933 132
f 2209 2210 787
f 2208 2209 788
f 934 2208 789
f 935 2205 2208
f 936 2202 2205
f 2212 2213 2211
f 2214 2215 2211
f 2216 2217 2211
f 147 765 2212
f 765 764 2213
f 1035 2212 2217
f 136 1030 2214
f 1030 1031 2215
f 763 2214 2213
f 162 1033 2216
f 1033 1034 2217
f 1032 2216 2215
f 2219 2220 2218
f 2221 2222 2218
f 2223 2224 2218
f 159 837 2219
f 837 836 2220
f 1041 2219 2224
f 137 1036 2221
f 1036 1037 2222
f 835 2221 2220
f 162 1039 2223
f 1039 1040 2224
f 1038 2223 2222
f 2226 2227 2225
f 2228 2229 2225
f 2230 2231 2225
f 156 798 2226
f 798 797 2227
f 1047 2226 2231
f 143 1042 2228
f 1042 1043 2229
f 796 2228 2227
f 162 1045 2230
f 1045 1046 2231
f 1044 2230 2229
f 2233 2234 2232
f 2235 2236 2232
f 2237 2238 2232
f 145 897 2233
f 897 896 2234
f 1053 2233 2238
f 152 1048 2235
f 1048 1049 2236
f 895 2235 2234
f 162 1051 2237
f 1051 1052 2238
f 1050 2237 2236
f 2240 2241 2239
f 2242 2243 2239
f 2244 2245 2239
f 161 789 2240
f 789 788 2241
f 1059 2240 2245
f 132 1054 2242
f 1054 1055 2243
f 787 2242 2241
f 162 1057 2244
f 1057 1058 2245
f 1056 2244 2243
f 2247 2248 2246
f 2249 2250 2246
f 2251 2252 2246
f 134 922 2247
f 922 923 2248
f 1065 2247 2252
f 135 1060 2249
f 1060 1061 2250
f 924 2249 2248
f 162 1063 2251
f 1063 1064 2252
f 1062 2251 2250
f 2254 2255 2253
f 2256 2257 2253
f 2258 2259 2253
f 140 780 2254
f 780 779 2255
f 1071 2254 2259
f 160 1066 2256
f 1066 1067 2257
f 778 2256 2255
f 162 1069 2258
f 1069 1070 2259
f 1068 2258 2257
f 2261 2262 2260
f 2263 2264 2260
f 2265 2266 2260
f 144 852 2261
f 852 851 2262
f 1074 2261 2266
f 161 1059 2263
f 1059 1058 2264
f 850 2263 2262
f 162 1072 2265
f 1072 1073 2266
f 1057 2265 2264
f 2268 2269 2267
f 2270 2271 2267
f 2272 2273 2267
f 133 771 2268
f 771 770 2269
f 1077 2268 2273
f 145 1053 2270
f 1053 1052 2271
f 769 2270 2269
f 162 1075 2272
f 1075 1076 2273
f 1051 2272 2271
f 2275 2276 2274
f 2277 2278 2274
f 2279 2280 2274
f 138 843 2275
f 843 842 2276
f 1083 2275 2280
f 157 1078 2277
f 1078 1079 2278
f 841 2277 2276
f 162 1081 2279
f 1081 1082 2280
f 1080 2279 2278
f 2282 2283 2281
f 2284 2285 2281
f 2286 2287 2281
f 152 762 2282
f 762 761 2283
f 1048 2282 2287
f 134 1065 2284
f 1065 1064 2285
f 760 2284 2283
f 162 1050 2286
f 1050 1049 2287
f 1063 2286 2285
f 2289 2290 2288
f 2291 2292 2288
f 2293 2294 2288
f 142 832 2289
f 832 833 2290
f 1086 2289 2294
f 156 1047 2291
f 1047 1046 2292
f 834 2291 2290
f 162 1084 2293
f 1084 1085 2294
f 1045 2293 2292
f 2296 2297 2295
f 2298 2299 2295
f 2300 2301 2295
f 143 819 2296
f 819 818 2297
f 1042 2296 2301
f 151 1087 2298
f 1087 1088 2299
f 817 2298 2297
f 162 1044 2300
f 1044 1043 2301
f 1089 2300 2299
f 2303 2304 2302
f 2305 2306 2302
f 2307 2308 2302
f 151 903 2303
f 903 902 2304
f 1087 2303 2308
f 155 1090 2305
f 1090 1091 2306
f 901 2305 2304
f 162 1089 2307
f 1089 1088 2308
f 1092 2307 2306
f 2310 2311 2309
f 2312 2313 2309
f 2314 2315 2309
f 148 894 2310
f 894 893 2311
f 1095 2310 2315
f 159 1041 2312
f 1041 1040 2313
f 892 2312 2311
f 162 1093 2314
f 1093 1094 2315
f 1039 2314 2313
f 2317 2318 2316
f 2319 2320 2316
f 2321 2322 2316
f 119 795 2317
f 795 794 2318
f 1029 2317 2322
f 149 1096 2319
f 1096 1097 2320
f 793 2319 2318
f 162 1027 2321
f 1027 1028 2322
f 1098 2321 2320
f 2324 2325 2323
f 2326 2327 2323
f 2328 2329 2323
f 141 930 2324
f 930 929 2325
f 1101 2324 2329
f 142 1086 2326
f 1086 1085 2327
f 928 2326 2325
f 162 1099 2328
f 1099 1100 2329
f 1084 2328 2327
f 2331 2332 2330
f 2333 2334 2330
f 2335 2336 2330
f 149 786 2331
f 786 785 2332
f 1096 2331 2336
f 131 1102 2333
f 1102 1103 2334
f 784 2333 2332
f 162 1098 2335
f 1098 1097 2336
f 1104 2335 2334
f 2338 2339 2337
f 2340 2341 2337
f 2342 2343 2337
f 132 919 2338
f 919 920 2339
f 1054 2338 2343
f 133 1077 2340
f 1077 1076 2341
f 921 2340 2339
f 162 1056 2342
f 1056 1055 2343
f 1075 2342 2341
f 2345 2346 2344
f 2347 2348 2344
f 2349 2350 2344
f 146 777 2345
f 777 776 2346
f 1107 2345 2350
f 141 1101 2347
f 1101 1100 2348
f 775 2347 2346
f 162 1105 2349
f 1105 1106 2350
f 1099 2349 2348
f 2352 2353 2351
f 2354 2355 2351
f 2356 2357 2351
f 160 849 2352
f 849 848 2353
f 1066 2352 2357
f 150 1108 2354
f 1108 1109 2355
f 847 2354 2353
f 162 1068 2356
f 1068 1067 2357
f 1110 2356 2355
f 2359 2360 2358
f 2361 2362 2358
f 2363 2364 2358
f 135 768 2359
f 768 767 2360
f 1060 2359 2364
f 147 1035 2361
f 1035 1034 2362
f 766 2361 2360
f 162 1062 2363
f 1062 1061 2364
f 1033 2363 2362
f 2366 2367 2365
f 2368 2369 2365
f 2370 2371 2365
f 157 838 2366
f 838 839 2367
f 1078 2366 2371
f 139 1111 2368
f 1111 1112 2369
f 840 2368 2367
f 162 1080 2370
f 1080 1079 2371
f 1113 2370 2369
f 2373 2374 2372
f 2375 2376 2372
f 2377 2378 2372
f 150 906 2373
f 906 905 2374
f 1108 2373 2378
f 146 1107 2375
f 1107 1106 2376
f 904 2375 2374
f 162 1110 2377
f 1110 1109 2378
f 1105 2377 2376
f 2380 2381 2379
f 2382 2383 2379
f 2384 2385 2379
f 158 801 2380
f 801 800 2381
f 1116 2380 2385
f 119 1029 2382
f 1029 1028 2383
f 799 2382 2381
f 162 1114 2384
f 1114 1115 2385
f 1027 2384 2383
f 2387 2388 2386
f 2389 2390 2386
f 2391 2392 2386
f 155 900 2387
f 900 899 2388
f 1090 2387 2392
f 158 1116 2389
f 1116 1115 2390
f 898 2389 2388
f 162 1092 2391
f 1092 1091 2392
f 1114 2391 2390
f 2394 2395 2393
f 2396 2397 2393
f 2398 2399 2393
f 131 792 2394
f 792 791 2395
f 1102 2394 2399
f 154 1117 2396
f 1117 1118 2397
f 790 2396 2395
f 162 1104 2398
f 1104 1103 2399
f 1119 2398 2397
f 2401 2402 2400
f 2403 2404 2400
f 2405 2406 2400
f 137 927 2401
f 927 926 2402
f 1036 2401 2406
f 138 1083 2403
f 1083 1082 2404
f 925 2403 2402
f 162 1038 2405
f 1038 1037 2406
f 1081 2405 2404
f 2408 2409 2407
f 2410 2411 2407
f 2412 2413 2407
f 139 783 2408
f 783 782 2409
f 1111 2408 2413
f 153 1120 2410
f 1120 1121 2411
f 781 2410 2409
f 162 1113 2412
f 1113 1112 2413
f 1122 2412 2411
f 2415 2416 2414
f 2417 2418 2414
f 2419 2420 2414
f 154 855 2415
f 855 854 2416
f 1117 2415 2420
f 144 1074 2417
f 1074 1073 2418
f 853 2417 2416
f 162 1119 2419
f 1119 1118 2420
f 1072 2419 2418
f 2422 2423 2421
f 2424 2425 2421
f 2426 2427 2421
f 153 774 2422
f 774 773 2423
f 1120 2422 2427
f 140 1071 2424
f 1071 1070 2425
f 772 2424 2423
f 162 1122 2426
f 1122 1121 2427
f 1069 2426 2425
f 2429 2430 2428
f 2431 2432 2428
f 2433 2434 2428
f 136 846 2429
f 846 845 2430
f 1030 2429 2434
f 148 1095 2431
f 1095 1094 2432
f 844 2431 2430
f 162 1032 2433
f 1032 1031 2434
f 1093 2433 2432
f 1127 1126 1123
f 1128 1127 1124
f 1130 1129 1126
f 1131 1130 1127
f 1123 238 8
f 1124 1123 261
f 1125 1124 260
f 357 1125 259
f 356 1128 1125
f 355 1131 1128
f 33 292 1131
f 292 293 1130
f 293 294 1129
f 294 7 240
f 1129 240 239
f 1126 239 238
f 1136 1135 1132
f 1137 1136 1133
f 1139 1138 1135
f 1140 1139 1136
f 1132 163 1
f 1133 1132 264
f 1134 1133 263
f 360 1134 262
f 359 1137 1134
f 358 1140 1137
f 35 295 1140
f 295 296 1139
f 296 297 1138
f 297 32 165
f 1138 165 164
f 1135 164 163
f 1145 1144 1141
f 1146 1145 1142
f 1148 1147 1144
f 1149 1148 1145
f 1141 184 26
f 1142 1141 267
f 1143 1142 266
f 363 1143 265
f 362 1146 1143
f 361 1149 1146
f 37 298 1149
f 298 299 1148
f 299 300 1147
f 300 25 186
f 1147 186 185
f 1144 185 184
f 1154 1153 1150
f 1155 1154 1151
f 1157 1156 1153
f 1158 1157 1154
f 1150 175 29
f 1151 1150 270
f 1152 1151 269
f 366 1152 268
f 365 1155 1152
f 364 1158 1155
f 39 301 1158
f 301 302 1157
f 302 303 1156
f 303 28 177
f 1156 177 176
f 1153 176 175
f 1163 1162 1159
f 1164 1163 1160
f 1166 1165 1162
f 1167 1166 1163
f 1159 223 13
f 1160 1159 273
f 1161 1160 272
f 369 1161 271
f 368 1164 1161
f 367 1167 1164
f 41 304 1167
f 304 305 1166
f 305 306 1165
f 306 12 225
f 1165 225 224
f 1162 224 223
f 1172 1171 1168
f 1173 1172 1169
f 1175 1174 1171
f 1176 1175 1172
f 1168 166 32
f 1169 1168 297
f 1170 1169 296
f 372 1170 295
f 371 1173 1170
f 370 1176 1173
f 43 307 1176
f 307 308 1175
f 308 309 1174
f 309 31 168
f 1174 168 167
f 1171 167 166
f 1181 1180 1177
f 1182 1181 1178
f 1184 1183 1180
f 1185 1184 1181
f 1177 214 16
f 1178 1177 276
f 1179 1178 275
f 375 1179 274
f 374 1182 1179
f 373 1185 1182
f 44 310 1185
f 310 311 1184
f 311 312 1183
f 312 15 216
f 1183 216 215
f 1180 215 214
f 1190 1189 1186
f 1191 1190 1187
f 1193 1192 1189
f 1194 1193 1190
f 1186 205 19
f 1187 1186 279
f 1188 1187 278
f 378 1188 277
f 377 1191 1188
f 376 1194 1191
f 46 313 1194
f 313 314 1193
f 314 315 1192
f 315 18 207
f 1192 207 206
f 1189 206 205
f 1199 1198 1195
f 1200 1199 1196
f 1202 1201 1198
f 1203 1202 1199
f 1195 250 4
f 1196 1195 282
f 1197 1196 281
f 381 1197 280
f 380 1200 1197
f 379 1203 1200
f 48 316 1203
f 316 317 1202
f 317 318 1201
f 318 3 252
f 1201 252 251
f 1198 251 250
f 1208 1207 1204
f 1209 1208 1205
f 1211 1210 1207
f 1212 1211 1208
f 1204 196 22
f 1205 1204 285
f 1206 1205 284
f 384 1206 283
f 383 1209 1206
f 382 1212 1209
f 50 319 1212
f 319 320 1211
f 320 321 1210
f 321 21 198
f 1210 198 197
f 1207 197 196
f 1217 1216 1213
f 1218 1217 1214
f 1220 1219 1216
f 1221 1220 1217
f 1213 241 7
f 1214 1213 294
f 1215 1214 293
f 387 1215 292
f 386 1218 1215
f 385 1221 1218
f 52 322 1221
f 322 323 1220
f 323 324 1219
f 324 6 243
f 1219 243 242
f 1216 242 241
f 1226 1225 1222
f 1227 1226 1223
f 1229 1228 1225
f 1230 1229 1226
f 1222 187 25
f 1223 1222 300
f 1224 1223 299
f 390 1224 298
f 389 1227 1224
f 388 1230 1227
f 53 325 1230
f 325 326 1229
f 326 327 1228
f 327 24 189
f 1228 189 188
f 1225 188 187
f 1235 1234 1231
f 1236 1235 1232
f 1238 1237 1234
f 1239 1238 1235
f 1231 234 10
f 1232 1231 288
f 1233 1232 287
f 393 1233 286
f 392 1236 1233
f 391 1239 1236
f 54 328 1239
f 328 329 1238
f 329 330 1237
f 330 9 232
f 1237 232 233
f 1234 233 234
f 1244 1243 1240
f 1245 1244 1241
f 1247 1246 1243
f 1248 1247 1244
f 1240 178 28
f 1241 1240 303
f 1242 1241 302
f 396 1242 301
f 395 1245 1242
f 394 1248 1245
f 56 331 1248
f 331 332 1247
f 332 333 1246
f 333 27 180
f 1246 180 179
f 1243 179 178
f 1253 1252 1249
f 1254 1253 1250
f 1256 1255 1252
f 1257 1256 1253
f 1249 226 12
f 1250 1249 306
f 1251 1250 305
f 399 1251 304
f 398 1254 1251
f 397 1257 1254
f 57 334 1257
f 334 335 1256
f 335 336 1255
f 336 11 228
f 1255 228 227
f 1252 227 226
f 1262 1261 1258
f 1263 1262 1259
f 1265 1264 1261
f 1266 1265 1262
f 1258 171 31
f 1259 1258 309
f 1260 1259 308
f 402 1260 307
f 401 1263 1260
f 400 1266 1263
f 58 337 1266
f 337 338 1265
f 338 339 1264
f 339 30 169
f 1264 169 170
f 1261 170 171
f 1271 1270 1267
f 1272 1271 1268
f 1274 1273 1270
f 1275 1274 1271
f 1267 217 15
f 1268 1267 312
f 1269 1268 311
f 405 1269 310
f 404 1272 1269
f 403 1275 1272
f 59 340 1275
f 340 341 1274
f 341 342 1273
f 342 14 219
f 1273 219 218
f 1270 218 217
f 1280 1279 1276
f 1281 1280 1277
f 1283 1282 1279
f 1284 1283 1280
f 1276 208 18
f 1277 1276 315
f 1278 1277 314
f 408 1278 313
f 407 1281 1278
f 406 1284 1281
f 60 343 1284
f 343 344 1283
f 344 345 1282
f 345 17 210
f 1282 210 209
f 1279 209 208
f 1289 1288 1285
f 1290 1289 1286
f 1292 1291 1288
f 1293 1292 1289
f 1285 256 2
f 1286 1285 291
f 1287 1286 290
f 411 1287 289
f 410 1290 1287
f 409 1293 1290
f 36 262 1293
f 262 263 1292
f 263 264 1291
f 264 1 258
f 1291 258 257
f 1288 257 256
f 1298 1297 1294
f 1299 1298 1295
f 1301 1300 1297
f 1302 1301 1298
f 1294 253 3
f 1295 1294 318
f 1296 1295 317
f 414 1296 316
f 413 1299 1296
f 412 1302 1299
f 61 289 1302
f 289 290 1301
f 290 291 1300
f 291 2 255
f 1300 255 254
f 1297 254 253
f 1307 1306 1303
f 1308 1307 1304
f 1310 1309 1306
f 1311 1310 1307
f 1303 199 21
f 1304 1303 321
f 1305 1304 320
f 417 1305 319
f 416 1308 1305
f 415 1311 1308
f 62 346 1311
f 346 347 1310
f 347 348 1309
f 348 20 201
f 1309 201 200
f 1306 200 199
f 1316 1315 1312
f 1317 1316 1313
f 1319 1318 1315
f 1320 1319 1316
f 1312 246 6
f 1313 1312 324
f 1314 1313 323
f 420 1314 322
f 419 1317 1314
f 418 1320 1317
f 63 349 1320
f 349 350 1319
f 350 351 1318
f 351 5 244
f 1318 244 245
f 1315 245 246
f 1325 1324 1321
f 1326 1325 1322
f 1328 1327 1324
f 1329 1328 1325
f 1321 190 24
f 1322 1321 327
f 1323 1322 326
f 423 1323 325
f 422 1326 1323
f 421 1329 1326
f 64 352 1329
f 352 353 1328
f 353 354 1327
f 354 23 192
f 1327 192 191
f 1324 191 190
f 1334 1333 1330
f 1335 1334 1331
f 1337 1336 1333
f 1338 1337 1334
f 1330 235 9
f 1331 1330 330
f 1332 1331 329
f 426 1332 328
f 425 1335 1332
f 424 1338 1335
f 34 259 1338
f 259 260 1337
f 260 261 1336
f 261 8 237
f 1336 237 236
f 1333 236 235
f 1343 1342 1339
f 1344 1343 1340
f 1346 1345 1342
f 1347 1346 1343
f 1339 183 27
f 1340 1339 333
f 1341 1340 332
f 429 1341 331
f 428 1344 1341
f 427 1347 1344
f 38 265 1347
f 265 266 1346
f 266 267 1345
f 267 26 181
f 1345 181 182
f 1342 182 183
f 1352 1351 1348
f 1353 1352 1349
f 1355 1354 1351
f 1356 1355 1352
f 1348 229 11
f 1349 1348 336
f 1350 1349 335
f 432 1350 334
f 431 1353 1350
f 430 1356 1353
f 55 286 1356
f 286 287 1355
f 287 288 1354
f 288 10 231
f 1354 231 230
f 1351 230 229
f 1361 1360 1357
f 1362 1361 1358
f 1364 1363 1360
f 1365 1364 1361
f 1357 172 30
f 1358 1357 339
f 1359 1358 338
f 435 1359 337
f 434 1362 1359
f 433 1365 1362
f 40 268 1365
f 268 269 1364
f 269 270 1363
f 270 29 174
f 1363 174 173
f 1360 173 172
f 1370 1369 1366
f 1371 1370 1367
f 1373 1372 1369
f 1374 1373 1370
f 1366 220 14
f 1367 1366 342
f 1368 1367 341
f 438 1368 340
f 437 1371 1368
f 436 1374 1371
f 42 271 1374
f 271 272 1373
f 272 273 1372
f 273 13 222
f 1372 222 221
f 1369 221 220
f 1379 1378 1375
f 1380 1379 1376
f 1382 1381 1378
f 1383 1382 1379
f 1375 211 17
f 1376 1375 345
f 1377 1376 344
f 441 1377 343
f 440 1380 1377
f 439 1383 1380
f 45 274 1383
f 274 275 1382
f 275 276 1381
f 276 16 213
f 1381 213 212
f 1378 212 211
f 1388 1387 1384
f 1389 1388 1385
f 1391 1390 1387
f 1392 1391 1388
f 1384 202 20
f 1385 1384 348
f 1386 1385 347
f 444 1386 346
f 443 1389 1386
f 442 1392 1389
f 47 277 1392
f 277 278 1391
f 278 279 1390
f 279 19 204
f 1390 204 203
f 1387 203 202
f 1397 1396 1393
f 1398 1397 1394
f 1400 1399 1396
f 1401 1400 1397
f 1393 247 5
f 1394 1393 351
f 1395 1394 350
f 447 1395 349
f 446 1398 1395
f 445 1401 1398
f 49 280 1401
f 280 281 1400
f 281 282 1399
f 282 4 249
f 1399 249 248
f 1396 248 247
f 1406 1405 1402
f 1407 1406 1403
f 1409 1408 1405
f 1410 1409 1406
f 1402 195 23
f 1403 1402 354
f 1404 1403 353
f 450 1404 352
f 449 1407 1404
f 448 1410 1407
f 51 283 1410
f 283 284 1409
f 284 285 1408
f 285 22 193
f 1408 193 194
f 1405 194 195
f 1415 1414 1411
f 1416 1415 1412
f 1418 1417 1414
f 1419 1418 1415
f 1411 180 27
f 1412 1411 640
f 1413 1412 641
f 531 1413 642
f 530 1416 1413
f 529 1419 1416
f 92 610 1419
f 610 611 1418
f 611 612 1417
f 612 28 178
f 1417 178 179
f 1414 179 180
f 1424 1423 1420
f 1425 1424 1421
f 1427 1426 1423
f 1428 1427 1424
f 1420 189 24
f 1421 1420 637
f 1422 1421 638
f 522 1422 639
f 521 1425 1422
f 520 1428 1425
f 89 604 1428
f 604 605 1427
f 605 606 1426
f 606 25 187
f 1426 187 188
f 1423 188 189
f 1433 1432 1429
f 1434 1433 1430
f 1436 1435 1432
f 1437 1436 1433
f 1429 198 21
f 1430 1429 634
f 1431 1430 635
f 513 1431 636
f 512 1434 1431
f 511 1437 1434
f 86 598 1437
f 598 599 1436
f 599 600 1435
f 600 22 196
f 1435 196 197
f 1432 197 198
f 1442 1441 1438
f 1443 1442 1439
f 1445 1444 1441
f 1446 1445 1442
f 1438 207 18
f 1439 1438 631
f 1440 1439 632
f 504 1440 633
f 503 1443 1440
f 502 1446 1443
f 83 592 1446
f 592 593 1445
f 593 594 1444
f 594 19 205
f 1444 205 206
f 1441 206 207
f 1451 1450 1447
f 1452 1451 1448
f 1454 1453 1450
f 1455 1454 1451
f 1447 216 15
f 1448 1447 628
f 1449 1448 629
f 495 1449 630
f 494 1452 1449
f 493 1455 1452
f 80 586 1455
f 586 587 1454
f 587 588 1453
f 588 16 214
f 1453 214 215
f 1450 215 216
f 1460 1459 1456
f 1461 1460 1457
f 1463 1462 1459
f 1464 1463 1460
f 1456 225 12
f 1457 1456 625
f 1458 1457 626
f 486 1458 627
f 485 1461 1458
f 484 1464 1461
f 77 580 1464
f 580 581 1463
f 581 582 1462
f 582 13 223
f 1462 223 224
f 1459 224 225
f 1469 1468 1465
f 1470 1469 1466
f 1472 1471 1468
f 1473 1472 1469
f 1465 232 9
f 1466 1465 622
f 1467 1466 623
f 475 1467 624
f 476 1470 1467
f 477 1473 1470
f 74 574 1473
f 574 575 1472
f 575 576 1471
f 576 10 234
f 1471 234 233
f 1468 233 232
f 1478 1477 1474
f 1479 1478 1475
f 1481 1480 1477
f 1482 1481 1478
f 1474 243 6
f 1475 1474 619
f 1476 1475 620
f 468 1476 621
f 467 1479 1476
f 466 1482 1479
f 71 568 1482
f 568 569 1481
f 569 570 1480
f 570 7 241
f 1480 241 242
f 1477 242 243
f 1487 1486 1483
f 1488 1487 1484
f 1490 1489 1486
f 1491 1490 1487
f 1483 252 3
f 1484 1483 616
f 1485 1484 617
f 459 1485 618
f 458 1488 1485
f 457 1491 1488
f 68 562 1491
f 562 563 1490
f 563 564 1489
f 564 4 250
f 1489 250 251
f 1486 251 252
f 1496 1495 1492
f 1497 1496 1493
f 1499 1498 1495
f 1500 1499 1496
f 1492 165 32
f 1493 1492 613
f 1494 1493 614
f 546 1494 615
f 545 1497 1494
f 544 1500 1497
f 65 556 1500
f 556 557 1499
f 557 558 1498
f 558 1 163
f 1498 163 164
f 1495 164 165
f 1505 1504 1501
f 1506 1505 1502
f 1508 1507 1504
f 1509 1508 1505
f 1501 174 29
f 1502 1501 607
f 1503 1502 608
f 537 1503 609
f 536 1506 1503
f 535 1509 1506
f 94 550 1509
f 550 551 1508
f 551 552 1507
f 552 30 172
f 1507 172 173
f 1504 173 174
f 1514 1513 1510
f 1515 1514 1511
f 1517 1516 1513
f 1518 1517 1514
f 1510 181 26
f 1511 1510 601
f 1512 1511 602
f 526 1512 603
f 527 1515 1512
f 528 1518 1515
f 91 642 1518
f 642 641 1517
f 641 640 1516
f 640 27 183
f 1516 183 182
f 1513 182 181
f 1523 1522 1519
f 1524 1523 1520
f 1526 1525 1522
f 1527 1526 1523
f 1519 192 23
f 1520 1519 595
f 1521 1520 596
f 519 1521 597
f 518 1524 1521
f 517 1527 1524
f 88 639 1527
f 639 638 1526
f 638 637 1525
f 637 24 190
f 1525 190 191
f 1522 191 192
f 1532 1531 1528
f 1533 1532 1529
f 1535 1534 1531
f 1536 1535 1532
f 1528 201 20
f 1529 1528 589
f 1530 1529 590
f 510 1530 591
f 509 1533 1530
f 508 1536 1533
f 85 636 1536
f 636 635 1535
f 635 634 1534
f 634 21 199
f 1534 199 200
f 1531 200 201
f 1541 1540 1537
f 1542 1541 1538
f 1544 1543 1540
f 1545 1544 1541
f 1537 210 17
f 1538 1537 583
f 1539 1538 584
f 501 1539 585
f 500 1542 1539
f 499 1545 1542
f 82 633 1545
f 633 632 1544
f 632 631 1543
f 631 18 208
f 1543 208 209
f 1540 209 210
f 1550 1549 1546
f 1551 1550 1547
f 1553 1552 1549
f 1554 1553 1550
f 1546 219 14
f 1547 1546 577
f 1548 1547 578
f 492 1548 579
f 491 1551 1548
f 490 1554 1551
f 79 630 1554
f 630 629 1553
f 629 628 1552
f 628 15 217
f 1552 217 218
f 1549 218 219
f 1559 1558 1555
f 1560 1559 1556
f 1562 1561 1558
f 1563 1562 1559
f 1555 228 11
f 1556 1555 571
f 1557 1556 572
f 483 1557 573
f 482 1560 1557
f 481 1563 1560
f 76 627 1563
f 627 626 1562
f 626 625 1561
f 625 12 226
f 1561 226 227
f 1558 227 228
f 1568 1567 1564
f 1569 1568 1565
f 1571 1570 1567
f 1572 1571 1568
f 1564 237 8
f 1565 1564 565
f 1566 1565 566
f 474 1566 567
f 473 1569 1566
f 472 1572 1569
f 73 624 1572
f 624 623 1571
f 623 622 1570
f 622 9 235
f 1570 235 236
f 1567 236 237
f 1577 1576 1573
f 1578 1577 1574
f 1580 1579 1576
f 1581 1580 1577
f 1573 244 5
f 1574 1573 559
f 1575 1574 560
f 463 1575 561
f 464 1578 1575
f 465 1581 1578
f 70 621 1581
f 621 620 1580
f 620 619 1579
f 619 6 246
f 1579 246 245
f 1576 245 244
f 1586 1585 1582
f 1587 1586 1583
f 1589 1588 1585
f 1590 1589 1586
f 1582 255 2
f 1583 1582 553
f 1584 1583 554
f 456 1584 555
f 455 1587 1584
f 454 1590 1587
f 67 618 1590
f 618 617 1589
f 617 616 1588
f 616 3 253
f 1588 253 254
f 1585 254 255
f 1595 1594 1591
f 1596 1595 1592
f 1598 1597 1594
f 1599 1598 1595
f 1591 168 31
f 1592 1591 547
f 1593 1592 548
f 543 1593 549
f 542 1596 1593
f 541 1599 1596
f 96 615 1599
f 615 614 1598
f 614 613 1597
f 613 32 166
f 1597 166 167
f 1594 167 168
f 1604 1603 1600
f 1605 1604 1601
f 1607 1606 1603
f 1608 1607 1604
f 1600 177 28
f 1601 1600 612
f 1602 1601 611
f 534 1602 610
f 533 1605 1602
f 532 1608 1605
f 93 609 1608
f 609 608 1607
f 608 607 1606
f 607 29 175
f 1606 175 176
f 1603 176 177
f 1613 1612 1609
f 1614 1613 1610
f 1616 1615 1612
f 1617 1616 1613
f 1609 186 25
f 1610 1609 606
f 1611 1610 605
f 525 1611 604
f 524 1614 1611
f 523 1617 1614
f 90 603 1617
f 603 602 1616
f 602 601 1615
f 601 26 184
f 1615 184 185
f 1612 185 186
f 1622 1621 1618
f 1623 1622 1619
f 1625 1624 1621
f 1626 1625 1622
f 1618 193 22
f 1619 1618 600
f 1620 1619 599
f 514 1620 598
f 515 1623 1620
f 516 1626 1623
f 87 597 1626
f 597 596 1625
f 596 595 1624
f 595 23 195
f 1624 195 194
f 1621 194 193
f 1631 1630 1627
f 1632 1631 1628
f 1634 1633 1630
f 1635 1634 1631
f 1627 204 19
f 1628 1627 594
f 1629 1628 593
f 507 1629 592
f 506 1632 1629
f 505 1635 1632
f 84 591 1635
f 591 590 1634
f 590 589 1633
f 589 20 202
f 1633 202 203
f 1630 203 204
f 1640 1639 1636
f 1641 1640 1637
f 1643 1642 1639
f 1644 1643 1640
f 1636 213 16
f 1637 1636 588
f 1638 1637 587
f 498 1638 586
f 497 1641 1638
f 496 1644 1641
f 81 585 1644
f 585 584 1643
f 584 583 1642
f 583 17 211
f 1642 211 212
f 1639 212 213
f 1649 1648 1645
f 1650 1649 1646
f 1652 1651 1648
f 1653 1652 1649
f 1645 222 13
f 1646 1645 582
f 1647 1646 581
f 489 1647 580
f 488 1650 1647
f 487 1653 1650
f 78 579 1653
f 579 578 1652
f 578 577 1651
f 577 14 220
f 1651 220 221
f 1648 221 222
f 1658 1657 1654
f 1659 1658 1655
f 1661 1660 1657
f 1662 1661 1658
f 1654 231 10
f 1655 1654 576
f 1656 1655 575
f 480 1656 574
f 479 1659 1656
f 478 1662 1659
f 75 573 1662
f 573 572 1661
f 572 571 1660
f 571 11 229
f 1660 229 230
f 1657 230 231
f 1667 1666 1663
f 1668 1667 1664
f 1670 1669 1666
f 1671 1670 1667
f 1663 240 7
f 1664 1663 570
f 1665 1664 569
f 471 1665 568
f 470 1668 1665
f 469 1671 1668
f 72 567 1671
f 567 566 1670
f 566 565 1669
f 565 8 238
f 1669 238 239
f 1666 239 240
f 1676 1675 1672
f 1677 1676 1673
f 1679 1678 1675
f 1680 1679 1676
f 1672 249 4
f 1673 1672 564
f 1674 1673 563
f 462 1674 562
f 461 1677 1674
f 460 1680 1677
f 69 561 1680
f 561 560 1679
f 560 559 1678
f 559 5 247
f 1678 247 248
f 1675 248 249
f 1685 1684 1681
f 1686 1685 1682
f 1688 1687 1684
f 1689 1688 1685
f 1681 258 1
f 1682 1681 558
f 1683 1682 557
f 453 1683 556
f 452 1686 1683
f 451 1689 1686
f 66 555 1689
f 555 554 1688
f 554 553 1687
f 553 2 256
f 1687 256 257
f 1684 257 258
f 1694 1693 1690
f 1695 1694 1691
f 1697 1696 1693
f 1698 1697 1694
f 1690 169 30
f 1691 1690 552
f 1692 1691 551
f 538 1692 550
f 539 1695 1692
f 540 1698 1695
f 95 549 1698
f 549 548 1697
f 548 547 1696
f 547 31 171
f 1696 171 170
f 1693 170 169
f 1699 1705 1700
f 1699 1701 1702
f 1699 1703 1704
f 1700 468 70
f 1701 1700 651
f 1705 467 468
f 1702 649 97
f 1703 1702 648
f 1701 650 649
f 1704 646 71
f 1705 1704 466
f 1703 647 646
f 1706 1712 1707
f 1706 1708 1709
f 1706 1710 1711
f 1707 459 67
f 1708 1707 657
f 1712 458 459
f 1709 655 97
f 1710 1709 654
f 1708 656 655
f 1711 652 68
f 1712 1711 457
f 1710 653 652
f 1713 1719 1714
f 1713 1715 1716
f 1713 1717 1718
f 1714 546 96
f 1715 1714 660
f 1719 545 546
f 1716 658 97
f 1717 1716 645
f 1715 659 658
f 1718 643 65
f 1719 1718 544
f 1717 644 643
f 1720 1726 1721
f 1720 1722 1723
f 1720 1724 1725
f 1721 537 93
f 1722 1721 666
f 1726 536 537
f 1723 664 97
f 1724 1723 663
f 1722 665 664
f 1725 661 94
f 1726 1725 535
f 1724 662 661
f 1727 1733 1728
f 1727 1729 1730
f 1727 1731 1732
f 1728 526 90
f 1729 1728 672
f 1733 527 526
f 1730 670 97
f 1731 1730 669
f 1729 671 670
f 1732 667 91
f 1733 1732 528
f 1731 668 667
f 1734 1740 1735
f 1734 1736 1737
f 1734 1738 1739
f 1735 519 87
f 1736 1735 678
f 1740 518 519
f 1737 676 97
f 1738 1737 675
f 1736 677 676
f 1739 673 88
f 1740 1739 517
f 1738 674 673
f 1741 1747 1742
f 1741 1743 1744
f 1741 1745 1746
f 1742 510 84
f 1743 1742 684
f 1747 509 510
f 1744 682 97
f 1745 1744 681
f 1743 683 682
f 1746 679 85
f 1747 1746 508
f 1745 680 679
f 1748 1754 1749
f 1748 1750 1751
f 1748 1752 1753
f 1749 501 81
f 1750 1749 690
f 1754 500 501
f 1751 688 97
f 1752 1751 687
f 1750 689 688
f 1753 685 82
f 1754 1753 499
f 1752 686 685
f 1755 1761 1756
f 1755 1757 1758
f 1755 1759 1760
f 1756 492 78
f 1757 1756 696
f 1761 491 492
f 1758 694 97
f 1759 1758 693
f 1757 695 694
f 1760 691 79
f 1761 1760 490
f 1759 692 691
f 1762 1768 1763
f 1762 1764 1765
f 1762 1766 1767
f 1763 483 75
f 1764 1763 702
f 1768 482 483
f 1765 700 97
f 1766 1765 699
f 1764 701 700
f 1767 697 76
f 1768 1767 481
f 1766 698 697
f 1769 1775 1770
f 1769 1771 1772
f 1769 1773 1774
f 1770 474 72
f 1771 1770 708
f 1775 473 474
f 1772 706 97
f 1773 1772 705
f 1771 707 706
f 1774 703 73
f 1775 1774 472
f 1773 704 703
f 1776 1782 1777
f 1776 1778 1779
f 1776 1780 1781
f 1777 463 69
f 1778 1777 711
f 1782 464 463
f 1779 709 97
f 1780 1779 649
f 1778 710 709
f 1781 651 70
f 1782 1781 465
f 1780 650 651
f 1783 1789 1784
f 1783 1785 1786
f 1783 1787 1788
f 1784 456 66
f 1785 1784 714
f 1789 455 456
f 1786 712 97
f 1787 1786 655
f 1785 713 712
f 1788 657 67
f 1789 1788 454
f 1787 656 657
f 1790 1796 1791
f 1790 1792 1793
f 1790 1794 1795
f 1791 543 95
f 1792 1791 717
f 1796 542 543
f 1793 715 97
f 1794 1793 658
f 1792 716 715
f 1795 660 96
f 1796 1795 541
f 1794 659 660
f 1797 1803 1798
f 1797 1799 1800
f 1797 1801 1802
f 1798 534 92
f 1799 1798 720
f 1803 533 534
f 1800 718 97
f 1801 1800 664
f 1799 719 718
f 1802 666 93
f 1803 1802 532
f 1801 665 666
f 1804 1810 1805
f 1804 1806 1807
f 1804 1808 1809
f 1805 525 89
f 1806 1805 723
f 1810 524 525
f 1807 721 97
f 1808 1807 670
f 1806 722 721
f 1809 672 90
f 1810 1809 523
f 1808 671 672
f 1811 1817 1812
f 1811 1813 1814
f 1811 1815 1816
f 1812 514 86
f 1813 1812 726
f 1817 515 514
f 1814 724 97
f 1815 1814 676
f 1813 725 724
f 1816 678 87
f 1817 1816 516
f 1815 677 678
f 1818 1824 1819
f 1818 1820 1821
f 1818 1822 1823
f 1819 507 83
f 1820 1819 729
f 1824 506 507
f 1821 727 97
f 1822 1821 682
f 1820 728 727
f 1823 684 84
f 1824 1823 505
f 1822 683 684
f 1825 1831 1826
f 1825 1827 1828
f 1825 1829 1830
f 1826 498 80
f 1827 1826 732
f 1831 497 498
f 1828 730 97
f 1829 1828 688
f 1827 731 730
f 1830 690 81
f 1831 1830 496
f 1829 689 690
f 1832 1838 1833
f 1832 1834 1835
f 1832 1836 1837
f 1833 489 77
f 1834 1833 735
f 1838 488 489
f 1835 733 97
f 1836 1835 694
f 1834 734 733
f 1837 696 78
f 1838 1837 487
f 1836 695 696
f 1839 1845 1840
f 1839 1841 1842
f 1839 1843 1844
f 1840 480 74
f 1841 1840 738
f 1845 479 480
f 1842 736 97
f 1843 1842 700
f 1841 737 736
f 1844 702 75
f 1845 1844 478
f 1843 701 702
f 1846 1852 1847
f 1846 1848 1849
f 1846 1850 1851
f 1847 471 71
f 1848 1847 646
f 1852 470 471
f 1849 648 97
f 1850 1849 706
f 1848 647 648
f 1851 708 72
f 1852 1851 469
f 1850 707 708
f 1853 1859 1854
f 1853 1855 1856
f 1853 1857 1858
f 1854 462 68
f 1855 1854 652
f 1859 461 462
f 1856 654 97
f 1857 1856 709
f 1855 653 654
f 1858 711 69
f 1859 1858 460
f 1857 710 711
f 1860 1866 1861
f 1860 1862 1863
f 1860 1864 1865
f 1861 453 65
f 1862 1861 643
f 1866 452 453
f 1863 645 97
f 1864 1863 712
f 1862 644 645
f 1865 714 66
f 1866 1865 451
f 1864 713 714
f 1867 1873 1868
f 1867 1869 1870
f 1867 1871 1872
f 1868 538 94
f 1869 1868 661
f 1873 539 538
f 1870 663 97
f 1871 1870 715
f 1869 662 663
f 1872 717 95
f 1873 1872 540
f 1871 716 717
f 1874 1880 1875
f 1874 1876 1877
f 1874 1878 1879
f 1875 531 91
f 1876 1875 667
f 1880 530 531
f 1877 669 97
f 1878 1877 718
f 1876 668 669
f 1879 720 92
f 1880 1879 529
f 1878 719 720
f 1881 1887 1882
f 1881 1883 1884
f 1881 1885 1886
f 1882 522 88
f 1883 1882 673
f 1887 521 522
f 1884 675 97
f 1885 1884 721
f 1883 674 675
f 1886 723 89
f 1887 1886 520
f 1885 722 723
f 1888 1894 1889
f 1888 1890 1891
f 1888 1892 1893
f 1889 513 85
f 1890 1889 679
f 1894 512 513
f 1891 681 97
f 1892 1891 724
f 1890 680 681
f 1893 726 86
f 1894 1893 511
f 1892 725 726
f 1895 1901 1896
f 1895 1897 1898
f 1895 1899 1900
f 1896 504 82
f 1897 1896 685
f 1901 503 504
f 1898 687 97
f 1899 1898 727
f 1897 686 687
f 1900 729 83
f 1901 1900 502
f 1899 728 729
f 1902 1908 1903
f 1902 1904 1905
f 1902 1906 1907
f 1903 495 79
f 1904 1903 691
f 1908 494 495
f 1905 693 97
f 1906 1905 730
f 1904 692 693
f 1907 732 80
f 1908 1907 493
f 1906 731 732
f 1909 1915 1910
f 1909 1911 1912
f 1909 1913 1914
f 1910 486 76
f 1911 1910 697
f 1915 485 486
f 1912 699 97
f 1913 1912 733
f 1911 698 699
f 1914 735 77
f 1915 1914 484
f 1913 734 735
f 1916 1922 1917
f 1916 1918 1919
f 1916 1920 1921
f 1917 475 73
f 1918 1917 703
f 1922 476 475
f 1919 705 97
f 1920 1919 736
f 1918 704 705
f 1921 738 74
f 1922 1921 477
f 1920 737 738
f 1927 1926 1923
f 1928 1927 1924
f 1930 1929 1926
f 1931 1930 1927
f 1923 985 108
f 1924 1923 885
f 1925 1924 884
f 1026 1925 883
f 1025 1928 1925
f 1024 1931 1928
f 160 778 1931
f 778 779 1930
f 779 780 1929
f 780 140 987
f 1929 987 986
f 1926 986 985
f 1936 1935 1932
f 1937 1936 1933
f 1939 1938 1935
f 1940 1939 1936
f 1932 1015 109
f 1933 1932 741
f 1934 1933 740
f 957 1934 739
f 956 1937 1934
f 955 1940 1937
f 142 928 1940
f 928 929 1939
f 929 930 1938
f 930 141 1017
f 1938 1017 1016
f 1935 1016 1015
f 1945 1944 1941
f 1946 1945 1942
f 1948 1947 1944
f 1949 1948 1945
f 1941 931 100
f 1942 1941 748
f 1943 1942 749
f 1005 1943 750
f 1004 1946 1943
f 1003 1949 1946
f 133 921 1949
f 921 920 1948
f 920 919 1947
f 919 132 933
f 1947 933 932
f 1944 932 931
f 1954 1953 1950
f 1955 1954 1951
f 1957 1956 1953
f 1958 1957 1954
f 1950 1026 129
f 1951 1950 816
f 1952 1951 815
f 975 1952 814
f 974 1955 1952
f 973 1958 1955
f 150 847 1958
f 847 848 1957
f 848 849 1956
f 849 160 1024
f 1956 1024 1025
f 1953 1025 1026
f 1963 1962 1959
f 1964 1963 1960
f 1966 1965 1962
f 1967 1966 1963
f 1959 1021 120
f 1960 1959 756
f 1961 1960 755
f 1011 1961 754
f 1010 1964 1961
f 1009 1967 1964
f 155 901 1967
f 901 902 1966
f 902 903 1965
f 903 151 1023
f 1965 1023 1022
f 1962 1022 1021
f 1972 1971 1968
f 1973 1972 1969
f 1975 1974 1971
f 1976 1975 1972
f 1968 1012 106
f 1969 1968 825
f 1970 1969 824
f 1008 1970 823
f 1007 1973 1970
f 1006 1976 1973
f 157 841 1976
f 841 842 1975
f 842 843 1974
f 843 138 1014
f 1974 1014 1013
f 1971 1013 1012
f 1981 1980 1977
f 1982 1981 1978
f 1984 1983 1980
f 1985 1984 1981
f 1977 958 115
f 1978 1977 915
f 1979 1978 914
f 981 1979 913
f 980 1982 1979
f 979 1985 1982
f 136 763 1985
f 763 764 1984
f 764 765 1983
f 765 147 960
f 1983 960 959
f 1980 959 958
f 1990 1989 1986
f 1991 1990 1987
f 1993 1992 1989
f 1994 1993 1990
f 1986 943 111
f 1987 1986 861
f 1988 1987 860
f 1021 1988 859
f 1022 1991 1988
f 1023 1994 1991
f 151 817 1994
f 817 818 1993
f 818 819 1992
f 819 143 945
f 1992 945 944
f 1989 944 943
f 1999 1998 1995
f 2000 1999 1996
f 2002 2001 1998
f 2003 2002 1999
f 1995 997 98
f 1996 1995 870
f 1997 1996 869
f 1020 1997 868
f 1019 2000 1997
f 1018 2003 2000
f 149 793 2003
f 793 794 2002
f 794 795 2001
f 795 119 999
f 2001 999 998
f 1998 998 997
f 2008 2007 2004
f 2009 2008 2005
f 2011 2010 2007
f 2012 2011 2008
f 2004 1020 117
f 2005 2004 879
f 2006 2005 878
f 996 2006 877
f 995 2009 2006
f 994 2012 2009
f 131 784 2012
f 784 785 2011
f 785 786 2010
f 786 149 1018
f 2010 1018 1019
f 2007 1019 1020
f 2017 2016 2013
f 2018 2017 2014
f 2020 2019 2016
f 2021 2020 2017
f 2013 970 114
f 2014 2013 888
f 2015 2014 887
f 1015 2015 886
f 1016 2018 2015
f 1017 2021 2018
f 141 775 2021
f 775 776 2020
f 776 777 2019
f 777 146 972
f 2019 972 971
f 2016 971 970
f 2026 2025 2022
f 2027 2026 2023
f 2029 2028 2025
f 2030 2029 2026
f 2022 964 105
f 2023 2022 744
f 2024 2023 743
f 1012 2024 742
f 1013 2027 2024
f 1014 2030 2027
f 138 925 2030
f 925 926 2029
f 926 927 2028
f 927 137 966
f 2028 966 965
f 2025 965 964
f 2035 2034 2031
f 2036 2035 2032
f 2038 2037 2034
f 2039 2038 2035
f 2031 1011 124
f 2032 2031 759
f 2033 2032 758
f 1002 2033 757
f 1001 2036 2033
f 1000 2039 2036
f 158 898 2039
f 898 899 2038
f 899 900 2037
f 900 155 1009
f 2037 1009 1010
f 2034 1010 1011
f 2044 2043 2040
f 2045 2044 2041
f 2047 2046 2043
f 2048 2047 2044
f 2040 1008 126
f 2041 2040 826
f 2042 2041 827
f 993 2042 828
f 992 2045 2042
f 991 2048 2045
f 139 840 2048
f 840 839 2047
f 839 838 2046
f 838 157 1006
f 2046 1006 1007
f 2043 1007 1008
f 2053 2052 2049
f 2054 2053 2050
f 2056 2055 2052
f 2057 2056 2053
f 2049 1005 101
f 2050 2049 909
f 2051 2050 908
f 954 2051 907
f 953 2054 2051
f 952 2057 2054
f 145 769 2057
f 769 770 2056
f 770 771 2055
f 771 133 1003
f 2055 1003 1004
f 2052 1004 1005
f 2062 2061 2058
f 2063 2062 2059
f 2065 2064 2061
f 2066 2065 2062
f 2058 949 121
f 2059 2058 918
f 2060 2059 917
f 984 2060 916
f 983 2063 2060
f 982 2066 2063
f 134 760 2066
f 760 761 2065
f 761 762 2064
f 762 152 951
f 2064 951 950
f 2061 950 949
f 2071 2070 2067
f 2072 2071 2068
f 2074 2073 2070
f 2075 2074 2071
f 2067 1002 127
f 2068 2067 864
f 2069 2068 863
f 997 2069 862
f 998 2072 2069
f 999 2075 2072
f 119 799 2075
f 799 800 2074
f 800 801 2073
f 801 158 1000
f 2073 1000 1001
f 2070 1001 1002
f 2080 2079 2076
f 2081 2080 2077
f 2083 2082 2079
f 2084 2083 2080
f 2076 976 116
f 2077 2076 807
f 2078 2077 806
f 969 2078 805
f 968 2081 2078
f 967 2084 2081
f 159 892 2084
f 892 893 2083
f 893 894 2082
f 894 148 978
f 2082 978 977
f 2079 977 976
f 2089 2088 2085
f 2090 2089 2086
f 2092 2091 2088
f 2093 2092 2089
f 2085 996 99
f 2086 2085 873
f 2087 2086 872
f 942 2087 871
f 941 2090 2087
f 940 2093 2090
f 154 790 2093
f 790 791 2092
f 791 792 2091
f 792 131 994
f 2091 994 995
f 2088 995 996
f 2098 2097 2094
f 2099 2098 2095
f 2101 2100 2097
f 2102 2101 2098
f 2094 993 107
f 2095 2094 882
f 2096 2095 881
f 990 2096 880
f 989 2099 2096
f 988 2102 2099
f 153 781 2102
f 781 782 2101
f 782 783 2100
f 783 139 991
f 2100 991 992
f 2097 992 993
f 2107 2106 2103
f 2108 2107 2104
f 2110 2109 2106
f 2111 2110 2107
f 2103 990 122
f 2104 2103 891
f 2105 2104 890
f 985 2105 889
f 986 2108 2105
f 987 2111 2108
f 140 772 2111
f 772 773 2110
f 773 774 2109
f 774 153 988
f 2109 988 989
f 2106 989 990
f 2116 2115 2112
f 2117 2116 2113
f 2119 2118 2115
f 2120 2119 2116
f 2112 984 102
f 2113 2112 745
f 2114 2113 746
f 963 2114 747
f 962 2117 2114
f 961 2120 2117
f 135 924 2120
f 924 923 2119
f 923 922 2118
f 922 134 982
f 2118 982 983
f 2115 983 984
f 2125 2124 2121
f 2126 2125 2122
f 2128 2127 2124
f 2129 2128 2125
f 2121 937 112
f 2122 2121 813
f 2123 2122 812
f 936 2123 811
f 935 2126 2123
f 934 2129 2126
f 161 850 2129
f 850 851 2128
f 851 852 2127
f 852 144 939
f 2127 939 938
f 2124 938 937
f 2134 2133 2130
f 2135 2134 2131
f 2137 2136 2133
f 2138 2137 2134
f 2130 981 104
f 2131 2130 822
f 2132 2131 821
f 976 2132 820
f 977 2135 2132
f 978 2138 2135
f 148 844 2138
f 844 845 2137
f 845 846 2136
f 846 136 979
f 2136 979 980
f 2133 980 981
f 2143 2142 2139
f 2144 2143 2140
f 2146 2145 2142
f 2147 2146 2143
f 2139 975 118
f 2140 2139 753
f 2141 2140 752
f 970 2141 751
f 971 2144 2141
f 972 2147 2144
f 146 904 2147
f 904 905 2146
f 905 906 2145
f 906 150 973
f 2145 973 974
f 2142 974 975
f 2152 2151 2148
f 2153 2152 2149
f 2155 2154 2151
f 2156 2155 2152
f 2148 969 128
f 2149 2148 831
f 2150 2149 830
f 964 2150 829
f 965 2153 2150
f 966 2156 2153
f 137 835 2156
f 835 836 2155
f 836 837 2154
f 837 159 967
f 2154 967 968
f 2151 968 969
f 2161 2160 2157
f 2162 2161 2158
f 2164 2163 2160
f 2165 2164 2161
f 2157 963 103
f 2158 2157 912
f 2159 2158 911
f 958 2159 910
f 959 2162 2159
f 960 2165 2162
f 147 766 2165
f 766 767 2164
f 767 768 2163
f 768 135 961
f 2163 961 962
f 2160 962 963
f 2170 2169 2166
f 2171 2170 2167
f 2173 2172 2169
f 2174 2173 2170
f 2166 957 110
f 2167 2166 856
f 2168 2167 857
f 948 2168 858
f 947 2171 2168
f 946 2174 2171
f 156 834 2174
f 834 833 2173
f 833 832 2172
f 832 142 955
f 2172 955 956
f 2169 956 957
f 2179 2178 2175
f 2180 2179 2176
f 2182 2181 2178
f 2183 2182 2179
f 2175 954 113
f 2176 2175 804
f 2177 2176 803
f 949 2177 802
f 950 2180 2177
f 951 2183 2180
f 152 895 2183
f 895 896 2182
f 896 897 2181
f 897 145 952
f 2181 952 953
f 2178 953 954
f 2188 2187 2184
f 2189 2188 2185
f 2191 2190 2187
f 2192 2191 2188
f 2184 948 125
f 2185 2184 867
f 2186 2185 866
f 943 2186 865
f 944 2189 2186
f 945 2192 2189
f 143 796 2192
f 796 797 2191
f 797 798 2190
f 798 156 946
f 2190 946 947
f 2187 947 948
f 2197 2196 2193
f 2198 2197 2194
f 2200 2199 2196
f 2201 2200 2197
f 2193 942 123
f 2194 2193 810
f 2195 2194 809
f 937 2195 808
f 938 2198 2195
f 939 2201 2198
f 144 853 2201
f 853 854 2200
f 854 855 2199
f 855 154 940
f 2199 940 941
f 2196 941 942
f 2206 2205 2202
f 2207 2206 2203
f 2209 2208 2205
f 2210 2209 2206
f 2202 936 130
f 2203 2202 876
f 2204 2203 875
f 931 2204 874
f 932 2207 2204
f 933 2210 2207
f 132 787 2210
f 787 788 2209
f 788 789 2208
f 789 161 934
f 2208 934 935
f 2205 935 936
f 2211 2217 2212
f 2211 2213 2214
f 2211 2215 2216
f 2212 1035 147
f 2213 2212 765
f 2217 1034 1035
f 2214 763 136
f 2215 2214 1030
f 2213 764 763
f 2216 1032 162
f 2217 2216 1033
f 2215 1031 1032
f 2218 2224 2219
f 2218 2220 2221
f 2218 2222 2223
f 2219 1041 159
f 2220 2219 837
f 2224 1040 1041
f 2221 835 137
f 2222 2221 1036
f 2220 836 835
f 2223 1038 162
f 2224 2223 1039
f 2222 1037 1038
f 2225 2231 2226
f 2225 2227 2228
f 2225 2229 2230
f 2226 1047 156
f 2227 2226 798
f 2231 1046 1047
f 2228 796 143
f 2229 2228 1042
f 2227 797 796
f 2230 1044 162
f 2231 2230 1045
f 2229 1043 1044
f 2232 2238 2233
f 2232 2234 2235
f 2232 2236 2237
f 2233 1053 145
f 2234 2233 897
f 2238 1052 1053
f 2235 895 152
f 2236 2235 1048
f 2234 896 895
f 2237 1050 162
f 2238 2237 1051
f 2236 1049 1050
f 2239 2245 2240
f 2239 2241 2242
f 2239 2243 2244
f 2240 1059 161
f 2241 2240 789
f 2245 1058 1059
f 2242 787 132
f 2243 2242 1054
f 2241 788 787
f 2244 1056 162
f 2245 2244 1057
f 2243 1055 1056
f 2246 2252 2247
f 2246 2248 2249
f 2246 2250 2251
f 2247 1065 134
f 2248 2247 922
f 2252 1064 1065
f 2249 924 135
f 2250 2249 1060
f 2248 923 924
f 2251 1062 162
f 2252 2251 1063
f 2250 1061 1062
f 2253 2259 2254
f 2253 2255 2256
f 2253 2257 2258
f 2254 1071 140
f 2255 2254 780
f 2259 1070 1071
f 2256 778 160
f 2257 2256 1066
f 2255 779 778
f 2258 1068 162
f 2259 2258 1069
f 2257 1067 1068
f 2260 2266 2261
f 2260 2262 2263
f 2260 2264 2265
f 2261 1074 144
f 2262 2261 852
f 2266 1073 1074
f 2263 850 161
f 2264 2263 1059
f 2262 851 850
f 2265 1057 162
f 2266 2265 1072
f 2264 1058 1057
f 2267 2273 2268
f 2267 2269 2270
f 2267 2271 2272
f 2268 1077 133
f 2269 2268 771
f 2273 1076 1077
f 2270 769 145
f 2271 2270 1053
f 2269 770 769
f 2272 1051 162
f 2273 2272 1075
f 2271 1052 1051
f 2274 2280 2275
f 2274 2276 2277
f 2274 2278 2279
f 2275 1083 138
f 2276 2275 843
f 2280 1082 1083
f 2277 841 157
f 2278 2277 1078
f 2276 842 841
f 2279 1080 162
f 2280 2279 1081
f 2278 1079 1080
f 2281 2287 2282
f 2281 2283 2284
f 2281 2285 2286
f 2282 1048 152
f 2283 2282 762
f 2287 1049 1048
f 2284 760 134
f 2285 2284 1065
f 2283 761 760
f 2286 1063 162
f 2287 2286 1050
f 2285 1064 1063
f 2288 2294 2289
f 2288 2290 2291
f 2288 2292 2293
f 2289 1086 142
f 2290 2289 832
f 2294 1085 1086
f 2291 834 156
f 2292 2291 1047
f 2290 833 834
f 2293 1045 162
f 2294 2293 1084
f 2292 1046 1045
f 2295 2301 2296
f 2295 2297 2298
f 2295 2299 2300
f 2296 1042 143
f 2297 2296 819
f 2301 1043 1042
f 2298 817 151
f 2299 2298 1087
f 2297 818 817
f 2300 1089 162
f 2301 2300 1044
f 2299 1088 1089
f 2302 2308 2303
f 2302 2304 2305
f 2302 2306 2307
f 2303 1087 151
f 2304 2303 903
f 2308 1088 1087
f 2305 901 155
f 2306 2305 1090
f 2304 902 901
f 2307 1092 162
f 2308 2307 1089
f 2306 1091 1092
f 2309 2315 2310
f 2309 2311 2312
f 2309 2313 2314
f 2310 1095 148
f 2311 2310 894
f 2315 1094 1095
f 2312 892 159
f 2313 2312 1041
f 2311 893 892
f 2314 1039 162
f 2315 2314 1093
f 2313 1040 1039
f 2316 2322 2317
f 2316 2318 2319
f 2316 2320 2321
f 2317 1029 119
f 2318 2317 795
f 2322 1028 1029
f 2319 793 149
f 2320 2319 1096
f 2318 794 793
f 2321 1098 162
f 2322 2321 1027
f 2320 1097 1098
f 2323 2329 2324
f 2323 2325 2326
f 2323 2327 2328
f 2324 1101 141
f 2325 2324 930
f 2329 1100 1101
f 2326 928 142
f 2327 2326 1086
f 2325 929 928
f 2328 1084 162
f 2329 2328 1099
f 2327 1085 1084
f 2330 2336 2331
f 2330 2332 2333
f 2330 2334 2335
f 2331 1096 149
f 2332 2331 786
f 2336 1097 1096
f 2333 784 131
f 2334 2333 1102
f 2332 785 784
f 2335 1104 162
f 2336 2335 1098
f 2334 1103 1104
f 2337 2343 2338
f 2337 2339 2340
f 2337 2341 2342
f 2338 1054 132
f 2339 2338 919
f 2343 1055 1054
f 2340 921 133
f 2341 2340 1077
f 2339 920 921
f 2342 1075 162
f 2343 2342 1056
f 2341 1076 1075
f 2344 2350 2345
f 2344 2346 2347
f 2344 2348 2349
f 2345 1107 146
f 2346 2345 777
f 2350 1106 1107
f 2347 775 141
f 2348 2347 1101
f 2346 776 775
f 2349 1099 162
f 2350 2349 1105
f 2348 1100 1099
f 2351 2357 2352
f 2351 2353 2354
f 2351 2355 2356
f 2352 1066 160
f 2353 2352 849
f 2357 1067 1066
f 2354 847 150
f 2355 2354 1108
f 2353 848 847
f 2356 1110 162
f 2357 2356 1068
f 2355 1109 1110
f 2358 2364 2359
f 2358 2360 2361
f 2358 2362 2363
f 2359 1060 135
f 2360 2359 768
f 2364 1061 1060
f 2361 766 147
f 2362 2361 1035
f 2360 767 766
f 2363 1033 162
f 2364 2363 1062
f 2362 1034 1033
f 2365 2371 2366
f 2365 2367 2368
f 2365 2369 2370
f 2366 1078 157
f 2367 2366 838
f 2371 1079 1078
f 2368 840 139
f 2369 2368 1111
f 2367 839 840
f 2370 1113 162
f 2371 2370 1080
f 2369 1112 1113
f 2372 2378 2373
f 2372 2374 2375
f 2372 2376 2377
f 2373 1108 150
f 2374 2373 906
f 2378 1109 1108
f 2375 904 146
f 2376 2375 1107
f 2374 905 904
f 2377 1105 162
f 2378 2377 1110
f 2376 1106 1105
f 2379 2385 2380
f 2379 2381 2382
f 2379 2383 2384
f 2380 1116 158
f 2381 2380 801
f 2385 1115 1116
f 2382 799 119
f 2383 2382 1029
f 2381 800 799
f 2384 1027 162
f 2385 2384 1114
f 2383 1028 1027
f 2386 2392 2387
f 2386 2388 2389
f 2386 2390 2391
f 2387 1090 155
f 2388 2387 900
f 2392 1091 1090
f 2389 898 158
f 2390 2389 1116
f 2388 899 898
f 2391 1114 162
f 2392 2391 1092
f 2390 1115 1114
f 2393 2399 2394
f 2393 2395 2396
f 2393 2397 2398
f 2394 1102 131
f 2395 2394 792
f 2399 1103 1102
f 2396 790 154
f 2397 2396 1117
f 2395 791 790
f 2398 1119 162
f 2399 2398 1104
f 2397 1118 1119
f 2400 2406 2401
f 2400 2402 2403
f 2400 2404 2405
f 2401 1036 137
f 2402 2401 927
f 2406 1037 1036
f 2403 925 138
f 2404 2403 1083
f 2402 926 925
f 2405 1081 162
f 2406 2405 1038
f 2404 1082 1081
f 2407 2413 2408
f 2407 2409 2410
f 2407 2411 2412
f 2408 1111 139
f 2409 2408 783
f 2413 1112 1111
f 2410 781 153
f 2411 2410 1120
f 2409 782 781
f 2412 1122 162
f 2413 2412 1113
f 2411 1121 1122
f 2414 2420 2415
f 2414 2416 2417
f 2414 2418 2419
f 2415 1117 154
f 2416 2415 855
f 2420 1118 1117
f 2417 853 144
f 2418 2417 1074
f 2416 854 853
f 2419 1072 162
f 2420 2419 1119
f 2418 1073 1072
f 2421 2427 2422
f 2421 2423 2424
f 2421 2425 2426
f 2422 1120 153
f 2423 2422 774
f 2427 1121 1120
f 2424 772 140
f 2425 2424 1071
f 2423 773 772
f 2426 1069 162
f 2427 2426 1122
f 2425 1070 1069
f 2428 2434 2429
f 2428 2430 2431
f 2428 2432 2433
f 2429 1030 136
f 2430 2429 846
f 2434 1031 1030
f 2431 844 148
f 2432 2431 1095
f 2430 845 844
f 2433 1093 162
f 2434 2433 1032
f 2432 1094 1093
f 6916 6917 6920
f 6917 6918 6921
f 6919 6920 6923
f 6920 6921 6924
f 2440 3090 6916
f 3090 3089 6917
f 3089 3088 6918
f 3088 2439 3157
f 6918 3157 3158
f 6921 3158 3159
f 6924 3159 2453
f 6923 6924 3127
f 6922 6923 3128
f 3160 6922 3129
f 3161 6919 6922
f 3162 6916 6919
f 6925 6926 6929
f 6926 6927 6930
f 6928 6929 6932
f 6929 6930 6933
f 2446 3108 6925
f 3108 3107 6926
f 3107 3106 6927
f 3106 2445 3166
f 6927 3166 3167
f 6930 3167 3168
f 6933 3168 2459
f 6932 6933 3145
f 6931 6932 3146
f 3169 6931 3147
f 3170 6928 6931
f 3171 6925 6928
f 6934 6935 6938
f 6935 6936 6939
f 6937 6938 6941
f 6938 6939 6942
f 2441 3093 6934
f 3093 3092 6935
f 3092 3091 6936
f 3091 2440 3162
f 6936 3162 3161
f 6939 3161 3160
f 6942 3160 2454
f 6941 6942 3130
f 6940 6941 3131
f 3172 6940 3132
f 3173 6937 6940
f 3174 6934 6937
f 6943 6944 6947
f 6944 6945 6948
f 6946 6947 6950
f 6947 6948 6951
f 2436 3078 6943
f 3078 3077 6944
f 3077 3076 6945
f 3076 2435 3165
f 6945 3165 3164
f 6948 3164 3163
f 6951 3163 2449
f 6950 6951 3115
f 6949 6950 3116
f 3175 6949 3117
f 3176 6946 6949
f 3177 6943 6946
f 6952 6953 6956
f 6953 6954 6957
f 6955 6956 6959
f 6956 6957 6960
f 2447 3111 6952
f 3111 3110 6953
f 3110 3109 6954
f 3109 2446 3171
f 6954 3171 3170
f 6957 3170 3169
f 6960 3169 2460
f 6959 6960 3148
f 6958 6959 3149
f 3178 6958 3150
f 3179 6955 6958
f 3180 6952 6955
f 6961 6962 6965
f 6962 6963 6966
f 6964 6965 6968
f 6965 6966 6969
f 2442 3096 6961
f 3096 3095 6962
f 3095 3094 6963
f 3094 2441 3174
f 6963 3174 3173
f 6966 3173 3172
f 6969 3172 2455
f 6968 6969 3133
f 6967 6968 3134
f 3181 6967 3135
f 3182 6964 6967
f 3183 6961 6964
f 6970 6971 6974
f 6971 6972 6975
f 6973 6974 6977
f 6974 6975 6978
f 2437 3081 6970
f 3081 3080 6971
f 3080 3079 6972
f 3079 2436 3177
f 6972 3177 3176
f 6975 3176 3175
f 6978 3175 2450
f 6977 6978 3118
f 6976 6977 3119
f 3184 6976 3120
f 3185 6973 6976
f 3186 6970 6973
f 6979 6980 6983
f 6980 6981 6984
f 6982 6983 6986
f 6983 6984 6987
f 2448 3114 6979
f 3114 3113 6980
f 3113 3112 6981
f 3112 2447 3180
f 6981 3180 3179
f 6984 3179 3178
f 6987 3178 2461
f 6986 6987 3151
f 6985 6986 3152
f 3187 6985 3153
f 3188 6982 6985
f 3189 6979 6982
f 6988 6989 6992
f 6989 6990 6993
f 6991 6992 6995
f 6992 6993 6996
f 2443 3099 6988
f 3099 3098 6989
f 3098 3097 6990
f 3097 2442 3183
f 6990 3183 3182
f 6993 3182 3181
f 6996 3181 2456
f 6995 6996 3136
f 6994 6995 3137
f 3190 6994 3138
f 3191 6991 6994
f 3192 6988 6991
f 6997 6998 7001
f 6998 6999 7002
f 7000 7001 7004
f 7001 7002 7005
f 2438 3084 6997
f 3084 3083 6998
f 3083 3082 6999
f 3082 2437 3186
f 6999 3186 3185
f 7002 3185 3184
f 7005 3184 2451
f 7004 7005 3121
f 7003 7004 3122
f 3193 7003 3123
f 3194 7000 7003
f 3195 6997 7000
f 7006 7007 7010
f 7007 7008 7011
f 7009 7010 7013
f 7010 7011 7014
f 2444 3102 7006
f 3102 3101 7007
f 3101 3100 7008
f 3100 2443 3192
f 7008 3192 3191
f 7011 3191 3190
f 7014 3190 2457
f 7013 7014 3139
f 7012 7013 3140
f 3196 7012 3141
f 3197 7009 7012
f 3198 7006 7009
f 7015 7016 7019
f 7016 7017 7020
f 7018 7019 7022
f 7019 7020 7023
f 2439 3087 7015
f 3087 3086 7016
f 3086 3085 7017
f 3085 2438 3195
f 7017 3195 3194
f 7020 3194 3193
f 7023 3193 2452
f 7022 7023 3124
f 7021 7022 3125
f 3159 7021 3126
f 3158 7018 7021
f 3157 7015 7018
f 7024 7025 7028
f 7025 7026 7029
f 7027 7028 7031
f 7028 7029 7032
f 2445 3105 7024
f 3105 3104 7025
f 3104 3103 7026
f 3103 2444 3198
f 7026 3198 3197
f 7029 3197 3196
f 7032 3196 2458
f 7031 7032 3142
f 7030 7031 3143
f 3168 7030 3144
f 3167 7027 7030
f 3166 7024 7027
f 7033 7034 7037
f 7034 7035 7038
f 7036 7037 7040
f 7037 7038 7041
f 2459 3144 7033
f 3144 3143 7034
f 3143 3142 7035
f 3142 2458 3241
f 7035 3241 3242
f 7038 3242 3243
f 7041 3243 2473
f 7040 7041 3226
f 7039 7040 3227
f 3244 7039 3228
f 3245 7036 7039
f 3246 7033 7036
f 7042 7043 7046
f 7043 7044 7047
f 7045 7046 7049
f 7046 7047 7050
f 2454 3129 7042
f 3129 3128 7043
f 3128 3127 7044
f 3127 2453 3247
f 7044 3247 3248
f 7047 3248 3249
f 7050 3249 2468
f 7049 7050 3211
f 7048 7049 3212
f 3250 7048 3213
f 3251 7045 7048
f 3252 7042 7045
f 7051 7052 7055
f 7052 7053 7056
f 7054 7055 7058
f 7055 7056 7059
f 2460 3147 7051
f 3147 3146 7052
f 3146 3145 7053
f 3145 2459 3246
f 7053 3246 3245
f 7056 3245 3244
f 7059 3244 2474
f 7058 7059 3229
f 7057 7058 3230
f 3256 7057 3231
f 3257 7054 7057
f 3258 7051 7054
f 7060 7061 7064
f 7061 7062 7065
f 7063 7064 7067
f 7064 7065 7068
f 2455 3132 7060
f 3132 3131 7061
f 3131 3130 7062
f 3130 2454 3252
f 7062 3252 3251
f 7065 3251 3250
f 7068 3250 2469
f 7067 7068 3214
f 7066 7067 3215
f 3259 7066 3216
f 3260 7063 7066
f 3261 7060 7063
f 7069 7070 7073
f 7070 7071 7074
f 7072 7073 7076
f 7073 7074 7077
f 2450 3117 7069
f 3117 3116 7070
f 3116 3115 7071
f 3115 2449 3255
f 7071 3255 3254
f 7074 3254 3253
f 7077 3253 2464
f 7076 7077 3199
f 7075 7076 3200
f 3262 7075 3201
f 3263 7072 7075
f 3264 7069 7072
f 7078 7079 7082
f 7079 7080 7083
f 7081 7082 7085
f 7082 7083 7086
f 2461 3150 7078
f 3150 3149 7079
f 3149 3148 7080
f 3148 2460 3258
f 7080 3258 3257
f 7083 3257 3256
f 7086 3256 2475
f 7085 7086 3232
f 7084 7085 3233
f 3265 7084 3234
f 3266 7081 7084
f 3267 7078 7081
f 7087 7088 7091
f 7088 7089 7092
f 7090 7091 7094
f 7091 7092 7095
f 2456 3135 7087
f 3135 3134 7088
f 3134 3133 7089
f 3133 2455 3261
f 7089 3261 3260
f 7092 3260 3259
f 7095 3259 2470
f 7094 7095 3217
f 7093 7094 3218
f 3268 7093 3219
f 3269 7090 7093
f 3270 7087 7090
f 7096 7097 7100
f 7097 7098 7101
f 7099 7100 7103
f 7100 7101 7104
f 2451 3120 7096
f 3120 3119 7097
f 3119 3118 7098
f 3118 2450 3264
f 7098 3264 3263
f 7101 3263 3262
f 7104 3262 2465
f 7103 7104 3202
f 7102 7103 3203
f 3271 7102 3204
f 3272 7099 7102
f 3273 7096 7099
f 7105 7106 7109
f 7106 7107 7110
f 7108 7109 7112
f 7109 7110 7113
f 2462 3153 7105
f 3153 3152 7106
f 3152 3151 7107
f 3151 2461 3267
f 7107 3267 3266
f 7110 3266 3265
f 7113 3265 2476
f 7112 7113 3235
f 7111 7112 3236
f 3274 7111 3237
f 3275 7108 7111
f 3276 7105 7108
f 7114 7115 7118
f 7115 7116 7119
f 7117 7118 7121
f 7118 7119 7122
f 2457 3138 7114
f 3138 3137 7115
f 3137 3136 7116
f 3136 2456 3270
f 7116 3270 3269
f 7119 3269 3268
f 7122 3268 2471
f 7121 7122 3220
f 7120 7121 3221
f 3277 7120 3222
f 3278 7117 7120
f 3279 7114 7117
f 7123 7124 7127
f 7124 7125 7128
f 7126 7127 7130
f 7127 7128 7131
f 2452 3123 7123
f 3123 3122 7124
f 3122 3121 7125
f 3121 2451 3273
f 7125 3273 3272
f 7128 3272 3271
f 7131 3271 2466
f 7130 7131 3205
f 7129 7130 3206
f 3280 7129 3207
f 3281 7126 7129
f 3282 7123 7126
f 7132 7133 7136
f 7133 7134 7137
f 7135 7136 7139
f 7136 7137 7140
f 2463 3156 7132
f 3156 3155 7133
f 3155 3154 7134
f 3154 2462 3276
f 7134 3276 3275
f 7137 3275 3274
f 7140 3274 2477
f 7139 7140 3238
f 7138 7139 3239
f 3283 7138 3240
f 3284 7135 7138
f 3285 7132 7135
f 7141 7142 7145
f 7142 7143 7146
f 7144 7145 7148
f 7145 7146 7149
f 2458 3141 7141
f 3141 3140 7142
f 3140 3139 7143
f 3139 2457 3279
f 7143 3279 3278
f 7146 3278 3277
f 7149 3277 2472
f 7148 7149 3223
f 7147 7148 3224
f 3243 7147 3225
f 3242 7144 7147
f 3241 7141 7144
f 7150 7151 7154
f 7151 7152 7155
f 7153 7154 7157
f 7154 7155 7158
f 2453 3126 7150
f 3126 3125 7151
f 3125 3124 7152
f 3124 2452 3282
f 7152 3282 3281
f 7155 3281 3280
f 7158 3280 2467
f 7157 7158 3208
f 7156 7157 3209
f 3249 7156 3210
f 3248 7153 7156
f 3247 7150 7153
f 7159 7160 7163
f 7160 7161 7164
f 7162 7163 7166
f 7163 7164 7167
f 2473 3225 7159
f 3225 3224 7160
f 3224 3223 7161
f 3223 2472 3328
f 7161 3328 3329
f 7164 3329 3330
f 7167 3330 2487
f 7166 7167 3310
f 7165 7166 3311
f 3331 7165 3312
f 3332 7162 7165
f 3333 7159 7162
f 7168 7169 7172
f 7169 7170 7173
f 7171 7172 7175
f 7172 7173 7176
f 2468 3210 7168
f 3210 3209 7169
f 3209 3208 7170
f 3208 2467 3334
f 7170 3334 3335
f 7173 3335 3336
f 7176 3336 2482
f 7175 7176 3295
f 7174 7175 3296
f 3337 7174 3297
f 3338 7171 7174
f 3339 7168 7171
f 7177 7178 7181
f 7178 7179 7182
f 7180 7181 7184
f 7181 7182 7185
f 2474 3228 7177
f 3228 3227 7178
f 3227 3226 7179
f 3226 2473 3333
f 7179 3333 3332
f 7182 3332 3331
f 7185 3331 2488
f 7184 7185 3313
f 7183 7184 3314
f 3340 7183 3315
f 3341 7180 7183
f 3342 7177 7180
f 7186 7187 7190
f 7187 7188 7191
f 7189 7190 7193
f 7190 7191 7194
f 2469 3213 7186
f 3213 3212 7187
f 3212 3211 7188
f 3211 2468 3339
f 7188 3339 3338
f 7191 3338 3337
f 7194 3337 2483
f 7193 7194 3298
f 7192 7193 3299
f 3343 7192 3300
f 3344 7189 7192
f 3345 7186 7189
f 7195 7196 7199
f 7196 7197 7200
f 7198 7199 7202
f 7199 7200 7203
f 2475 3231 7195
f 3231 3230 7196
f 3230 3229 7197
f 3229 2474 3342
f 7197 3342 3341
f 7200 3341 3340
f 7203 3340 2489
f 7202 7203 3316
f 7201 7202 3317
f 3349 7201 3318
f 3350 7198 7201
f 3351 7195 7198
f 7204 7205 7208
f 7205 7206 7209
f 7207 7208 7211
f 7208 7209 7212
f 2470 3216 7204
f 3216 3215 7205
f 3215 3214 7206
f 3214 2469 3345
f 7206 3345 3344
f 7209 3344 3343
f 7212 3343 2484
f 7211 7212 3301
f 7210 7211 3302
f 3352 7210 3303
f 3353 7207 7210
f 3354 7204 7207
f 7213 7214 7217
f 7214 7215 7218
f 7216 7217 7220
f 7217 7218 7221
f 2465 3201 7213
f 3201 3200 7214
f 3200 3199 7215
f 3199 2464 3348
f 7215 3348 3347
f 7218 3347 3346
f 7221 3346 2479
f 7220 7221 3286
f 7219 7220 3287
f 3355 7219 3288
f 3356 7216 7219
f 3357 7213 7216
f 7222 7223 7226
f 7223 7224 7227
f 7225 7226 7229
f 7226 7227 7230
f 2476 3234 7222
f 3234 3233 7223
f 3233 3232 7224
f 3232 2475 3351
f 7224 3351 3350
f 7227 3350 3349
f 7230 3349 2490
f 7229 7230 3319
f 7228 7229 3320
f 3358 7228 3321
f 3359 7225 7228
f 3360 7222 7225
f 7231 7232 7235
f 7232 7233 7236
f 7234 7235 7238
f 7235 7236 7239
f 2471 3219 7231
f 3219 3218 7232
f 3218 3217 7233
f 3217 2470 3354
f 7233 3354 3353
f 7236 3353 3352
f 7239 3352 2485
f 7238 7239 3304
f 7237 7238 3305
f 3361 7237 3306
f 3362 7234 7237
f 3363 7231 7234
f 7240 7241 7244
f 7241 7242 7245
f 7243 7244 7247
f 7244 7245 7248
f 2466 3204 7240
f 3204 3203 7241
f 3203 3202 7242
f 3202 2465 3357
f 7242 3357 3356
f 7245 3356 3355
f 7248 3355 2480
f 7247 7248 3289
f 7246 7247 3290
f 3364 7246 3291
f 3365 7243 7246
f 3366 7240 7243
f 7249 7250 7253
f 7250 7251 7254
f 7252 7253 7256
f 7253 7254 7257
f 2477 3237 7249
f 3237 3236 7250
f 3236 3235 7251
f 3235 2476 3360
f 7251 3360 3359
f 7254 3359 3358
f 7257 3358 2491
f 7256 7257 3322
f 7255 7256 3323
f 3327 7255 3324
f 3326 7252 7255
f 3325 7249 7252
f 7258 7259 7262
f 7259 7260 7263
f 7261 7262 7265
f 7262 7263 7266
f 2472 3222 7258
f 3222 3221 7259
f 3221 3220 7260
f 3220 2471 3363
f 7260 3363 3362
f 7263 3362 3361
f 7266 3361 2486
f 7265 7266 3307
f 7264 7265 3308
f 3330 7264 3309
f 3329 7261 7264
f 3328 7258 7261
f 7267 7268 7271
f 7268 7269 7272
f 7270 7271 7274
f 7271 7272 7275
f 2467 3207 7267
f 3207 3206 7268
f 3206 3205 7269
f 3205 2466 3366
f 7269 3366 3365
f 7272 3365 3364
f 7275 3364 2481
f 7274 7275 3292
f 7273 7274 3293
f 3336 7273 3294
f 3335 7270 7273
f 3334 7267 7270
f 7276 7277 7280
f 7277 7278 7281
f 7279 7280 7283
f 7280 7281 7284
f 2492 3324 7276
f 3324 3323 7277
f 3323 3322 7278
f 3322 2491 3409
f 7278 3409 3410
f 7281 3410 3411
f 7284 3411 2505
f 7283 7284 3403
f 7282 7283 3404
f 3412 7282 3405
f 3413 7279 7282
f 3414 7276 7279
f 7285 7286 7289
f 7286 7287 7290
f 7288 7289 7292
f 7289 7290 7293
f 2487 3309 7285
f 3309 3308 7286
f 3308 3307 7287
f 3307 2486 3415
f 7287 3415 3416
f 7290 3416 3417
f 7293 3417 2500
f 7292 7293 3388
f 7291 7292 3389
f 3418 7291 3390
f 3419 7288 7291
f 3420 7285 7288
f 7294 7295 7298
f 7295 7296 7299
f 7297 7298 7301
f 7298 7299 7302
f 2482 3294 7294
f 3294 3293 7295
f 3293 3292 7296
f 3292 2481 3421
f 7296 3421 3422
f 7299 3422 3423
f 7302 3423 2495
f 7301 7302 3373
f 7300 7301 3374
f 3424 7300 3375
f 3425 7297 7300
f 3426 7294 7297
f 7303 7304 7307
f 7304 7305 7308
f 7306 7307 7310
f 7307 7308 7311
f 2488 3312 7303
f 3312 3311 7304
f 3311 3310 7305
f 3310 2487 3420
f 7305 3420 3419
f 7308 3419 3418
f 7311 3418 2501
f 7310 7311 3391
f 7309 7310 3392
f 3427 7309 3393
f 3428 7306 7309
f 3429 7303 7306
f 7312 7313 7316
f 7313 7314 7317
f 7315 7316 7319
f 7316 7317 7320
f 2483 3297 7312
f 3297 3296 7313
f 3296 3295 7314
f 3295 2482 3426
f 7314 3426 3425
f 7317 3425 3424
f 7320 3424 2496
f 7319 7320 3376
f 7318 7319 3377
f 3430 7318 3378
f 3431 7315 7318
f 3432 7312 7315
f 7321 7322 7325
f 7322 7323 7326
f 7324 7325 7328
f 7325 7326 7329
f 2489 3315 7321
f 3315 3314 7322
f 3314 3313 7323
f 3313 2488 3429
f 7323 3429 3428
f 7326 3428 3427
f 7329 3427 2502
f 7328 7329 3394
f 7327 7328 3395
f 3433 7327 3396
f 3434 7324 7327
f 3435 7321 7324
f 7330 7331 7334
f 7331 7332 7335
f 7333 7334 7337
f 7334 7335 7338
f 2484 3300 7330
f 3300 3299 7331
f 3299 3298 7332
f 3298 2483 3432
f 7332 3432 3431
f 7335 3431 3430
f 7338 3430 2497
f 7337 7338 3379
f 7336 7337 3380
f 3436 7336 3381
f 3437 7333 7336
f 3438 7330 7333
f 7339 7340 7343
f 7340 7341 7344
f 7342 7343 7346
f 7343 7344 7347
f 2490 3318 7339
f 3318 3317 7340
f 3317 3316 7341
f 3316 2489 3435
f 7341 3435 3434
f 7344 3434 3433
f 7347 3433 2503
f 7346 7347 3397
f 7345 7346 3398
f 3442 7345 3399
f 3443 7342 7345
f 3444 7339 7342
f 7348 7349 7352
f 7349 7350 7353
f 7351 7352 7355
f 7352 7353 7356
f 2485 3303 7348
f 3303 3302 7349
f 3302 3301 7350
f 3301 2484 3438
f 7350 3438 3437
f 7353 3437 3436
f 7356 3436 2498
f 7355 7356 3382
f 7354 7355 3383
f 3445 7354 3384
f 3446 7351 7354
f 3447 7348 7351
f 7357 7358 7361
f 7358 7359 7362
f 7360 7361 7364
f 7361 7362 7365
f 2480 3288 7357
f 3288 3287 7358
f 3287 3286 7359
f 3286 2479 3441
f 7359 3441 3440
f 7362 3440 3439
f 7365 3439 2493
f 7364 7365 3367
f 7363 7364 3368
f 3448 7363 3369
f 3449 7360 7363
f 3450 7357 7360
f 7366 7367 7370
f 7367 7368 7371
f 7369 7370 7373
f 7370 7371 7374
f 2491 3321 7366
f 3321 3320 7367
f 3320 3319 7368
f 3319 2490 3444
f 7368 3444 3443
f 7371 3443 3442
f 7374 3442 2504
f 7373 7374 3400
f 7372 7373 3401
f 3411 7372 3402
f 3410 7369 7372
f 3409 7366 7369
f 7375 7376 7379
f 7376 7377 7380
f 7378 7379 7382
f 7379 7380 7383
f 2486 3306 7375
f 3306 3305 7376
f 3305 3304 7377
f 3304 2485 3447
f 7377 3447 3446
f 7380 3446 3445
f 7383 3445 2499
f 7382 7383 3385
f 7381 7382 3386
f 3417 7381 3387
f 3416 7378 7381
f 3415 7375 7378
f 7384 7385 7388
f 7385 7386 7389
f 7387 7388 7391
f 7388 7389 7392
f 2481 3291 7384
f 3291 3290 7385
f 3290 3289 7386
f 3289 2480 3450
f 7386 3450 3449
f 7389 3449 3448
f 7392 3448 2494
f 7391 7392 3370
f 7390 7391 3371
f 3423 7390 3372
f 3422 7387 7390
f 3421 7384 7387
f 7393 7394 7397
f 7394 7395 7398
f 7396 7397 7400
f 7397 7398 7401
f 2494 3369 7393
f 3369 3368 7394
f 3368 3367 7395
f 3367 2493 3493
f 7395 3493 3494
f 7398 3494 3495
f 7401 3495 2508
f 7400 7401 3451
f 7399 7400 3452
f 3496 7399 3453
f 3497 7396 7399
f 3498 7393 7396
f 7402 7403 7406
f 7403 7404 7407
f 7405 7406 7409
f 7406 7407 7410
f 2505 3402 7402
f 3402 3401 7403
f 3401 3400 7404
f 3400 2504 3499
f 7404 3499 3500
f 7407 3500 3501
f 7410 3501 2519
f 7409 7410 3484
f 7408 7409 3485
f 3502 7408 3486
f 3503 7405 7408
f 3504 7402 7405
f 7411 7412 7415
f 7412 7413 7416
f 7414 7415 7418
f 7415 7416 7419
f 2500 3387 7411
f 3387 3386 7412
f 3386 3385 7413
f 3385 2499 3505
f 7413 3505 3506
f 7416 3506 3507
f 7419 3507 2514
f 7418 7419 3469
f 7417 7418 3470
f 3508 7417 3471
f 3509 7414 7417
f 3510 7411 7414
f 7420 7421 7424
f 7421 7422 7425
f 7423 7424 7427
f 7424 7425 7428
f 2495 3372 7420
f 3372 3371 7421
f 3371 3370 7422
f 3370 2494 3498
f 7422 3498 3497
f 7425 3497 3496
f 7428 3496 2509
f 7427 7428 3454
f 7426 7427 3455
f 3511 7426 3456
f 3512 7423 7426
f 3513 7420 7423
f 7429 7430 7433
f 7430 7431 7434
f 7432 7433 7436
f 7433 7434 7437
f 2506 3405 7429
f 3405 3404 7430
f 3404 3403 7431
f 3403 2505 3504
f 7431 3504 3503
f 7434 3503 3502
f 7437 3502 2520
f 7436 7437 3487
f 7435 7436 3488
f 3514 7435 3489
f 3515 7432 7435
f 3516 7429 7432
f 7438 7439 7442
f 7439 7440 7443
f 7441 7442 7445
f 7442 7443 7446
f 2501 3390 7438
f 3390 3389 7439
f 3389 3388 7440
f 3388 2500 3510
f 7440 3510 3509
f 7443 3509 3508
f 7446 3508 2515
f 7445 7446 3472
f 7444 7445 3473
f 3517 7444 3474
f 3518 7441 7444
f 3519 7438 7441
f 7447 7448 7451
f 7448 7449 7452
f 7450 7451 7454
f 7451 7452 7455
f 2496 3375 7447
f 3375 3374 7448
f 3374 3373 7449
f 3373 2495 3513
f 7449 3513 3512
f 7452 3512 3511
f 7455 3511 2510
f 7454 7455 3457
f 7453 7454 3458
f 3520 7453 3459
f 3521 7450 7453
f 3522 7447 7450
f 7456 7457 7460
f 7457 7458 7461
f 7459 7460 7463
f 7460 7461 7464
f 2507 3408 7456
f 3408 3407 7457
f 3407 3406 7458
f 3406 2506 3516
f 7458 3516 3515
f 7461 3515 3514
f 7464 3514 2521
f 7463 7464 3490
f 7462 7463 3491
f 3523 7462 3492
f 3524 7459 7462
f 3525 7456 7459
f 7465 7466 7469
f 7466 7467 7470
f 7468 7469 7472
f 7469 7470 7473
f 2502 3393 7465
f 3393 3392 7466
f 3392 3391 7467
f 3391 2501 3519
f 7467 3519 3518
f 7470 3518 3517
f 7473 3517 2516
f 7472 7473 3475
f 7471 7472 3476
f 3526 7471 3477
f 3527 7468 7471
f 3528 7465 7468
f 7474 7475 7478
f 7475 7476 7479
f 7477 7478 7481
f 7478 7479 7482
f 2497 3378 7474
f 3378 3377 7475
f 3377 3376 7476
f 3376 2496 3522
f 7476 3522 3521
f 7479 3521 3520
f 7482 3520 2511
f 7481 7482 3460
f 7480 7481 3461
f 3529 7480 3462
f 3530 7477 7480
f 3531 7474 7477
f 7483 7484 7487
f 7484 7485 7488
f 7486 7487 7490
f 7487 7488 7491
f 2503 3396 7483
f 3396 3395 7484
f 3395 3394 7485
f 3394 2502 3528
f 7485 3528 3527
f 7488 3527 3526
f 7491 3526 2517
f 7490 7491 3478
f 7489 7490 3479
f 3532 7489 3480
f 3533 7486 7489
f 3534 7483 7486
f 7492 7493 7496
f 7493 7494 7497
f 7495 7496 7499
f 7496 7497 7500
f 2498 3381 7492
f 3381 3380 7493
f 3380 3379 7494
f 3379 2497 3531
f 7494 3531 3530
f 7497 3530 3529
f 7500 3529 2512
f 7499 7500 3463
f 7498 7499 3464
f 3535 7498 3465
f 3536 7495 7498
f 3537 7492 7495
f 7501 7502 7505
f 7502 7503 7506
f 7504 7505 7508
f 7505 7506 7509
f 2504 3399 7501
f 3399 3398 7502
f 3398 3397 7503
f 3397 2503 3534
f 7503 3534 3533
f 7506 3533 3532
f 7509 3532 2518
f 7508 7509 3481
f 7507 7508 3482
f 3501 7507 3483
f 3500 7504 7507
f 3499 7501 7504
f 7510 7511 7514
f 7511 7512 7515
f 7513 7514 7517
f 7514 7515 7518
f 2499 3384 7510
f 3384 3383 7511
f 3383 3382 7512
f 3382 2498 3537
f 7512 3537 3536
f 7515 3536 3535
f 7518 3535 2513
f 7517 7518 3466
f 7516 7517 3467
f 3507 7516 3468
f 3506 7513 7516
f 3505 7510 7513
f 7519 7520 7523
f 7520 7521 7524
f 7522 7523 7526
f 7523 7524 7527
f 2513 3465 7519
f 3465 3464 7520
f 3464 3463 7521
f 3463 2512 3580
f 7521 3580 3581
f 7524 3581 3582
f 7527 3582 2527
f 7526 7527 3550
f 7525 7526 3551
f 3583 7525 3552
f 3584 7522 7525
f 3585 7519 7522
f 7528 7529 7532
f 7529 7530 7533
f 7531 7532 7535
f 7532 7533 7536
f 2519 3483 7528
f 3483 3482 7529
f 3482 3481 7530
f 3481 2518 3589
f 7530 3589 3590
f 7533 3590 3591
f 7536 3591 2533
f 7535 7536 3568
f 7534 7535 3569
f 3592 7534 3570
f 3593 7531 7534
f 3594 7528 7531
f 7537 7538 7541
f 7538 7539 7542
f 7540 7541 7544
f 7541 7542 7545
f 2514 3468 7537
f 3468 3467 7538
f 3467 3466 7539
f 3466 2513 3585
f 7539 3585 3584
f 7542 3584 3583
f 7545 3583 2528
f 7544 7545 3553
f 7543 7544 3554
f 3595 7543 3555
f 3596 7540 7543
f 3597 7537 7540
f 7546 7547 7550
f 7547 7548 7551
f 7549 7550 7553
f 7550 7551 7554
f 2509 3453 7546
f 3453 3452 7547
f 3452 3451 7548
f 3451 2508 3588
f 7548 3588 3587
f 7551 3587 3586
f 7554 3586 2523
f 7553 7554 3538
f 7552 7553 3539
f 3598 7552 3540
f 3599 7549 7552
f 3600 7546 7549
f 7555 7556 7559
f 7556 7557 7560
f 7558 7559 7562
f 7559 7560 7563
f 2520 3486 7555
f 3486 3485 7556
f 3485 3484 7557
f 3484 2519 3594
f 7557 3594 3593
f 7560 3593 3592
f 7563 3592 2534
f 7562 7563 3571
f 7561 7562 3572
f 3601 7561 3573
f 3602 7558 7561
f 3603 7555 7558
f 7564 7565 7568
f 7565 7566 7569
f 7567 7568 7571
f 7568 7569 7572
f 2515 3471 7564
f 3471 3470 7565
f 3470 3469 7566
f 3469 2514 3597
f 7566 3597 3596
f 7569 3596 3595
f 7572 3595 2529
f 7571 7572 3556
f 7570 7571 3557
f 3604 7570 3558
f 3605 7567 7570
f 3606 7564 7567
f 7573 7574 7577
f 7574 7575 7578
f 7576 7577 7580
f 7577 7578 7581
f 2510 3456 7573
f 3456 3455 7574
f 3455 3454 7575
f 3454 2509 3600
f 7575 3600 3599
f 7578 3599 3598
f 7581 3598 2524
f 7580 7581 3541
f 7579 7580 3542
f 3607 7579 3543
f 3608 7576 7579
f 3609 7573 7576
f 7582 7583 7586
f 7583 7584 7587
f 7585 7586 7589
f 7586 7587 7590
f 2521 3489 7582
f 3489 3488 7583
f 3488 3487 7584
f 3487 2520 3603
f 7584 3603 3602
f 7587 3602 3601
f 7590 3601 2535
f 7589 7590 3574
f 7588 7589 3575
f 3610 7588 3576
f 3611 7585 7588
f 3612 7582 7585
f 7591 7592 7595
f 7592 7593 7596
f 7594 7595 7598
f 7595 7596 7599
f 2516 3474 7591
f 3474 3473 7592
f 3473 3472 7593
f 3472 2515 3606
f 7593 3606 3605
f 7596 3605 3604
f 7599 3604 2530
f 7598 7599 3559
f 7597 7598 3560
f 3613 7597 3561
f 3614 7594 7597
f 3615 7591 7594
f 7600 7601 7604
f 7601 7602 7605
f 7603 7604 7607
f 7604 7605 7608
f 2511 3459 7600
f 3459 3458 7601
f 3458 3457 7602
f 3457 2510 3609
f 7602 3609 3608
f 7605 3608 3607
f 7608 3607 2525
f 7607 7608 3544
f 7606 7607 3545
f 3616 7606 3546
f 3617 7603 7606
f 3618 7600 7603
f 7609 7610 7613
f 7610 7611 7614
f 7612 7613 7616
f 7613 7614 7617
f 2522 3492 7609
f 3492 3491 7610
f 3491 3490 7611
f 3490 2521 3612
f 7611 3612 3611
f 7614 3611 3610
f 7617 3610 2536
f 7616 7617 3577
f 7615 7616 3578
f 3619 7615 3579
f 3620 7612 7615
f 3621 7609 7612
f 7618 7619 7622
f 7619 7620 7623
f 7621 7622 7625
f 7622 7623 7626
f 2517 3477 7618
f 3477 3476 7619
f 3476 3475 7620
f 3475 2516 3615
f 7620 3615 3614
f 7623 3614 3613
f 7626 3613 2531
f 7625 7626 3562
f 7624 7625 3563
f 3622 7624 3564
f 3623 7621 7624
f 3624 7618 7621
f 7627 7628 7631
f 7628 7629 7632
f 7630 7631 7634
f 7631 7632 7635
f 2512 3462 7627
f 3462 3461 7628
f 3461 3460 7629
f 3460 2511 3618
f 7629 3618 3617
f 7632 3617 3616
f 7635 3616 2526
f 7634 7635 3547
f 7633 7634 3548
f 3582 7633 3549
f 3581 7630 7633
f 3580 7627 7630
f 7636 7637 7640
f 7637 7638 7641
f 7639 7640 7643
f 7640 7641 7644
f 2518 3480 7636
f 3480 3479 7637
f 3479 3478 7638
f 3478 2517 3624
f 7638 3624 3623
f 7641 3623 3622
f 7644 3622 2532
f 7643 7644 3565
f 7642 7643 3566
f 3591 7642 3567
f 3590 7639 7642
f 3589 7636 7639
f 7645 7646 7649
f 7646 7647 7650
f 7648 7649 7652
f 7649 7650 7653
f 2532 3564 7645
f 3564 3563 7646
f 3563 3562 7647
f 3562 2531 3667
f 7647 3667 3668
f 7650 3668 3669
f 7653 3669 2546
f 7652 7653 3649
f 7651 7652 3650
f 3670 7651 3651
f 3671 7648 7651
f 3672 7645 7648
f 7654 7655 7658
f 7655 7656 7659
f 7657 7658 7661
f 7658 7659 7662
f 2527 3549 7654
f 3549 3548 7655
f 3548 3547 7656
f 3547 2526 3673
f 7656 3673 3674
f 7659 3674 3675
f 7662 3675 2541
f 7661 7662 3634
f 7660 7661 3635
f 3676 7660 3636
f 3677 7657 7660
f 3678 7654 7657
f 7663 7664 7667
f 7664 7665 7668
f 7666 7667 7670
f 7667 7668 7671
f 2533 3567 7663
f 3567 3566 7664
f 3566 3565 7665
f 3565 2532 3672
f 7665 3672 3671
f 7668 3671 3670
f 7671 3670 2547
f 7670 7671 3652
f 7669 7670 3653
f 3682 7669 3654
f 3683 7666 7669
f 3684 7663 7666
f 7672 7673 7676
f 7673 7674 7677
f 7675 7676 7679
f 7676 7677 7680
f 2528 3552 7672
f 3552 3551 7673
f 3551 3550 7674
f 3550 2527 3678
f 7674 3678 3677
f 7677 3677 3676
f 7680 3676 2542
f 7679 7680 3637
f 7678 7679 3638
f 3685 7678 3639
f 3686 7675 7678
f 3687 7672 7675
f 7681 7682 7685
f 7682 7683 7686
f 7684 7685 7688
f 7685 7686 7689
f 2534 3570 7681
f 3570 3569 7682
f 3569 3568 7683
f 3568 2533 3684
f 7683 3684 3683
f 7686 3683 3682
f 7689 3682 2548
f 7688 7689 3655
f 7687 7688 3656
f 3691 7687 3657
f 3692 7684 7687
f 3693 7681 7684
f 7690 7691 7694
f 7691 7692 7695
f 7693 7694 7697
f 7694 7695 7698
f 2529 3555 7690
f 3555 3554 7691
f 3554 3553 7692
f 3553 2528 3687
f 7692 3687 3686
f 7695 3686 3685
f 7698 3685 2543
f 7697 7698 3640
f 7696 7697 3641
f 3694 7696 3642
f 3695 7693 7696
f 3696 7690 7693
f 7699 7700 7703
f 7700 7701 7704
f 7702 7703 7706
f 7703 7704 7707
f 2524 3540 7699
f 3540 3539 7700
f 3539 3538 7701
f 3538 2523 3690
f 7701 3690 3689
f 7704 3689 3688
f 7707 3688 2538
f 7706 7707 3625
f 7705 7706 3626
f 3697 7705 3627
f 3698 7702 7705
f 3699 7699 7702
f 7708 7709 7712
f 7709 7710 7713
f 7711 7712 7715
f 7712 7713 7716
f 2535 3573 7708
f 3573 3572 7709
f 3572 3571 7710
f 3571 2534 3693
f 7710 3693 3692
f 7713 3692 3691
f 7716 3691 2549
f 7715 7716 3658
f 7714 7715 3659
f 3700 7714 3660
f 3701 7711 7714
f 3702 7708 7711
f 7717 7718 7721
f 7718 7719 7722
f 7720 7721 7724
f 7721 7722 7725
f 2530 3558 7717
f 3558 3557 7718
f 3557 3556 7719
f 3556 2529 3696
f 7719 3696 3695
f 7722 3695 3694
f 7725 3694 2544
f 7724 7725 3643
f 7723 7724 3644
f 3703 7723 3645
f 3704 7720 7723
f 3705 7717 7720
f 7726 7727 7730
f 7727 7728 7731
f 7729 7730 7733
f 7730 7731 7734
f 2525 3543 7726
f 3543 3542 7727
f 3542 3541 7728
f 3541 2524 3699
f 7728 3699 3698
f 7731 3698 3697
f 7734 3697 2539
f 7733 7734 3628
f 7732 7733 3629
f 3706 7732 3630
f 3707 7729 7732
f 3708 7726 7729
f 7735 7736 7739
f 7736 7737 7740
f 7738 7739 7742
f 7739 7740 7743
f 2536 3576 7735
f 3576 3575 7736
f 3575 3574 7737
f 3574 2535 3702
f 7737 3702 3701
f 7740 3701 3700
f 7743 3700 2550
f 7742 7743 3661
f 7741 7742 3662
f 3709 7741 3663
f 3710 7738 7741
f 3711 7735 7738
f 7744 7745 7748
f 7745 7746 7749
f 7747 7748 7751
f 7748 7749 7752
f 2531 3561 7744
f 3561 3560 7745
f 3560 3559 7746
f 3559 2530 3705
f 7746 3705 3704
f 7749 3704 3703
f 7752 3703 2545
f 7751 7752 3646
f 7750 7751 3647
f 3669 7750 3648
f 3668 7747 7750
f 3667 7744 7747
f 7753 7754 7757
f 7754 7755 7758
f 7756 7757 7760
f 7757 7758 7761
f 2526 3546 7753
f 3546 3545 7754
f 3545 3544 7755
f 3544 2525 3708
f 7755 3708 3707
f 7758 3707 3706
f 7761 3706 2540
f 7760 7761 3631
f 7759 7760 3632
f 3675 7759 3633
f 3674 7756 7759
f 3673 7753 7756
f 7762 7763 7766
f 7763 7764 7767
f 7765 7766 7769
f 7766 7767 7770
f 2537 3579 7762
f 3579 3578 7763
f 3578 3577 7764
f 3577 2536 3711
f 7764 3711 3710
f 7767 3710 3709
f 7770 3709 2551
f 7769 7770 3664
f 7768 7769 3665
f 3681 7768 3666
f 3680 7765 7768
f 3679 7762 7765
f 7771 7772 7775
f 7772 7773 7776
f 7774 7775 7778
f 7775 7776 7779
f 2551 3663 7771
f 3663 3662 7772
f 3662 3661 7773
f 3661 2550 3754
f 7773 3754 3755
f 7776 3755 3756
f 7779 3756 2565
f 7778 7779 3748
f 7777 7778 3749
f 3757 7777 3750
f 3758 7774 7777
f 3759 7771 7774
f 7780 7781 7784
f 7781 7782 7785
f 7783 7784 7787
f 7784 7785 7788
f 2546 3648 7780
f 3648 3647 7781
f 3647 3646 7782
f 3646 2545 3760
f 7782 3760 3761
f 7785 3761 3762
f 7788 3762 2560
f 7787 7788 3733
f 7786 7787 3734
f 3763 7786 3735
f 3764 7783 7786
f 3765 7780 7783
f 7789 7790 7793
f 7790 7791 7794
f 7792 7793 7796
f 7793 7794 7797
f 2541 3633 7789
f 3633 3632 7790
f 3632 3631 7791
f 3631 2540 3766
f 7791 3766 3767
f 7794 3767 3768
f 7797 3768 2555
f 7796 7797 3718
f 7795 7796 3719
f 3769 7795 3720
f 3770 7792 7795
f 3771 7789 7792
f 7798 7799 7802
f 7799 7800 7803
f 7801 7802 7805
f 7802 7803 7806
f 2552 3666 7798
f 3666 3665 7799
f 3665 3664 7800
f 3664 2551 3759
f 7800 3759 3758
f 7803 3758 3757
f 7806 3757 2566
f 7805 7806 3751
f 7804 7805 3752
f 3772 7804 3753
f 3773 7801 7804
f 3774 7798 7801
f 7807 7808 7811
f 7808 7809 7812
f 7810 7811 7814
f 7811 7812 7815
f 2547 3651 7807
f 3651 3650 7808
f 3650 3649 7809
f 3649 2546 3765
f 7809 3765 3764
f 7812 3764 3763
f 7815 3763 2561
f 7814 7815 3736
f 7813 7814 3737
f 3775 7813 3738
f 3776 7810 7813
f 3777 7807 7810
f 7816 7817 7820
f 7817 7818 7821
f 7819 7820 7823
f 7820 7821 7824
f 2542 3636 7816
f 3636 3635 7817
f 3635 3634 7818
f 3634 2541 3771
f 7818 3771 3770
f 7821 3770 3769
f 7824 3769 2556
f 7823 7824 3721
f 7822 7823 3722
f 3778 7822 3723
f 3779 7819 7822
f 3780 7816 7819
f 7825 7826 7829
f 7826 7827 7830
f 7828 7829 7832
f 7829 7830 7833
f 2548 3654 7825
f 3654 3653 7826
f 3653 3652 7827
f 3652 2547 3777
f 7827 3777 3776
f 7830 3776 3775
f 7833 3775 2562
f 7832 7833 3739
f 7831 7832 3740
f 3781 7831 3741
f 3782 7828 7831
f 3783 7825 7828
f 7834 7835 7838
f 7835 7836 7839
f 7837 7838 7841
f 7838 7839 7842
f 2543 3639 7834
f 3639 3638 7835
f 3638 3637 7836
f 3637 2542 3780
f 7836 3780 3779
f 7839 3779 3778
f 7842 3778 2557
f 7841 7842 3724
f 7840 7841 3725
f 3784 7840 3726
f 3785 7837 7840
f 3786 7834 7837
f 7843 7844 7847
f 7844 7845 7848
f 7846 7847 7850
f 7847 7848 7851
f 2549 3657 7843
f 3657 3656 7844
f 3656 3655 7845
f 3655 2548 3783
f 7845 3783 3782
f 7848 3782 3781
f 7851 3781 2563
f 7850 7851 3742
f 7849 7850 3743
f 3790 7849 3744
f 3791 7846 7849
f 3792 7843 7846
f 7852 7853 7856
f 7853 7854 7857
f 7855 7856 7859
f 7856 7857 7860
f 2544 3642 7852
f 3642 3641 7853
f 3641 3640 7854
f 3640 2543 3786
f 7854 3786 3785
f 7857 3785 3784
f 7860 3784 2558
f 7859 7860 3727
f 7858 7859 3728
f 3793 7858 3729
f 3794 7855 7858
f 3795 7852 7855
f 7861 7862 7865
f 7862 7863 7866
f 7864 7865 7868
f 7865 7866 7869
f 2539 3627 7861
f 3627 3626 7862
f 3626 3625 7863
f 3625 2538 3789
f 7863 3789 3788
f 7866 3788 3787
f 7869 3787 2553
f 7868 7869 3712
f 7867 7868 3713
f 3796 7867 3714
f 3797 7864 7867
f 3798 7861 7864
f 7870 7871 7874
f 7871 7872 7875
f 7873 7874 7877
f 7874 7875 7878
f 2550 3660 7870
f 3660 3659 7871
f 3659 3658 7872
f 3658 2549 3792
f 7872 3792 3791
f 7875 3791 3790
f 7878 3790 2564
f 7877 7878 3745
f 7876 7877 3746
f 3756 7876 3747
f 3755 7873 7876
f 3754 7870 7873
f 7879 7880 7883
f 7880 7881 7884
f 7882 7883 7886
f 7883 7884 7887
f 2545 3645 7879
f 3645 3644 7880
f 3644 3643 7881
f 3643 2544 3795
f 7881 3795 3794
f 7884 3794 3793
f 7887 3793 2559
f 7886 7887 3730
f 7885 7886 3731
f 3762 7885 3732
f 3761 7882 7885
f 3760 7879 7882
f 7888 7889 7892
f 7889 7890 7893
f 7891 7892 7895
f 7892 7893 7896
f 2540 3630 7888
f 3630 3629 7889
f 3629 3628 7890
f 3628 2539 3798
f 7890 3798 3797
f 7893 3797 3796
f 7896 3796 2554
f 7895 7896 3715
f 7894 7895 3716
f 3768 7894 3717
f 3767 7891 7894
f 3766 7888 7891
f 7897 7898 7901
f 7898 7899 7902
f 7900 7901 7904
f 7901 7902 7905
f 2554 3714 7897
f 3714 3713 7898
f 3713 3712 7899
f 3712 2553 3838
f 7899 3838 3839
f 7902 3839 3840
f 7905 3840 2568
f 7904 7905 3799
f 7903 7904 3800
f 3841 7903 3801
f 3842 7900 7903
f 3843 7897 7900
f 7906 7907 7910
f 7907 7908 7911
f 7909 7910 7913
f 7910 7911 7914
f 2565 3747 7906
f 3747 3746 7907
f 3746 3745 7908
f 3745 2564 3844
f 7908 3844 3845
f 7911 3845 3846
f 7914 3846 2579
f 7913 7914 3832
f 7912 7913 3833
f 3847 7912 3834
f 3848 7909 7912
f 3849 7906 7909
f 7915 7916 7919
f 7916 7917 7920
f 7918 7919 7922
f 7919 7920 7923
f 2560 3732 7915
f 3732 3731 7916
f 3731 3730 7917
f 3730 2559 3850
f 7917 3850 3851
f 7920 3851 3852
f 7923 3852 2574
f 7922 7923 3817
f 7921 7922 3818
f 3853 7921 3819
f 3854 7918 7921
f 3855 7915 7918
f 7924 7925 7928
f 7925 7926 7929
f 7927 7928 7931
f 7928 7929 7932
f 2555 3717 7924
f 3717 3716 7925
f 3716 3715 7926
f 3715 2554 3843
f 7926 3843 3842
f 7929 3842 3841
f 7932 3841 2569
f 7931 7932 3802
f 7930 7931 3803
f 3856 7930 3804
f 3857 7927 7930
f 3858 7924 7927
f 7933 7934 7937
f 7934 7935 7938
f 7936 7937 7940
f 7937 7938 7941
f 2566 3750 7933
f 3750 3749 7934
f 3749 3748 7935
f 3748 2565 3849
f 7935 3849 3848
f 7938 3848 3847
f 7941 3847 2580
f 7940 7941 3835
f 7939 7940 3836
f 3859 7939 3837
f 3860 7936 7939
f 3861 7933 7936
f 7942 7943 7946
f 7943 7944 7947
f 7945 7946 7949
f 7946 7947 7950
f 2561 3735 7942
f 3735 3734 7943
f 3734 3733 7944
f 3733 2560 3855
f 7944 3855 3854
f 7947 3854 3853
f 7950 3853 2575
f 7949 7950 3820
f 7948 7949 3821
f 3862 7948 3822
f 3863 7945 7948
f 3864 7942 7945
f 7951 7952 7955
f 7952 7953 7956
f 7954 7955 7958
f 7955 7956 7959
f 2556 3720 7951
f 3720 3719 7952
f 3719 3718 7953
f 3718 2555 3858
f 7953 3858 3857
f 7956 3857 3856
f 7959 3856 2570
f 7958 7959 3805
f 7957 7958 3806
f 3865 7957 3807
f 3866 7954 7957
f 3867 7951 7954
f 7960 7961 7964
f 7961 7962 7965
f 7963 7964 7967
f 7964 7965 7968
f 2562 3738 7960
f 3738 3737 7961
f 3737 3736 7962
f 3736 2561 3864
f 7962 3864 3863
f 7965 3863 3862
f 7968 3862 2576
f 7967 7968 3823
f 7966 7967 3824
f 3868 7966 3825
f 3869 7963 7966
f 3870 7960 7963
f 7969 7970 7973
f 7970 7971 7974
f 7972 7973 7976
f 7973 7974 7977
f 2557 3723 7969
f 3723 3722 7970
f 3722 3721 7971
f 3721 2556 3867
f 7971 3867 3866
f 7974 3866 3865
f 7977 3865 2571
f 7976 7977 3808
f 7975 7976 3809
f 3871 7975 3810
f 3872 7972 7975
f 3873 7969 7972
f 7978 7979 7982
f 7979 7980 7983
f 7981 7982 7985
f 7982 7983 7986
f 2563 3741 7978
f 3741 3740 7979
f 3740 3739 7980
f 3739 2562 3870
f 7980 3870 3869
f 7983 3869 3868
f 7986 3868 2577
f 7985 7986 3826
f 7984 7985 3827
f 3874 7984 3828
f 3875 7981 7984
f 3876 7978 7981
f 7987 7988 7991
f 7988 7989 7992
f 7990 7991 7994
f 7991 7992 7995
f 2558 3726 7987
f 3726 3725 7988
f 3725 3724 7989
f 3724 2557 3873
f 7989 3873 3872
f 7992 3872 3871
f 7995 3871 2572
f 7994 7995 3811
f 7993 7994 3812
f 3877 7993 3813
f 3878 7990 7993
f 3879 7987 7990
f 7996 7997 8000
f 7997 7998 8001
f 7999 8000 8003
f 8000 8001 8004
f 2564 3744 7996
f 3744 3743 7997
f 3743 3742 7998
f 3742 2563 3876
f 7998 3876 3875
f 8001 3875 3874
f 8004 3874 2578
f 8003 8004 3829
f 8002 8003 3830
f 3846 8002 3831
f 3845 7999 8002
f 3844 7996 7999
f 8005 8006 8009
f 8006 8007 8010
f 8008 8009 8012
f 8009 8010 8013
f 2559 3729 8005
f 3729 3728 8006
f 3728 3727 8007
f 3727 2558 3879
f 8007 3879 3878
f 8010 3878 3877
f 8013 3877 2573
f 8012 8013 3814
f 8011 8012 3815
f 3852 8011 3816
f 3851 8008 8011
f 3850 8005 8008
f 8014 8015 8018
f 8015 8016 8019
f 8017 8018 8021
f 8018 8019 8022
f 2573 3813 8014
f 3813 3812 8015
f 3812 3811 8016
f 3811 2572 3922
f 8016 3922 3923
f 8019 3923 3924
f 8022 3924 2586
f 8021 8022 3892
f 8020 8021 3893
f 3925 8020 3894
f 3926 8017 8020
f 3927 8014 8017
f 8023 8024 8027
f 8024 8025 8028
f 8026 8027 8030
f 8027 8028 8031
f 2579 3831 8023
f 3831 3830 8024
f 3830 3829 8025
f 3829 2578 3931
f 8025 3931 3932
f 8028 3932 3933
f 8031 3933 2592
f 8030 8031 3910
f 8029 8030 3911
f 3934 8029 3912
f 3935 8026 8029
f 3936 8023 8026
f 8032 8033 8036
f 8033 8034 8037
f 8035 8036 8039
f 8036 8037 8040
f 2574 3816 8032
f 3816 3815 8033
f 3815 3814 8034
f 3814 2573 3927
f 8034 3927 3926
f 8037 3926 3925
f 8040 3925 2587
f 8039 8040 3895
f 8038 8039 3896
f 3937 8038 3897
f 3938 8035 8038
f 3939 8032 8035
f 8041 8042 8045
f 8042 8043 8046
f 8044 8045 8048
f 8045 8046 8049
f 2569 3801 8041
f 3801 3800 8042
f 3800 3799 8043
f 3799 2568 3930
f 8043 3930 3929
f 8046 3929 3928
f 8049 3928 2582
f 8048 8049 3880
f 8047 8048 3881
f 3940 8047 3882
f 3941 8044 8047
f 3942 8041 8044
f 8050 8051 8054
f 8051 8052 8055
f 8053 8054 8057
f 8054 8055 8058
f 2580 3834 8050
f 3834 3833 8051
f 3833 3832 8052
f 3832 2579 3936
f 8052 3936 3935
f 8055 3935 3934
f 8058 3934 2593
f 8057 8058 3913
f 8056 8057 3914
f 3943 8056 3915
f 3944 8053 8056
f 3945 8050 8053
f 8059 8060 8063
f 8060 8061 8064
f 8062 8063 8066
f 8063 8064 8067
f 2575 3819 8059
f 3819 3818 8060
f 3818 3817 8061
f 3817 2574 3939
f 8061 3939 3938
f 8064 3938 3937
f 8067 3937 2588
f 8066 8067 3898
f 8065 8066 3899
f 3946 8065 3900
f 3947 8062 8065
f 3948 8059 8062
f 8068 8069 8072
f 8069 8070 8073
f 8071 8072 8075
f 8072 8073 8076
f 2570 3804 8068
f 3804 3803 8069
f 3803 3802 8070
f 3802 2569 3942
f 8070 3942 3941
f 8073 3941 3940
f 8076 3940 2583
f 8075 8076 3883
f 8074 8075 3884
f 3949 8074 3885
f 3950 8071 8074
f 3951 8068 8071
f 8077 8078 8081
f 8078 8079 8082
f 8080 8081 8084
f 8081 8082 8085
f 2581 3837 8077
f 3837 3836 8078
f 3836 3835 8079
f 3835 2580 3945
f 8079 3945 3944
f 8082 3944 3943
f 8085 3943 2594
f 8084 8085 3916
f 8083 8084 3917
f 3952 8083 3918
f 3953 8080 8083
f 3954 8077 8080
f 8086 8087 8090
f 8087 8088 8091
f 8089 8090 8093
f 8090 8091 8094
f 2576 3822 8086
f 3822 3821 8087
f 3821 3820 8088
f 3820 2575 3948
f 8088 3948 3947
f 8091 3947 3946
f 8094 3946 2589
f 8093 8094 3901
f 8092 8093 3902
f 3955 8092 3903
f 3956 8089 8092
f 3957 8086 8089
f 8095 8096 8099
f 8096 8097 8100
f 8098 8099 8102
f 8099 8100 8103
f 2571 3807 8095
f 3807 3806 8096
f 3806 3805 8097
f 3805 2570 3951
f 8097 3951 3950
f 8100 3950 3949
f 8103 3949 2584
f 8102 8103 3886
f 8101 8102 3887
f 3958 8101 3888
f 3959 8098 8101
f 3960 8095 8098
f 8104 8105 8108
f 8105 8106 8109
f 8107 8108 8111
f 8108 8109 8112
f 2577 3825 8104
f 3825 3824 8105
f 3824 3823 8106
f 3823 2576 3957
f 8106 3957 3956
f 8109 3956 3955
f 8112 3955 2590
f 8111 8112 3904
f 8110 8111 3905
f 3961 8110 3906
f 3962 8107 8110
f 3963 8104 8107
f 8113 8114 8117
f 8114 8115 8118
f 8116 8117 8120
f 8117 8118 8121
f 2572 3810 8113
f 3810 3809 8114
f 3809 3808 8115
f 3808 2571 3960
f 8115 3960 3959
f 8118 3959 3958
f 8121 3958 2585
f 8120 8121 3889
f 8119 8120 3890
f 3924 8119 3891
f 3923 8116 8119
f 3922 8113 8116
f 8122 8123 8126
f 8123 8124 8127
f 8125 8126 8129
f 8126 8127 8130
f 2578 3828 8122
f 3828 3827 8123
f 3827 3826 8124
f 3826 2577 3963
f 8124 3963 3962
f 8127 3962 3961
f 8130 3961 2591
f 8129 8130 3907
f 8128 8129 3908
f 3933 8128 3909
f 3932 8125 8128
f 3931 8122 8125
f 8131 8132 8135
f 8132 8133 8136
f 8134 8135 8138
f 8135 8136 8139
f 2591 3906 8131
f 3906 3905 8132
f 3905 3904 8133
f 3904 2590 4006
f 8133 4006 4007
f 8136 4007 4008
f 8139 4008 2605
f 8138 8139 3988
f 8137 8138 3989
f 4009 8137 3990
f 4010 8134 8137
f 4011 8131 8134
f 8140 8141 8144
f 8141 8142 8145
f 8143 8144 8147
f 8144 8145 8148
f 2586 3891 8140
f 3891 3890 8141
f 3890 3889 8142
f 3889 2585 4012
f 8142 4012 4013
f 8145 4013 4014
f 8148 4014 2600
f 8147 8148 3973
f 8146 8147 3974
f 4015 8146 3975
f 4016 8143 8146
f 4017 8140 8143
f 8149 8150 8153
f 8150 8151 8154
f 8152 8153 8156
f 8153 8154 8157
f 2592 3909 8149
f 3909 3908 8150
f 3908 3907 8151
f 3907 2591 4011
f 8151 4011 4010
f 8154 4010 4009
f 8157 4009 2606
f 8156 8157 3991
f 8155 8156 3992
f 4021 8155 3993
f 4022 8152 8155
f 4023 8149 8152
f 8158 8159 8162
f 8159 8160 8163
f 8161 8162 8165
f 8162 8163 8166
f 2587 3894 8158
f 3894 3893 8159
f 3893 3892 8160
f 3892 2586 4017
f 8160 4017 4016
f 8163 4016 4015
f 8166 4015 2601
f 8165 8166 3976
f 8164 8165 3977
f 4024 8164 3978
f 4025 8161 8164
f 4026 8158 8161
f 8167 8168 8171
f 8168 8169 8172
f 8170 8171 8174
f 8171 8172 8175
f 2593 3912 8167
f 3912 3911 8168
f 3911 3910 8169
f 3910 2592 4023
f 8169 4023 4022
f 8172 4022 4021
f 8175 4021 2607
f 8174 8175 3994
f 8173 8174 3995
f 4030 8173 3996
f 4031 8170 8173
f 4032 8167 8170
f 8176 8177 8180
f 8177 8178 8181
f 8179 8180 8183
f 8180 8181 8184
f 2588 3897 8176
f 3897 3896 8177
f 3896 3895 8178
f 3895 2587 4026
f 8178 4026 4025
f 8181 4025 4024
f 8184 4024 2602
f 8183 8184 3979
f 8182 8183 3980
f 4033 8182 3981
f 4034 8179 8182
f 4035 8176 8179
f 8185 8186 8189
f 8186 8187 8190
f 8188 8189 8192
f 8189 8190 8193
f 2583 3882 8185
f 3882 3881 8186
f 3881 3880 8187
f 3880 2582 4029
f 8187 4029 4028
f 8190 4028 4027
f 8193 4027 2597
f 8192 8193 3964
f 8191 8192 3965
f 4036 8191 3966
f 4037 8188 8191
f 4038 8185 8188
f 8194 8195 8198
f 8195 8196 8199
f 8197 8198 8201
f 8198 8199 8202
f 2594 3915 8194
f 3915 3914 8195
f 3914 3913 8196
f 3913 2593 4032
f 8196 4032 4031
f 8199 4031 4030
f 8202 4030 2608
f 8201 8202 3997
f 8200 8201 3998
f 4039 8200 3999
f 4040 8197 8200
f 4041 8194 8197
f 8203 8204 8207
f 8204 8205 8208
f 8206 8207 8210
f 8207 8208 8211
f 2589 3900 8203
f 3900 3899 8204
f 3899 3898 8205
f 3898 2588 4035
f 8205 4035 4034
f 8208 4034 4033
f 8211 4033 2603
f 8210 8211 3982
f 8209 8210 3983
f 4042 8209 3984
f 4043 8206 8209
f 4044 8203 8206
f 8212 8213 8216
f 8213 8214 8217
f 8215 8216 8219
f 8216 8217 8220
f 2584 3885 8212
f 3885 3884 8213
f 3884 3883 8214
f 3883 2583 4038
f 8214 4038 4037
f 8217 4037 4036
f 8220 4036 2598
f 8219 8220 3967
f 8218 8219 3968
f 4045 8218 3969
f 4046 8215 8218
f 4047 8212 8215
f 8221 8222 8225
f 8222 8223 8226
f 8224 8225 8228
f 8225 8226 8229
f 2595 3918 8221
f 3918 3917 8222
f 3917 3916 8223
f 3916 2594 4041
f 8223 4041 4040
f 8226 4040 4039
f 8229 4039 2609
f 8228 8229 4000
f 8227 8228 4001
f 4048 8227 4002
f 4049 8224 8227
f 4050 8221 8224
f 8230 8231 8234
f 8231 8232 8235
f 8233 8234 8237
f 8234 8235 8238
f 2590 3903 8230
f 3903 3902 8231
f 3902 3901 8232
f 3901 2589 4044
f 8232 4044 4043
f 8235 4043 4042
f 8238 4042 2604
f 8237 8238 3985
f 8236 8237 3986
f 4008 8236 3987
f 4007 8233 8236
f 4006 8230 8233
f 8239 8240 8243
f 8240 8241 8244
f 8242 8243 8246
f 8243 8244 8247
f 2585 3888 8239
f 3888 3887 8240
f 3887 3886 8241
f 3886 2584 4047
f 8241 4047 4046
f 8244 4046 4045
f 8247 4045 2599
f 8246 8247 3970
f 8245 8246 3971
f 4014 8245 3972
f 4013 8242 8245
f 4012 8239 8242
f 8248 8249 8252
f 8249 8250 8253
f 8251 8252 8255
f 8252 8253 8256
f 2596 3921 8248
f 3921 3920 8249
f 3920 3919 8250
f 3919 2595 4050
f 8250 4050 4049
f 8253 4049 4048
f 8256 4048 2610
f 8255 8256 4003
f 8254 8255 4004
f 4020 8254 4005
f 4019 8251 8254
f 4018 8248 8251
f 8257 8258 8261
f 8258 8259 8262
f 8260 8261 8264
f 8261 8262 8265
f 2610 4002 8257
f 4002 4001 8258
f 4001 4000 8259
f 4000 2609 4090
f 8259 4090 4091
f 8262 4091 4092
f 8265 4092 2624
f 8264 8265 4087
f 8263 8264 4088
f 4093 8263 4089
f 4094 8260 8263
f 4095 8257 8260
f 8266 8267 8270
f 8267 8268 8271
f 8269 8270 8273
f 8270 8271 8274
f 2605 3987 8266
f 3987 3986 8267
f 3986 3985 8268
f 3985 2604 4096
f 8268 4096 4097
f 8271 4097 4098
f 8274 4098 2619
f 8273 8274 4072
f 8272 8273 4073
f 4099 8272 4074
f 4100 8269 8272
f 4101 8266 8269
f 8275 8276 8279
f 8276 8277 8280
f 8278 8279 8282
f 8279 8280 8283
f 2600 3972 8275
f 3972 3971 8276
f 3971 3970 8277
f 3970 2599 4102
f 8277 4102 4103
f 8280 4103 4104
f 8283 4104 2614
f 8282 8283 4057
f 8281 8282 4058
f 4105 8281 4059
f 4106 8278 8281
f 4107 8275 8278
f 8284 8285 8288
f 8285 8286 8289
f 8287 8288 8291
f 8288 8289 8292
f 2606 3990 8284
f 3990 3989 8285
f 3989 3988 8286
f 3988 2605 4101
f 8286 4101 4100
f 8289 4100 4099
f 8292 4099 2620
f 8291 8292 4075
f 8290 8291 4076
f 4108 8290 4077
f 4109 8287 8290
f 4110 8284 8287
f 8293 8294 8297
f 8294 8295 8298
f 8296 8297 8300
f 8297 8298 8301
f 2601 3975 8293
f 3975 3974 8294
f 3974 3973 8295
f 3973 2600 4107
f 8295 4107 4106
f 8298 4106 4105
f 8301 4105 2615
f 8300 8301 4060
f 8299 8300 4061
f 4111 8299 4062
f 4112 8296 8299
f 4113 8293 8296
f 8302 8303 8306
f 8303 8304 8307
f 8305 8306 8309
f 8306 8307 8310
f 2607 3993 8302
f 3993 3992 8303
f 3992 3991 8304
f 3991 2606 4110
f 8304 4110 4109
f 8307 4109 4108
f 8310 4108 2621
f 8309 8310 4078
f 8308 8309 4079
f 4114 8308 4080
f 4115 8305 8308
f 4116 8302 8305
f 8311 8312 8315
f 8312 8313 8316
f 8314 8315 8318
f 8315 8316 8319
f 2602 3978 8311
f 3978 3977 8312
f 3977 3976 8313
f 3976 2601 4113
f 8313 4113 4112
f 8316 4112 4111
f 8319 4111 2616
f 8318 8319 4063
f 8317 8318 4064
f 4117 8317 4065
f 4118 8314 8317
f 4119 8311 8314
f 8320 8321 8324
f 8321 8322 8325
f 8323 8324 8327
f 8324 8325 8328
f 2608 3996 8320
f 3996 3995 8321
f 3995 3994 8322
f 3994 2607 4116
f 8322 4116 4115
f 8325 4115 4114
f 8328 4114 2622
f 8327 8328 4081
f 8326 8327 4082
f 4123 8326 4083
f 4124 8323 8326
f 4125 8320 8323
f 8329 8330 8333
f 8330 8331 8334
f 8332 8333 8336
f 8333 8334 8337
f 2603 3981 8329
f 3981 3980 8330
f 3980 3979 8331
f 3979 2602 4119
f 8331 4119 4118
f 8334 4118 4117
f 8337 4117 2617
f 8336 8337 4066
f 8335 8336 4067
f 4126 8335 4068
f 4127 8332 8335
f 4128 8329 8332
f 8338 8339 8342
f 8339 8340 8343
f 8341 8342 8345
f 8342 8343 8346
f 2598 3966 8338
f 3966 3965 8339
f 3965 3964 8340
f 3964 2597 4122
f 8340 4122 4121
f 8343 4121 4120
f 8346 4120 2612
f 8345 8346 4051
f 8344 8345 4052
f 4129 8344 4053
f 4130 8341 8344
f 4131 8338 8341
f 8347 8348 8351
f 8348 8349 8352
f 8350 8351 8354
f 8351 8352 8355
f 2609 3999 8347
f 3999 3998 8348
f 3998 3997 8349
f 3997 2608 4125
f 8349 4125 4124
f 8352 4124 4123
f 8355 4123 2623
f 8354 8355 4084
f 8353 8354 4085
f 4092 8353 4086
f 4091 8350 8353
f 4090 8347 8350
f 8356 8357 8360
f 8357 8358 8361
f 8359 8360 8363
f 8360 8361 8364
f 2604 3984 8356
f 3984 3983 8357
f 3983 3982 8358
f 3982 2603 4128
f 8358 4128 4127
f 8361 4127 4126
f 8364 4126 2618
f 8363 8364 4069
f 8362 8363 4070
f 4098 8362 4071
f 4097 8359 8362
f 4096 8356 8359
f 8365 8366 8369
f 8366 8367 8370
f 8368 8369 8372
f 8369 8370 8373
f 2599 3969 8365
f 3969 3968 8366
f 3968 3967 8367
f 3967 2598 4131
f 8367 4131 4130
f 8370 4130 4129
f 8373 4129 2613
f 8372 8373 4054
f 8371 8372 4055
f 4104 8371 4056
f 4103 8368 8371
f 4102 8365 8368
f 8374 8375 8378
f 8375 8376 8379
f 8377 8378 8381
f 8378 8379 8382
f 2624 4086 8374
f 4086 4085 8375
f 4085 4084 8376
f 4084 2623 4174
f 8376 4174 4175
f 8379 4175 4176
f 8382 4176 2637
f 8381 8382 4165
f 8380 8381 4166
f 4177 8380 4167
f 4178 8377 8380
f 4179 8374 8377
f 8383 8384 8387
f 8384 8385 8388
f 8386 8387 8390
f 8387 8388 8391
f 2619 4071 8383
f 4071 4070 8384
f 4070 4069 8385
f 4069 2618 4180
f 8385 4180 4181
f 8388 4181 4182
f 8391 4182 2632
f 8390 8391 4150
f 8389 8390 4151
f 4183 8389 4152
f 4184 8386 8389
f 4185 8383 8386
f 8392 8393 8396
f 8393 8394 8397
f 8395 8396 8399
f 8396 8397 8400
f 2614 4056 8392
f 4056 4055 8393
f 4055 4054 8394
f 4054 2613 4186
f 8394 4186 4187
f 8397 4187 4188
f 8400 4188 2627
f 8399 8400 4135
f 8398 8399 4136
f 4189 8398 4137
f 4190 8395 8398
f 4191 8392 8395
f 8401 8402 8405
f 8402 8403 8406
f 8404 8405 8408
f 8405 8406 8409
f 2625 4089 8401
f 4089 4088 8402
f 4088 4087 8403
f 4087 2624 4179
f 8403 4179 4178
f 8406 4178 4177
f 8409 4177 2638
f 8408 8409 4168
f 8407 8408 4169
f 4192 8407 4170
f 4193 8404 8407
f 4194 8401 8404
f 8410 8411 8414
f 8411 8412 8415
f 8413 8414 8417
f 8414 8415 8418
f 2620 4074 8410
f 4074 4073 8411
f 4073 4072 8412
f 4072 2619 4185
f 8412 4185 4184
f 8415 4184 4183
f 8418 4183 2633
f 8417 8418 4153
f 8416 8417 4154
f 4195 8416 4155
f 4196 8413 8416
f 4197 8410 8413
f 8419 8420 8423
f 8420 8421 8424
f 8422 8423 8426
f 8423 8424 8427
f 2615 4059 8419
f 4059 4058 8420
f 4058 4057 8421
f 4057 2614 4191
f 8421 4191 4190
f 8424 4190 4189
f 8427 4189 2628
f 8426 8427 4138
f 8425 8426 4139
f 4198 8425 4140
f 4199 8422 8425
f 4200 8419 8422
f 8428 8429 8432
f 8429 8430 8433
f 8431 8432 8435
f 8432 8433 8436
f 2621 4077 8428
f 4077 4076 8429
f 4076 4075 8430
f 4075 2620 4197
f 8430 4197 4196
f 8433 4196 4195
f 8436 4195 2634
f 8435 8436 4156
f 8434 8435 4157
f 4201 8434 4158
f 4202 8431 8434
f 4203 8428 8431
f 8437 8438 8441
f 8438 8439 8442
f 8440 8441 8444
f 8441 8442 8445
f 2616 4062 8437
f 4062 4061 8438
f 4061 4060 8439
f 4060 2615 4200
f 8439 4200 4199
f 8442 4199 4198
f 8445 4198 2629
f 8444 8445 4141
f 8443 8444 4142
f 4204 8443 4143
f 4205 8440 8443
f 4206 8437 8440
f 8446 8447 8450
f 8447 8448 8451
f 8449 8450 8453
f 8450 8451 8454
f 2622 4080 8446
f 4080 4079 8447
f 4079 4078 8448
f 4078 2621 4203
f 8448 4203 4202
f 8451 4202 4201
f 8454 4201 2635
f 8453 8454 4159
f 8452 8453 4160
f 4207 8452 4161
f 4208 8449 8452
f 4209 8446 8449
f 8455 8456 8459
f 8456 8457 8460
f 8458 8459 8462
f 8459 8460 8463
f 2617 4065 8455
f 4065 4064 8456
f 4064 4063 8457
f 4063 2616 4206
f 8457 4206 4205
f 8460 4205 4204
f 8463 4204 2630
f 8462 8463 4144
f 8461 8462 4145
f 4210 8461 4146
f 4211 8458 8461
f 4212 8455 8458
f 8464 8465 8468
f 8465 8466 8469
f 8467 8468 8471
f 8468 8469 8472
f 2623 4083 8464
f 4083 4082 8465
f 4082 4081 8466
f 4081 2622 4209
f 8466 4209 4208
f 8469 4208 4207
f 8472 4207 2636
f 8471 8472 4162
f 8470 8471 4163
f 4176 8470 4164
f 4175 8467 8470
f 4174 8464 8467
f 8473 8474 8477
f 8474 8475 8478
f 8476 8477 8480
f 8477 8478 8481
f 2618 4068 8473
f 4068 4067 8474
f 4067 4066 8475
f 4066 2617 4212
f 8475 4212 4211
f 8478 4211 4210
f 8481 4210 2631
f 8480 8481 4147
f 8479 8480 4148
f 4182 8479 4149
f 4181 8476 8479
f 4180 8473 8476
f 8482 8483 8486
f 8483 8484 8487
f 8485 8486 8489
f 8486 8487 8490
f 2613 4053 8482
f 4053 4052 8483
f 4052 4051 8484
f 4051 2612 4215
f 8484 4215 4214
f 8487 4214 4213
f 8490 4213 2626
f 8489 8490 4132
f 8488 8489 4133
f 4188 8488 4134
f 4187 8485 8488
f 4186 8482 8485
f 8491 8492 8495
f 8492 8493 8496
f 8494 8495 8498
f 8495 8496 8499
f 2637 4164 8491
f 4164 4163 8492
f 4163 4162 8493
f 4162 2636 4261
f 8493 4261 4262
f 8496 4262 4263
f 8499 4263 2651
f 8498 8499 4246
f 8497 8498 4247
f 4264 8497 4248
f 4265 8494 8497
f 4266 8491 8494
f 8500 8501 8504
f 8501 8502 8505
f 8503 8504 8507
f 8504 8505 8508
f 2632 4149 8500
f 4149 4148 8501
f 4148 4147 8502
f 4147 2631 4267
f 8502 4267 4268
f 8505 4268 4269
f 8508 4269 2646
f 8507 8508 4231
f 8506 8507 4232
f 4270 8506 4233
f 4271 8503 8506
f 4272 8500 8503
f 8509 8510 8513
f 8510 8511 8514
f 8512 8513 8516
f 8513 8514 8517
f 2627 4134 8509
f 4134 4133 8510
f 4133 4132 8511
f 4132 2626 4260
f 8511 4260 4259
f 8514 4259 4258
f 8517 4258 2641
f 8516 8517 4216
f 8515 8516 4217
f 4273 8515 4218
f 4274 8512 8515
f 4275 8509 8512
f 8518 8519 8522
f 8519 8520 8523
f 8521 8522 8525
f 8522 8523 8526
f 2638 4167 8518
f 4167 4166 8519
f 4166 4165 8520
f 4165 2637 4266
f 8520 4266 4265
f 8523 4265 4264
f 8526 4264 2652
f 8525 8526 4249
f 8524 8525 4250
f 4276 8524 4251
f 4277 8521 8524
f 4278 8518 8521
f 8527 8528 8531
f 8528 8529 8532
f 8530 8531 8534
f 8531 8532 8535
f 2633 4152 8527
f 4152 4151 8528
f 4151 4150 8529
f 4150 2632 4272
f 8529 4272 4271
f 8532 4271 4270
f 8535 4270 2647
f 8534 8535 4234
f 8533 8534 4235
f 4279 8533 4236
f 4280 8530 8533
f 4281 8527 8530
f 8536 8537 8540
f 8537 8538 8541
f 8539 8540 8543
f 8540 8541 8544
f 2628 4137 8536
f 4137 4136 8537
f 4136 4135 8538
f 4135 2627 4275
f 8538 4275 4274
f 8541 4274 4273
f 8544 4273 2642
f 8543 8544 4219
f 8542 8543 4220
f 4282 8542 4221
f 4283 8539 8542
f 4284 8536 8539
f 8545 8546 8549
f 8546 8547 8550
f 8548 8549 8552
f 8549 8550 8553
f 2639 4170 8545
f 4170 4169 8546
f 4169 4168 8547
f 4168 2638 4278
f 8547 4278 4277
f 8550 4277 4276
f 8553 4276 2653
f 8552 8553 4252
f 8551 8552 4253
f 4285 8551 4254
f 4286 8548 8551
f 4287 8545 8548
f 8554 8555 8558
f 8555 8556 8559
f 8557 8558 8561
f 8558 8559 8562
f 2634 4155 8554
f 4155 4154 8555
f 4154 4153 8556
f 4153 2633 4281
f 8556 4281 4280
f 8559 4280 4279
f 8562 4279 2648
f 8561 8562 4237
f 8560 8561 4238
f 4288 8560 4239
f 4289 8557 8560
f 4290 8554 8557
f 8563 8564 8567
f 8564 8565 8568
f 8566 8567 8570
f 8567 8568 8571
f 2629 4140 8563
f 4140 4139 8564
f 4139 4138 8565
f 4138 2628 4284
f 8565 4284 4283
f 8568 4283 4282
f 8571 4282 2643
f 8570 8571 4222
f 8569 8570 4223
f 4291 8569 4224
f 4292 8566 8569
f 4293 8563 8566
f 8572 8573 8576
f 8573 8574 8577
f 8575 8576 8579
f 8576 8577 8580
f 2640 4173 8572
f 4173 4172 8573
f 4172 4171 8574
f 4171 2639 4287
f 8574 4287 4286
f 8577 4286 4285
f 8580 4285 2654
f 8579 8580 4255
f 8578 8579 4256
f 4294 8578 4257
f 4295 8575 8578
f 4296 8572 8575
f 8581 8582 8585
f 8582 8583 8586
f 8584 8585 8588
f 8585 8586 8589
f 2635 4158 8581
f 4158 4157 8582
f 4157 4156 8583
f 4156 2634 4290
f 8583 4290 4289
f 8586 4289 4288
f 8589 4288 2649
f 8588 8589 4240
f 8587 8588 4241
f 4297 8587 4242
f 4298 8584 8587
f 4299 8581 8584
f 8590 8591 8594
f 8591 8592 8595
f 8593 8594 8597
f 8594 8595 8598
f 2630 4143 8590
f 4143 4142 8591
f 4142 4141 8592
f 4141 2629 4293
f 8592 4293 4292
f 8595 4292 4291
f 8598 4291 2644
f 8597 8598 4225
f 8596 8597 4226
f 4300 8596 4227
f 4301 8593 8596
f 4302 8590 8593
f 8599 8600 8603
f 8600 8601 8604
f 8602 8603 8606
f 8603 8604 8607
f 2636 4161 8599
f 4161 4160 8600
f 4160 4159 8601
f 4159 2635 4299
f 8601 4299 4298
f 8604 4298 4297
f 8607 4297 2650
f 8606 8607 4243
f 8605 8606 4244
f 4263 8605 4245
f 4262 8602 8605
f 4261 8599 8602
f 8608 8609 8612
f 8609 8610 8613
f 8611 8612 8615
f 8612 8613 8616
f 2631 4146 8608
f 4146 4145 8609
f 4145 4144 8610
f 4144 2630 4302
f 8610 4302 4301
f 8613 4301 4300
f 8616 4300 2645
f 8615 8616 4228
f 8614 8615 4229
f 4269 8614 4230
f 4268 8611 8614
f 4267 8608 8611
f 8617 8618 8621
f 8618 8619 8622
f 8620 8621 8624
f 8621 8622 8625
f 2645 4227 8617
f 4227 4226 8618
f 4226 4225 8619
f 4225 2644 4345
f 8619 4345 4346
f 8622 4346 4347
f 8625 4347 2659
f 8624 8625 4312
f 8623 8624 4313
f 4348 8623 4314
f 4349 8620 8623
f 4350 8617 8620
f 8626 8627 8630
f 8627 8628 8631
f 8629 8630 8633
f 8630 8631 8634
f 2651 4245 8626
f 4245 4244 8627
f 4244 4243 8628
f 4243 2650 4354
f 8628 4354 4355
f 8631 4355 4356
f 8634 4356 2665
f 8633 8634 4330
f 8632 8633 4331
f 4357 8632 4332
f 4358 8629 8632
f 4359 8626 8629
f 8635 8636 8639
f 8636 8637 8640
f 8638 8639 8642
f 8639 8640 8643
f 2646 4230 8635
f 4230 4229 8636
f 4229 4228 8637
f 4228 2645 4350
f 8637 4350 4349
f 8640 4349 4348
f 8643 4348 2660
f 8642 8643 4315
f 8641 8642 4316
f 4360 8641 4317
f 4361 8638 8641
f 4362 8635 8638
f 8644 8645 8648
f 8645 8646 8649
f 8647 8648 8651
f 8648 8649 8652
f 2652 4248 8644
f 4248 4247 8645
f 4247 4246 8646
f 4246 2651 4359
f 8646 4359 4358
f 8649 4358 4357
f 8652 4357 2666
f 8651 8652 4333
f 8650 8651 4334
f 4366 8650 4335
f 4367 8647 8650
f 4368 8644 8647
f 8653 8654 8657
f 8654 8655 8658
f 8656 8657 8660
f 8657 8658 8661
f 2647 4233 8653
f 4233 4232 8654
f 4232 4231 8655
f 4231 2646 4362
f 8655 4362 4361
f 8658 4361 4360
f 8661 4360 2661
f 8660 8661 4318
f 8659 8660 4319
f 4369 8659 4320
f 4370 8656 8659
f 4371 8653 8656
f 8662 8663 8666
f 8663 8664 8667
f 8665 8666 8669
f 8666 8667 8670
f 2642 4218 8662
f 4218 4217 8663
f 4217 4216 8664
f 4216 2641 4365
f 8664 4365 4364
f 8667 4364 4363
f 8670 4363 2656
f 8669 8670 4303
f 8668 8669 4304
f 4372 8668 4305
f 4373 8665 8668
f 4374 8662 8665
f 8671 8672 8675
f 8672 8673 8676
f 8674 8675 8678
f 8675 8676 8679
f 2653 4251 8671
f 4251 4250 8672
f 4250 4249 8673
f 4249 2652 4368
f 8673 4368 4367
f 8676 4367 4366
f 8679 4366 2667
f 8678 8679 4336
f 8677 8678 4337
f 4375 8677 4338
f 4376 8674 8677
f 4377 8671 8674
f 8680 8681 8684
f 8681 8682 8685
f 8683 8684 8687
f 8684 8685 8688
f 2648 4236 8680
f 4236 4235 8681
f 4235 4234 8682
f 4234 2647 4371
f 8682 4371 4370
f 8685 4370 4369
f 8688 4369 2662
f 8687 8688 4321
f 8686 8687 4322
f 4378 8686 4323
f 4379 8683 8686
f 4380 8680 8683
f 8689 8690 8693
f 8690 8691 8694
f 8692 8693 8696
f 8693 8694 8697
f 2643 4221 8689
f 4221 4220 8690
f 4220 4219 8691
f 4219 2642 4374
f 8691 4374 4373
f 8694 4373 4372
f 8697 4372 2657
f 8696 8697 4306
f 8695 8696 4307
f 4381 8695 4308
f 4382 8692 8695
f 4383 8689 8692
f 8698 8699 8702
f 8699 8700 8703
f 8701 8702 8705
f 8702 8703 8706
f 2654 4254 8698
f 4254 4253 8699
f 4253 4252 8700
f 4252 2653 4377
f 8700 4377 4376
f 8703 4376 4375
f 8706 4375 2668
f 8705 8706 4339
f 8704 8705 4340
f 4384 8704 4341
f 4385 8701 8704
f 4386 8698 8701
f 8707 8708 8711
f 8708 8709 8712
f 8710 8711 8714
f 8711 8712 8715
f 2649 4239 8707
f 4239 4238 8708
f 4238 4237 8709
f 4237 2648 4380
f 8709 4380 4379
f 8712 4379 4378
f 8715 4378 2663
f 8714 8715 4324
f 8713 8714 4325
f 4387 8713 4326
f 4388 8710 8713
f 4389 8707 8710
f 8716 8717 8720
f 8717 8718 8721
f 8719 8720 8723
f 8720 8721 8724
f 2644 4224 8716
f 4224 4223 8717
f 4223 4222 8718
f 4222 2643 4383
f 8718 4383 4382
f 8721 4382 4381
f 8724 4381 2658
f 8723 8724 4309
f 8722 8723 4310
f 4347 8722 4311
f 4346 8719 8722
f 4345 8716 8719
f 8725 8726 8729
f 8726 8727 8730
f 8728 8729 8732
f 8729 8730 8733
f 2655 4257 8725
f 4257 4256 8726
f 4256 4255 8727
f 4255 2654 4386
f 8727 4386 4385
f 8730 4385 4384
f 8733 4384 2669
f 8732 8733 4342
f 8731 8732 4343
f 4353 8731 4344
f 4352 8728 8731
f 4351 8725 8728
f 8734 8735 8738
f 8735 8736 8739
f 8737 8738 8741
f 8738 8739 8742
f 2650 4242 8734
f 4242 4241 8735
f 4241 4240 8736
f 4240 2649 4389
f 8736 4389 4388
f 8739 4388 4387
f 8742 4387 2664
f 8741 8742 4327
f 8740 8741 4328
f 4356 8740 4329
f 4355 8737 8740
f 4354 8734 8737
f 8743 8744 8747
f 8744 8745 8748
f 8746 8747 8750
f 8747 8748 8751
f 2664 4326 8743
f 4326 4325 8744
f 4325 4324 8745
f 4324 2663 4429
f 8745 4429 4430
f 8748 4430 4431
f 8751 4431 2678
f 8750 8751 4411
f 8749 8750 4412
f 4432 8749 4413
f 4433 8746 8749
f 4434 8743 8746
f 8752 8753 8756
f 8753 8754 8757
f 8755 8756 8759
f 8756 8757 8760
f 2659 4311 8752
f 4311 4310 8753
f 4310 4309 8754
f 4309 2658 4435
f 8754 4435 4436
f 8757 4436 4437
f 8760 4437 2673
f 8759 8760 4396
f 8758 8759 4397
f 4438 8758 4398
f 4439 8755 8758
f 4440 8752 8755
f 8761 8762 8765
f 8762 8763 8766
f 8764 8765 8768
f 8765 8766 8769
f 2665 4329 8761
f 4329 4328 8762
f 4328 4327 8763
f 4327 2664 4434
f 8763 4434 4433
f 8766 4433 4432
f 8769 4432 2679
f 8768 8769 4414
f 8767 8768 4415
f 4444 8767 4416
f 4445 8764 8767
f 4446 8761 8764
f 8770 8771 8774
f 8771 8772 8775
f 8773 8774 8777
f 8774 8775 8778
f 2660 4314 8770
f 4314 4313 8771
f 4313 4312 8772
f 4312 2659 4440
f 8772 4440 4439
f 8775 4439 4438
f 8778 4438 2674
f 8777 8778 4399
f 8776 8777 4400
f 4447 8776 4401
f 4448 8773 8776
f 4449 8770 8773
f 8779 8780 8783
f 8780 8781 8784
f 8782 8783 8786
f 8783 8784 8787
f 2666 4332 8779
f 4332 4331 8780
f 4331 4330 8781
f 4330 2665 4446
f 8781 4446 4445
f 8784 4445 4444
f 8787 4444 2680
f 8786 8787 4417
f 8785 8786 4418
f 4450 8785 4419
f 4451 8782 8785
f 4452 8779 8782
f 8788 8789 8792
f 8789 8790 8793
f 8791 8792 8795
f 8792 8793 8796
f 2661 4317 8788
f 4317 4316 8789
f 4316 4315 8790
f 4315 2660 4449
f 8790 4449 4448
f 8793 4448 4447
f 8796 4447 2675
f 8795 8796 4402
f 8794 8795 4403
f 4453 8794 4404
f 4454 8791 8794
f 4455 8788 8791
f 8797 8798 8801
f 8798 8799 8802
f 8800 8801 8804
f 8801 8802 8805
f 2667 4335 8797
f 4335 4334 8798
f 4334 4333 8799
f 4333 2666 4452
f 8799 4452 4451
f 8802 4451 4450
f 8805 4450 2681
f 8804 8805 4420
f 8803 8804 4421
f 4459 8803 4422
f 4460 8800 8803
f 4461 8797 8800
f 8806 8807 8810
f 8807 8808 8811
f 8809 8810 8813
f 8810 8811 8814
f 2662 4320 8806
f 4320 4319 8807
f 4319 4318 8808
f 4318 2661 4455
f 8808 4455 4454
f 8811 4454 4453
f 8814 4453 2676
f 8813 8814 4405
f 8812 8813 4406
f 4462 8812 4407
f 4463 8809 8812
f 4464 8806 8809
f 8815 8816 8819
f 8816 8817 8820
f 8818 8819 8822
f 8819 8820 8823
f 2657 4305 8815
f 4305 4304 8816
f 4304 4303 8817
f 4303 2656 4458
f 8817 4458 4457
f 8820 4457 4456
f 8823 4456 2671
f 8822 8823 4390
f 8821 8822 4391
f 4465 8821 4392
f 4466 8818 8821
f 4467 8815 8818
f 8824 8825 8828
f 8825 8826 8829
f 8827 8828 8831
f 8828 8829 8832
f 2668 4338 8824
f 4338 4337 8825
f 4337 4336 8826
f 4336 2667 4461
f 8826 4461 4460
f 8829 4460 4459
f 8832 4459 2682
f 8831 8832 4423
f 8830 8831 4424
f 4468 8830 4425
f 4469 8827 8830
f 4470 8824 8827
f 8833 8834 8837
f 8834 8835 8838
f 8836 8837 8840
f 8837 8838 8841
f 2663 4323 8833
f 4323 4322 8834
f 4322 4321 8835
f 4321 2662 4464
f 8835 4464 4463
f 8838 4463 4462
f 8841 4462 2677
f 8840 8841 4408
f 8839 8840 4409
f 4431 8839 4410
f 4430 8836 8839
f 4429 8833 8836
f 8842 8843 8846
f 8843 8844 8847
f 8845 8846 8849
f 8846 8847 8850
f 2658 4308 8842
f 4308 4307 8843
f 4307 4306 8844
f 4306 2657 4467
f 8844 4467 4466
f 8847 4466 4465
f 8850 4465 2672
f 8849 8850 4393
f 8848 8849 4394
f 4437 8848 4395
f 4436 8845 8848
f 4435 8842 8845
f 8851 8852 8855
f 8852 8853 8856
f 8854 8855 8858
f 8855 8856 8859
f 2669 4341 8851
f 4341 4340 8852
f 4340 4339 8853
f 4339 2668 4470
f 8853 4470 4469
f 8856 4469 4468
f 8859 4468 2683
f 8858 8859 4426
f 8857 8858 4427
f 4443 8857 4428
f 4442 8854 8857
f 4441 8851 8854
f 8860 8861 8864
f 8861 8862 8865
f 8863 8864 8867
f 8864 8865 8868
f 2683 4425 8860
f 4425 4424 8861
f 4424 4423 8862
f 4423 2682 4513
f 8862 4513 4514
f 8865 4514 4515
f 8868 4515 2696
f 8867 8868 4504
f 8866 8867 4505
f 4516 8866 4506
f 4517 8863 8866
f 4518 8860 8863
f 8869 8870 8873
f 8870 8871 8874
f 8872 8873 8876
f 8873 8874 8877
f 2678 4410 8869
f 4410 4409 8870
f 4409 4408 8871
f 4408 2677 4519
f 8871 4519 4520
f 8874 4520 4521
f 8877 4521 2691
f 8876 8877 4489
f 8875 8876 4490
f 4522 8875 4491
f 4523 8872 8875
f 4524 8869 8872
f 8878 8879 8882
f 8879 8880 8883
f 8881 8882 8885
f 8882 8883 8886
f 2673 4395 8878
f 4395 4394 8879
f 4394 4393 8880
f 4393 2672 4525
f 8880 4525 4526
f 8883 4526 4527
f 8886 4527 2686
f 8885 8886 4474
f 8884 8885 4475
f 4528 8884 4476
f 4529 8881 8884
f 4530 8878 8881
f 8887 8888 8891
f 8888 8889 8892
f 8890 8891 8894
f 8891 8892 8895
f 2684 4428 8887
f 4428 4427 8888
f 4427 4426 8889
f 4426 2683 4518
f 8889 4518 4517
f 8892 4517 4516
f 8895 4516 2697
f 8894 8895 4507
f 8893 8894 4508
f 4531 8893 4509
f 4532 8890 8893
f 4533 8887 8890
f 8896 8897 8900
f 8897 8898 8901
f 8899 8900 8903
f 8900 8901 8904
f 2679 4413 8896
f 4413 4412 8897
f 4412 4411 8898
f 4411 2678 4524
f 8898 4524 4523
f 8901 4523 4522
f 8904 4522 2692
f 8903 8904 4492
f 8902 8903 4493
f 4534 8902 4494
f 4535 8899 8902
f 4536 8896 8899
f 8905 8906 8909
f 8906 8907 8910
f 8908 8909 8912
f 8909 8910 8913
f 2674 4398 8905
f 4398 4397 8906
f 4397 4396 8907
f 4396 2673 4530
f 8907 4530 4529
f 8910 4529 4528
f 8913 4528 2687
f 8912 8913 4477
f 8911 8912 4478
f 4537 8911 4479
f 4538 8908 8911
f 4539 8905 8908
f 8914 8915 8918
f 8915 8916 8919
f 8917 8918 8921
f 8918 8919 8922
f 2680 4416 8914
f 4416 4415 8915
f 4415 4414 8916
f 4414 2679 4536
f 8916 4536 4535
f 8919 4535 4534
f 8922 4534 2693
f 8921 8922 4495
f 8920 8921 4496
f 4540 8920 4497
f 4541 8917 8920
f 4542 8914 8917
f 8923 8924 8927
f 8924 8925 8928
f 8926 8927 8930
f 8927 8928 8931
f 2675 4401 8923
f 4401 4400 8924
f 4400 4399 8925
f 4399 2674 4539
f 8925 4539 4538
f 8928 4538 4537
f 8931 4537 2688
f 8930 8931 4480
f 8929 8930 4481
f 4543 8929 4482
f 4544 8926 8929
f 4545 8923 8926
f 8932 8933 8936
f 8933 8934 8937
f 8935 8936 8939
f 8936 8937 8940
f 2681 4419 8932
f 4419 4418 8933
f 4418 4417 8934
f 4417 2680 4542
f 8934 4542 4541
f 8937 4541 4540
f 8940 4540 2694
f 8939 8940 4498
f 8938 8939 4499
f 4546 8938 4500
f 4547 8935 8938
f 4548 8932 8935
f 8941 8942 8945
f 8942 8943 8946
f 8944 8945 8948
f 8945 8946 8949
f 2676 4404 8941
f 4404 4403 8942
f 4403 4402 8943
f 4402 2675 4545
f 8943 4545 4544
f 8946 4544 4543
f 8949 4543 2689
f 8948 8949 4483
f 8947 8948 4484
f 4549 8947 4485
f 4550 8944 8947
f 4551 8941 8944
f 8950 8951 8954
f 8951 8952 8955
f 8953 8954 8957
f 8954 8955 8958
f 2682 4422 8950
f 4422 4421 8951
f 4421 4420 8952
f 4420 2681 4548
f 8952 4548 4547
f 8955 4547 4546
f 8958 4546 2695
f 8957 8958 4501
f 8956 8957 4502
f 4515 8956 4503
f 4514 8953 8956
f 4513 8950 8953
f 8959 8960 8963
f 8960 8961 8964
f 8962 8963 8966
f 8963 8964 8967
f 2677 4407 8959
f 4407 4406 8960
f 4406 4405 8961
f 4405 2676 4551
f 8961 4551 4550
f 8964 4550 4549
f 8967 4549 2690
f 8966 8967 4486
f 8965 8966 4487
f 4521 8965 4488
f 4520 8962 8965
f 4519 8959 8962
f 8968 8969 8972
f 8969 8970 8973
f 8971 8972 8975
f 8972 8973 8976
f 2672 4392 8968
f 4392 4391 8969
f 4391 4390 8970
f 4390 2671 4554
f 8970 4554 4553
f 8973 4553 4552
f 8976 4552 2685
f 8975 8976 4471
f 8974 8975 4472
f 4527 8974 4473
f 4526 8971 8974
f 4525 8968 8971
f 8977 8978 8981
f 8978 8979 8982
f 8980 8981 8984
f 8981 8982 8985
f 2696 4503 8977
f 4503 4502 8978
f 4502 4501 8979
f 4501 2695 4600
f 8979 4600 4601
f 8982 4601 4602
f 8985 4602 2710
f 8984 8985 4585
f 8983 8984 4586
f 4603 8983 4587
f 4604 8980 8983
f 4605 8977 8980
f 8986 8987 8990
f 8987 8988 8991
f 8989 8990 8993
f 8990 8991 8994
f 2691 4488 8986
f 4488 4487 8987
f 4487 4486 8988
f 4486 2690 4606
f 8988 4606 4607
f 8991 4607 4608
f 8994 4608 2705
f 8993 8994 4570
f 8992 8993 4571
f 4609 8992 4572
f 4610 8989 8992
f 4611 8986 8989
f 8995 8996 8999
f 8996 8997 9000
f 8998 8999 9002
f 8999 9000 9003
f 2686 4473 8995
f 4473 4472 8996
f 4472 4471 8997
f 4471 2685 4599
f 8997 4599 4598
f 9000 4598 4597
f 9003 4597 2700
f 9002 9003 4555
f 9001 9002 4556
f 4612 9001 4557
f 4613 8998 9001
f 4614 8995 8998
f 9004 9005 9008
f 9005 9006 9009
f 9007 9008 9011
f 9008 9009 9012
f 2697 4506 9004
f 4506 4505 9005
f 4505 4504 9006
f 4504 2696 4605
f 9006 4605 4604
f 9009 4604 4603
f 9012 4603 2711
f 9011 9012 4588
f 9010 9011 4589
f 4615 9010 4590
f 4616 9007 9010
f 4617 9004 9007
f 9013 9014 9017
f 9014 9015 9018
f 9016 9017 9020
f 9017 9018 9021
f 2692 4491 9013
f 4491 4490 9014
f 4490 4489 9015
f 4489 2691 4611
f 9015 4611 4610
f 9018 4610 4609
f 9021 4609 2706
f 9020 9021 4573
f 9019 9020 4574
f 4618 9019 4575
f 4619 9016 9019
f 4620 9013 9016
f 9022 9023 9026
f 9023 9024 9027
f 9025 9026 9029
f 9026 9027 9030
f 2687 4476 9022
f 4476 4475 9023
f 4475 4474 9024
f 4474 2686 4614
f 9024 4614 4613
f 9027 4613 4612
f 9030 4612 2701
f 9029 9030 4558
f 9028 9029 4559
f 4621 9028 4560
f 4622 9025 9028
f 4623 9022 9025
f 9031 9032 9035
f 9032 9033 9036
f 9034 9035 9038
f 9035 9036 9039
f 2698 4509 9031
f 4509 4508 9032
f 4508 4507 9033
f 4507 2697 4617
f 9033 4617 4616
f 9036 4616 4615
f 9039 4615 2712
f 9038 9039 4591
f 9037 9038 4592
f 4624 9037 4593
f 4625 9034 9037
f 4626 9031 9034
f 9040 9041 9044
f 9041 9042 9045
f 9043 9044 9047
f 9044 9045 9048
f 2693 4494 9040
f 4494 4493 9041
f 4493 4492 9042
f 4492 2692 4620
f 9042 4620 4619
f 9045 4619 4618
f 9048 4618 2707
f 9047 9048 4576
f 9046 9047 4577
f 4627 9046 4578
f 4628 9043 9046
f 4629 9040 9043
f 9049 9050 9053
f 9050 9051 9054
f 9052 9053 9056
f 9053 9054 9057
f 2688 4479 9049
f 4479 4478 9050
f 4478 4477 9051
f 4477 2687 4623
f 9051 4623 4622
f 9054 4622 4621
f 9057 4621 2702
f 9056 9057 4561
f 9055 9056 4562
f 4630 9055 4563
f 4631 9052 9055
f 4632 9049 9052
f 9058 9059 9062
f 9059 9060 9063
f 9061 9062 9065
f 9062 9063 9066
f 2699 4512 9058
f 4512 4511 9059
f 4511 4510 9060
f 4510 2698 4626
f 9060 4626 4625
f 9063 4625 4624
f 9066 4624 2713
f 9065 9066 4594
f 9064 9065 4595
f 4633 9064 4596
f 4634 9061 9064
f 4635 9058 9061
f 9067 9068 9071
f 9068 9069 9072
f 9070 9071 9074
f 9071 9072 9075
f 2694 4497 9067
f 4497 4496 9068
f 4496 4495 9069
f 4495 2693 4629
f 9069 4629 4628
f 9072 4628 4627
f 9075 4627 2708
f 9074 9075 4579
f 9073 9074 4580
f 4636 9073 4581
f 4637 9070 9073
f 4638 9067 9070
f 9076 9077 9080
f 9077 9078 9081
f 9079 9080 9083
f 9080 9081 9084
f 2689 4482 9076
f 4482 4481 9077
f 4481 4480 9078
f 4480 2688 4632
f 9078 4632 4631
f 9081 4631 4630
f 9084 4630 2703
f 9083 9084 4564
f 9082 9083 4565
f 4639 9082 4566
f 4640 9079 9082
f 4641 9076 9079
f 9085 9086 9089
f 9086 9087 9090
f 9088 9089 9092
f 9089 9090 9093
f 2695 4500 9085
f 4500 4499 9086
f 4499 4498 9087
f 4498 2694 4638
f 9087 4638 4637
f 9090 4637 4636
f 9093 4636 2709
f 9092 9093 4582
f 9091 9092 4583
f 4602 9091 4584
f 4601 9088 9091
f 4600 9085 9088
f 9094 9095 9098
f 9095 9096 9099
f 9097 9098 9101
f 9098 9099 9102
f 2690 4485 9094
f 4485 4484 9095
f 4484 4483 9096
f 4483 2689 4641
f 9096 4641 4640
f 9099 4640 4639
f 9102 4639 2704
f 9101 9102 4567
f 9100 9101 4568
f 4608 9100 4569
f 4607 9097 9100
f 4606 9094 9097
f 9103 9104 9107
f 9104 9105 9108
f 9106 9107 9110
f 9107 9108 9111
f 2704 4566 9103
f 4566 4565 9104
f 4565 4564 9105
f 4564 2703 4681
f 9105 4681 4682
f 9108 4682 4683
f 9111 4683 2718
f 9110 9111 4651
f 9109 9110 4652
f 4684 9109 4653
f 4685 9106 9109
f 4686 9103 9106
f 9112 9113 9116
f 9113 9114 9117
f 9115 9116 9119
f 9116 9117 9120
f 2710 4584 9112
f 4584 4583 9113
f 4583 4582 9114
f 4582 2709 4687
f 9114 4687 4688
f 9117 4688 4689
f 9120 4689 2724
f 9119 9120 4669
f 9118 9119 4670
f 4690 9118 4671
f 4691 9115 9118
f 4692 9112 9115
f 9121 9122 9125
f 9122 9123 9126
f 9124 9125 9128
f 9125 9126 9129
f 2705 4569 9121
f 4569 4568 9122
f 4568 4567 9123
f 4567 2704 4686
f 9123 4686 4685
f 9126 4685 4684
f 9129 4684 2719
f 9128 9129 4654
f 9127 9128 4655
f 4693 9127 4656
f 4694 9124 9127
f 4695 9121 9124
f 9130 9131 9134
f 9131 9132 9135
f 9133 9134 9137
f 9134 9135 9138
f 2711 4587 9130
f 4587 4586 9131
f 4586 4585 9132
f 4585 2710 4692
f 9132 4692 4691
f 9135 4691 4690
f 9138 4690 2725
f 9137 9138 4672
f 9136 9137 4673
f 4699 9136 4674
f 4700 9133 9136
f 4701 9130 9133
f 9139 9140 9143
f 9140 9141 9144
f 9142 9143 9146
f 9143 9144 9147
f 2706 4572 9139
f 4572 4571 9140
f 4571 4570 9141
f 4570 2705 4695
f 9141 4695 4694
f 9144 4694 4693
f 9147 4693 2720
f 9146 9147 4657
f 9145 9146 4658
f 4702 9145 4659
f 4703 9142 9145
f 4704 9139 9142
f 9148 9149 9152
f 9149 9150 9153
f 9151 9152 9155
f 9152 9153 9156
f 2701 4557 9148
f 4557 4556 9149
f 4556 4555 9150
f 4555 2700 4698
f 9150 4698 4697
f 9153 4697 4696
f 9156 4696 2715
f 9155 9156 4642
f 9154 9155 4643
f 4705 9154 4644
f 4706 9151 9154
f 4707 9148 9151
f 9157 9158 9161
f 9158 9159 9162
f 9160 9161 9164
f 9161 9162 9165
f 2712 4590 9157
f 4590 4589 9158
f 4589 4588 9159
f 4588 2711 4701
f 9159 4701 4700
f 9162 4700 4699
f 9165 4699 2726
f 9164 9165 4675
f 9163 9164 4676
f 4708 9163 4677
f 4709 9160 9163
f 4710 9157 9160
f 9166 9167 9170
f 9167 9168 9171
f 9169 9170 9173
f 9170 9171 9174
f 2707 4575 9166
f 4575 4574 9167
f 4574 4573 9168
f 4573 2706 4704
f 9168 4704 4703
f 9171 4703 4702
f 9174 4702 2721
f 9173 9174 4660
f 9172 9173 4661
f 4711 9172 4662
f 4712 9169 9172
f 4713 9166 9169
f 9175 9176 9179
f 9176 9177 9180
f 9178 9179 9182
f 9179 9180 9183
f 2702 4560 9175
f 4560 4559 9176
f 4559 4558 9177
f 4558 2701 4707
f 9177 4707 4706
f 9180 4706 4705
f 9183 4705 2716
f 9182 9183 4645
f 9181 9182 4646
f 4714 9181 4647
f 4715 9178 9181
f 4716 9175 9178
f 9184 9185 9188
f 9185 9186 9189
f 9187 9188 9191
f 9188 9189 9192
f 2713 4593 9184
f 4593 4592 9185
f 4592 4591 9186
f 4591 2712 4710
f 9186 4710 4709
f 9189 4709 4708
f 9192 4708 2727
f 9191 9192 4678
f 9190 9191 4679
f 4717 9190 4680
f 4718 9187 9190
f 4719 9184 9187
f 9193 9194 9197
f 9194 9195 9198
f 9196 9197 9200
f 9197 9198 9201
f 2708 4578 9193
f 4578 4577 9194
f 4577 4576 9195
f 4576 2707 4713
f 9195 4713 4712
f 9198 4712 4711
f 9201 4711 2722
f 9200 9201 4663
f 9199 9200 4664
f 4720 9199 4665
f 4721 9196 9199
f 4722 9193 9196
f 9202 9203 9206
f 9203 9204 9207
f 9205 9206 9209
f 9206 9207 9210
f 2703 4563 9202
f 4563 4562 9203
f 4562 4561 9204
f 4561 2702 4716
f 9204 4716 4715
f 9207 4715 4714
f 9210 4714 2717
f 9209 9210 4648
f 9208 9209 4649
f 4683 9208 4650
f 4682 9205 9208
f 4681 9202 9205
f 9211 9212 9215
f 9212 9213 9216
f 9214 9215 9218
f 9215 9216 9219
f 2709 4581 9211
f 4581 4580 9212
f 4580 4579 9213
f 4579 2708 4722
f 9213 4722 4721
f 9216 4721 4720
f 9219 4720 2723
f 9218 9219 4666
f 9217 9218 4667
f 4689 9217 4668
f 4688 9214 9217
f 4687 9211 9214
f 9220 9221 9224
f 9221 9222 9225
f 9223 9224 9227
f 9224 9225 9228
f 2723 4665 9220
f 4665 4664 9221
f 4664 4663 9222
f 4663 2722 4762
f 9222 4762 4763
f 9225 4763 4764
f 9228 4764 2736
f 9227 9228 4744
f 9226 9227 4745
f 4765 9226 4746
f 4766 9223 9226
f 4767 9220 9223
f 9229 9230 9233
f 9230 9231 9234
f 9232 9233 9236
f 9233 9234 9237
f 2718 4650 9229
f 4650 4649 9230
f 4649 4648 9231
f 4648 2717 4768
f 9231 4768 4769
f 9234 4769 4770
f 9237 4770 2731
f 9236 9237 4729
f 9235 9236 4730
f 4771 9235 4731
f 4772 9232 9235
f 4773 9229 9232
f 9238 9239 9242
f 9239 9240 9243
f 9241 9242 9245
f 9242 9243 9246
f 2724 4668 9238
f 4668 4667 9239
f 4667 4666 9240
f 4666 2723 4767
f 9240 4767 4766
f 9243 4766 4765
f 9246 4765 2737
f 9245 9246 4747
f 9244 9245 4748
f 4777 9244 4749
f 4778 9241 9244
f 4779 9238 9241
f 9247 9248 9251
f 9248 9249 9252
f 9250 9251 9254
f 9251 9252 9255
f 2719 4653 9247
f 4653 4652 9248
f 4652 4651 9249
f 4651 2718 4773
f 9249 4773 4772
f 9252 4772 4771
f 9255 4771 2732
f 9254 9255 4732
f 9253 9254 4733
f 4780 9253 4734
f 4781 9250 9253
f 4782 9247 9250
f 9256 9257 9260
f 9257 9258 9261
f 9259 9260 9263
f 9260 9261 9264
f 2725 4671 9256
f 4671 4670 9257
f 4670 4669 9258
f 4669 2724 4779
f 9258 4779 4778
f 9261 4778 4777
f 9264 4777 2738
f 9263 9264 4750
f 9262 9263 4751
f 4783 9262 4752
f 4784 9259 9262
f 4785 9256 9259
f 9265 9266 9269
f 9266 9267 9270
f 9268 9269 9272
f 9269 9270 9273
f 2720 4656 9265
f 4656 4655 9266
f 4655 4654 9267
f 4654 2719 4782
f 9267 4782 4781
f 9270 4781 4780
f 9273 4780 2733
f 9272 9273 4735
f 9271 9272 4736
f 4786 9271 4737
f 4787 9268 9271
f 4788 9265 9268
f 9274 9275 9278
f 9275 9276 9279
f 9277 9278 9281
f 9278 9279 9282
f 2726 4674 9274
f 4674 4673 9275
f 4673 4672 9276
f 4672 2725 4785
f 9276 4785 4784
f 9279 4784 4783
f 9282 4783 2739
f 9281 9282 4753
f 9280 9281 4754
f 4792 9280 4755
f 4793 9277 9280
f 4794 9274 9277
f 9283 9284 9287
f 9284 9285 9288
f 9286 9287 9290
f 9287 9288 9291
f 2721 4659 9283
f 4659 4658 9284
f 4658 4657 9285
f 4657 2720 4788
f 9285 4788 4787
f 9288 4787 4786
f 9291 4786 2734
f 9290 9291 4738
f 9289 9290 4739
f 4795 9289 4740
f 4796 9286 9289
f 4797 9283 9286
f 9292 9293 9296
f 9293 9294 9297
f 9295 9296 9299
f 9296 9297 9300
f 2716 4644 9292
f 4644 4643 9293
f 4643 4642 9294
f 4642 2715 4791
f 9294 4791 4790
f 9297 4790 4789
f 9300 4789 2729
f 9299 9300 4723
f 9298 9299 4724
f 4798 9298 4725
f 4799 9295 9298
f 4800 9292 9295
f 9301 9302 9305
f 9302 9303 9306
f 9304 9305 9308
f 9305 9306 9309
f 2727 4677 9301
f 4677 4676 9302
f 4676 4675 9303
f 4675 2726 4794
f 9303 4794 4793
f 9306 4793 4792
f 9309 4792 2740
f 9308 9309 4756
f 9307 9308 4757
f 4801 9307 4758
f 4802 9304 9307
f 4803 9301 9304
f 9310 9311 9314
f 9311 9312 9315
f 9313 9314 9317
f 9314 9315 9318
f 2722 4662 9310
f 4662 4661 9311
f 4661 4660 9312
f 4660 2721 4797
f 9312 4797 4796
f 9315 4796 4795
f 9318 4795 2735
f 9317 9318 4741
f 9316 9317 4742
f 4764 9316 4743
f 4763 9313 9316
f 4762 9310 9313
f 9319 9320 9323
f 9320 9321 9324
f 9322 9323 9326
f 9323 9324 9327
f 2717 4647 9319
f 4647 4646 9320
f 4646 4645 9321
f 4645 2716 4800
f 9321 4800 4799
f 9324 4799 4798
f 9327 4798 2730
f 9326 9327 4726
f 9325 9326 4727
f 4770 9325 4728
f 4769 9322 9325
f 4768 9319 9322
f 9328 9329 9332
f 9329 9330 9333
f 9331 9332 9335
f 9332 9333 9336
f 2728 4680 9328
f 4680 4679 9329
f 4679 4678 9330
f 4678 2727 4803
f 9330 4803 4802
f 9333 4802 4801
f 9336 4801 2741
f 9335 9336 4759
f 9334 9335 4760
f 4776 9334 4761
f 4775 9331 9334
f 4774 9328 9331
f 9337 9338 9341
f 9338 9339 9342
f 9340 9341 9344
f 9341 9342 9345
f 2741 4758 9337
f 4758 4757 9338
f 4757 4756 9339
f 4756 2740 4846
f 9339 4846 4847
f 9342 4847 4848
f 9345 4848 2754
f 9344 9345 4837
f 9343 9344 4838
f 4849 9343 4839
f 4850 9340 9343
f 4851 9337 9340
f 9346 9347 9350
f 9347 9348 9351
f 9349 9350 9353
f 9350 9351 9354
f 2736 4743 9346
f 4743 4742 9347
f 4742 4741 9348
f 4741 2735 4852
f 9348 4852 4853
f 9351 4853 4854
f 9354 4854 2749
f 9353 9354 4822
f 9352 9353 4823
f 4855 9352 4824
f 4856 9349 9352
f 4857 9346 9349
f 9355 9356 9359
f 9356 9357 9360
f 9358 9359 9362
f 9359 9360 9363
f 2731 4728 9355
f 4728 4727 9356
f 4727 4726 9357
f 4726 2730 4858
f 9357 4858 4859
f 9360 4859 4860
f 9363 4860 2744
f 9362 9363 4807
f 9361 9362 4808
f 4861 9361 4809
f 4862 9358 9361
f 4863 9355 9358
f 9364 9365 9368
f 9365 9366 9369
f 9367 9368 9371
f 9368 9369 9372
f 2742 4761 9364
f 4761 4760 9365
f 4760 4759 9366
f 4759 2741 4851
f 9366 4851 4850
f 9369 4850 4849
f 9372 4849 2755
f 9371 9372 4840
f 9370 9371 4841
f 4864 9370 4842
f 4865 9367 9370
f 4866 9364 9367
f 9373 9374 9377
f 9374 9375 9378
f 9376 9377 9380
f 9377 9378 9381
f 2737 4746 9373
f 4746 4745 9374
f 4745 4744 9375
f 4744 2736 4857
f 9375 4857 4856
f 9378 4856 4855
f 9381 4855 2750
f 9380 9381 4825
f 9379 9380 4826
f 4867 9379 4827
f 4868 9376 9379
f 4869 9373 9376
f 9382 9383 9386
f 9383 9384 9387
f 9385 9386 9389
f 9386 9387 9390
f 2732 4731 9382
f 4731 4730 9383
f 4730 4729 9384
f 4729 2731 4863
f 9384 4863 4862
f 9387 4862 4861
f 9390 4861 2745
f 9389 9390 4810
f 9388 9389 4811
f 4870 9388 4812
f 4871 9385 9388
f 4872 9382 9385
f 9391 9392 9395
f 9392 9393 9396
f 9394 9395 9398
f 9395 9396 9399
f 2738 4749 9391
f 4749 4748 9392
f 4748 4747 9393
f 4747 2737 4869
f 9393 4869 4868
f 9396 4868 4867
f 9399 4867 2751
f 9398 9399 4828
f 9397 9398 4829
f 4873 9397 4830
f 4874 9394 9397
f 4875 9391 9394
f 9400 9401 9404
f 9401 9402 9405
f 9403 9404 9407
f 9404 9405 9408
f 2733 4734 9400
f 4734 4733 9401
f 4733 4732 9402
f 4732 2732 4872
f 9402 4872 4871
f 9405 4871 4870
f 9408 4870 2746
f 9407 9408 4813
f 9406 9407 4814
f 4876 9406 4815
f 4877 9403 9406
f 4878 9400 9403
f 9409 9410 9413
f 9410 9411 9414
f 9412 9413 9416
f 9413 9414 9417
f 2739 4752 9409
f 4752 4751 9410
f 4751 4750 9411
f 4750 2738 4875
f 9411 4875 4874
f 9414 4874 4873
f 9417 4873 2752
f 9416 9417 4831
f 9415 9416 4832
f 4879 9415 4833
f 4880 9412 9415
f 4881 9409 9412
f 9418 9419 9422
f 9419 9420 9423
f 9421 9422 9425
f 9422 9423 9426
f 2734 4737 9418
f 4737 4736 9419
f 4736 4735 9420
f 4735 2733 4878
f 9420 4878 4877
f 9423 4877 4876
f 9426 4876 2747
f 9425 9426 4816
f 9424 9425 4817
f 4882 9424 4818
f 4883 9421 9424
f 4884 9418 9421
f 9427 9428 9431
f 9428 9429 9432
f 9430 9431 9434
f 9431 9432 9435
f 2740 4755 9427
f 4755 4754 9428
f 4754 4753 9429
f 4753 2739 4881
f 9429 4881 4880
f 9432 4880 4879
f 9435 4879 2753
f 9434 9435 4834
f 9433 9434 4835
f 4848 9433 4836
f 4847 9430 9433
f 4846 9427 9430
f 9436 9437 9440
f 9437 9438 9441
f 9439 9440 9443
f 9440 9441 9444
f 2735 4740 9436
f 4740 4739 9437
f 4739 4738 9438
f 4738 2734 4884
f 9438 4884 4883
f 9441 4883 4882
f 9444 4882 2748
f 9443 9444 4819
f 9442 9443 4820
f 4854 9442 4821
f 4853 9439 9442
f 4852 9436 9439
f 9445 9446 9449
f 9446 9447 9450
f 9448 9449 9452
f 9449 9450 9453
f 2730 4725 9445
f 4725 4724 9446
f 4724 4723 9447
f 4723 2729 4887
f 9447 4887 4886
f 9450 4886 4885
f 9453 4885 2743
f 9452 9453 4804
f 9451 9452 4805
f 4860 9451 4806
f 4859 9448 9451
f 4858 9445 9448
f 9454 9455 9458
f 9455 9456 9459
f 9457 9458 9461
f 9458 9459 9462
f 2754 4836 9454
f 4836 4835 9455
f 4835 4834 9456
f 4834 2753 4930
f 9456 4930 4931
f 9459 4931 4932
f 9462 4932 2768
f 9461 9462 4918
f 9460 9461 4919
f 4933 9460 4920
f 4934 9457 9460
f 4935 9454 9457
f 9463 9464 9467
f 9464 9465 9468
f 9466 9467 9470
f 9467 9468 9471
f 2749 4821 9463
f 4821 4820 9464
f 4820 4819 9465
f 4819 2748 4936
f 9465 4936 4937
f 9468 4937 4938
f 9471 4938 2763
f 9470 9471 4903
f 9469 9470 4904
f 4939 9469 4905
f 4940 9466 9469
f 4941 9463 9466
f 9472 9473 9476
f 9473 9474 9477
f 9475 9476 9479
f 9476 9477 9480
f 2744 4806 9472
f 4806 4805 9473
f 4805 4804 9474
f 4804 2743 4942
f 9474 4942 4943
f 9477 4943 4944
f 9480 4944 2758
f 9479 9480 4888
f 9478 9479 4889
f 4945 9478 4890
f 4946 9475 9478
f 4947 9472 9475
f 9481 9482 9485
f 9482 9483 9486
f 9484 9485 9488
f 9485 9486 9489
f 2755 4839 9481
f 4839 4838 9482
f 4838 4837 9483
f 4837 2754 4935
f 9483 4935 4934
f 9486 4934 4933
f 9489 4933 2769
f 9488 9489 4921
f 9487 9488 4922
f 4948 9487 4923
f 4949 9484 9487
f 4950 9481 9484
f 9490 9491 9494
f 9491 9492 9495
f 9493 9494 9497
f 9494 9495 9498
f 2750 4824 9490
f 4824 4823 9491
f 4823 4822 9492
f 4822 2749 4941
f 9492 4941 4940
f 9495 4940 4939
f 9498 4939 2764
f 9497 9498 4906
f 9496 9497 4907
f 4951 9496 4908
f 4952 9493 9496
f 4953 9490 9493
f 9499 9500 9503
f 9500 9501 9504
f 9502 9503 9506
f 9503 9504 9507
f 2745 4809 9499
f 4809 4808 9500
f 4808 4807 9501
f 4807 2744 4947
f 9501 4947 4946
f 9504 4946 4945
f 9507 4945 2759
f 9506 9507 4891
f 9505 9506 4892
f 4954 9505 4893
f 4955 9502 9505
f 4956 9499 9502
f 9508 9509 9512
f 9509 9510 9513
f 9511 9512 9515
f 9512 9513 9516
f 2756 4842 9508
f 4842 4841 9509
f 4841 4840 9510
f 4840 2755 4950
f 9510 4950 4949
f 9513 4949 4948
f 9516 4948 2770
f 9515 9516 4924
f 9514 9515 4925
f 4957 9514 4926
f 4958 9511 9514
f 4959 9508 9511
f 9517 9518 9521
f 9518 9519 9522
f 9520 9521 9524
f 9521 9522 9525
f 2751 4827 9517
f 4827 4826 9518
f 4826 4825 9519
f 4825 2750 4953
f 9519 4953 4952
f 9522 4952 4951
f 9525 4951 2765
f 9524 9525 4909
f 9523 9524 4910
f 4960 9523 4911
f 4961 9520 9523
f 4962 9517 9520
f 9526 9527 9530
f 9527 9528 9531
f 9529 9530 9533
f 9530 9531 9534
f 2746 4812 9526
f 4812 4811 9527
f 4811 4810 9528
f 4810 2745 4956
f 9528 4956 4955
f 9531 4955 4954
f 9534 4954 2760
f 9533 9534 4894
f 9532 9533 4895
f 4963 9532 4896
f 4964 9529 9532
f 4965 9526 9529
f 9535 9536 9539
f 9536 9537 9540
f 9538 9539 9542
f 9539 9540 9543
f 2752 4830 9535
f 4830 4829 9536
f 4829 4828 9537
f 4828 2751 4962
f 9537 4962 4961
f 9540 4961 4960
f 9543 4960 2766
f 9542 9543 4912
f 9541 9542 4913
f 4966 9541 4914
f 4967 9538 9541
f 4968 9535 9538
f 9544 9545 9548
f 9545 9546 9549
f 9547 9548 9551
f 9548 9549 9552
f 2747 4815 9544
f 4815 4814 9545
f 4814 4813 9546
f 4813 2746 4965
f 9546 4965 4964
f 9549 4964 4963
f 9552 4963 2761
f 9551 9552 4897
f 9550 9551 4898
f 4969 9550 4899
f 4970 9547 9550
f 4971 9544 9547
f 9553 9554 9557
f 9554 9555 9558
f 9556 9557 9560
f 9557 9558 9561
f 2753 4833 9553
f 4833 4832 9554
f 4832 4831 9555
f 4831 2752 4968
f 9555 4968 4967
f 9558 4967 4966
f 9561 4966 2767
f 9560 9561 4915
f 9559 9560 4916
f 4932 9559 4917
f 4931 9556 9559
f 4930 9553 9556
f 9562 9563 9566
f 9563 9564 9567
f 9565 9566 9569
f 9566 9567 9570
f 2748 4818 9562
f 4818 4817 9563
f 4817 4816 9564
f 4816 2747 4971
f 9564 4971 4970
f 9567 4970 4969
f 9570 4969 2762
f 9569 9570 4900
f 9568 9569 4901
f 4938 9568 4902
f 4937 9565 9568
f 4936 9562 9565
f 9571 9572 9575
f 9572 9573 9576
f 9574 9575 9578
f 9575 9576 9579
f 2768 4917 9571
f 4917 4916 9572
f 4916 4915 9573
f 4915 2767 5017
f 9573 5017 5018
f 9576 5018 5019
f 9579 5019 2782
f 9578 9579 4999
f 9577 9578 5000
f 5020 9577 5001
f 5021 9574 9577
f 5022 9571 9574
f 9580 9581 9584
f 9581 9582 9585
f 9583 9584 9587
f 9584 9585 9588
f 2763 4902 9580
f 4902 4901 9581
f 4901 4900 9582
f 4900 2762 5023
f 9582 5023 5024
f 9585 5024 5025
f 9588 5025 2777
f 9587 9588 4984
f 9586 9587 4985
f 5026 9586 4986
f 5027 9583 9586
f 5028 9580 9583
f 9589 9590 9593
f 9590 9591 9594
f 9592 9593 9596
f 9593 9594 9597
f 2769 4920 9589
f 4920 4919 9590
f 4919 4918 9591
f 4918 2768 5022
f 9591 5022 5021
f 9594 5021 5020
f 9597 5020 2783
f 9596 9597 5002
f 9595 9596 5003
f 5032 9595 5004
f 5033 9592 9595
f 5034 9589 9592
f 9598 9599 9602
f 9599 9600 9603
f 9601 9602 9605
f 9602 9603 9606
f 2764 4905 9598
f 4905 4904 9599
f 4904 4903 9600
f 4903 2763 5028
f 9600 5028 5027
f 9603 5027 5026
f 9606 5026 2778
f 9605 9606 4987
f 9604 9605 4988
f 5035 9604 4989
f 5036 9601 9604
f 5037 9598 9601
f 9607 9608 9611
f 9608 9609 9612
f 9610 9611 9614
f 9611 9612 9615
f 2759 4890 9607
f 4890 4889 9608
f 4889 4888 9609
f 4888 2758 5031
f 9609 5031 5030
f 9612 5030 5029
f 9615 5029 2773
f 9614 9615 4972
f 9613 9614 4973
f 5038 9613 4974
f 5039 9610 9613
f 5040 9607 9610
f 9616 9617 9620
f 9617 9618 9621
f 9619 9620 9623
f 9620 9621 9624
f 2770 4923 9616
f 4923 4922 9617
f 4922 4921 9618
f 4921 2769 5034
f 9618 5034 5033
f 9621 5033 5032
f 9624 5032 2784
f 9623 9624 5005
f 9622 9623 5006
f 5041 9622 5007
f 5042 9619 9622
f 5043 9616 9619
f 9625 9626 9629
f 9626 9627 9630
f 9628 9629 9632
f 9629 9630 9633
f 2765 4908 9625
f 4908 4907 9626
f 4907 4906 9627
f 4906 2764 5037
f 9627 5037 5036
f 9630 5036 5035
f 9633 5035 2779
f 9632 9633 4990
f 9631 9632 4991
f 5044 9631 4992
f 5045 9628 9631
f 5046 9625 9628
f 9634 9635 9638
f 9635 9636 9639
f 9637 9638 9641
f 9638 9639 9642
f 2760 4893 9634
f 4893 4892 9635
f 4892 4891 9636
f 4891 2759 5040
f 9636 5040 5039
f 9639 5039 5038
f 9642 5038 2774
f 9641 9642 4975
f 9640 9641 4976
f 5047 9640 4977
f 5048 9637 9640
f 5049 9634 9637
f 9643 9644 9647
f 9644 9645 9648
f 9646 9647 9650
f 9647 9648 9651
f 2771 4926 9643
f 4926 4925 9644
f 4925 4924 9645
f 4924 2770 5043
f 9645 5043 5042
f 9648 5042 5041
f 9651 5041 2785
f 9650 9651 5008
f 9649 9650 5009
f 5050 9649 5010
f 5051 9646 9649
f 5052 9643 9646
f 9652 9653 9656
f 9653 9654 9657
f 9655 9656 9659
f 9656 9657 9660
f 2766 4911 9652
f 4911 4910 9653
f 4910 4909 9654
f 4909 2765 5046
f 9654 5046 5045
f 9657 5045 5044
f 9660 5044 2780
f 9659 9660 4993
f 9658 9659 4994
f 5053 9658 4995
f 5054 9655 9658
f 5055 9652 9655
f 9661 9662 9665
f 9662 9663 9666
f 9664 9665 9668
f 9665 9666 9669
f 2761 4896 9661
f 4896 4895 9662
f 4895 4894 9663
f 4894 2760 5049
f 9663 5049 5048
f 9666 5048 5047
f 9669 5047 2775
f 9668 9669 4978
f 9667 9668 4979
f 5056 9667 4980
f 5057 9664 9667
f 5058 9661 9664
f 9670 9671 9674
f 9671 9672 9675
f 9673 9674 9677
f 9674 9675 9678
f 2772 4929 9670
f 4929 4928 9671
f 4928 4927 9672
f 4927 2771 5052
f 9672 5052 5051
f 9675 5051 5050
f 9678 5050 2786
f 9677 9678 5011
f 9676 9677 5012
f 5016 9676 5013
f 5015 9673 9676
f 5014 9670 9673
f 9679 9680 9683
f 9680 9681 9684
f 9682 9683 9686
f 9683 9684 9687
f 2767 4914 9679
f 4914 4913 9680
f 4913 4912 9681
f 4912 2766 5055
f 9681 5055 5054
f 9684 5054 5053
f 9687 5053 2781
f 9686 9687 4996
f 9685 9686 4997
f 5019 9685 4998
f 5018 9682 9685
f 5017 9679 9682
f 9688 9689 9692
f 9689 9690 9693
f 9691 9692 9695
f 9692 9693 9696
f 2762 4899 9688
f 4899 4898 9689
f 4898 4897 9690
f 4897 2761 5058
f 9690 5058 5057
f 9693 5057 5056
f 9696 5056 2776
f 9695 9696 4981
f 9694 9695 4982
f 5025 9694 4983
f 5024 9691 9694
f 5023 9688 9691
f 9697 9698 9701
f 9698 9699 9702
f 9700 9701 9704
f 9701 9702 9705
f 2776 4980 9697
f 4980 4979 9698
f 4979 4978 9699
f 4978 2775 5098
f 9699 5098 5099
f 9702 5099 5100
f 9705 5100 2790
f 9704 9705 5065
f 9703 9704 5066
f 5101 9703 5067
f 5102 9700 9703
f 5103 9697 9700
f 9706 9707 9710
f 9707 9708 9711
f 9709 9710 9713
f 9710 9711 9714
f 2782 4998 9706
f 4998 4997 9707
f 4997 4996 9708
f 4996 2781 5107
f 9708 5107 5108
f 9711 5108 5109
f 9714 5109 2796
f 9713 9714 5083
f 9712 9713 5084
f 5110 9712 5085
f 5111 9709 9712
f 5112 9706 9709
f 9715 9716 9719
f 9716 9717 9720
f 9718 9719 9722
f 9719 9720 9723
f 2777 4983 9715
f 4983 4982 9716
f 4982 4981 9717
f 4981 2776 5103
f 9717 5103 5102
f 9720 5102 5101
f 9723 5101 2791
f 9722 9723 5068
f 9721 9722 5069
f 5113 9721 5070
f 5114 9718 9721
f 5115 9715 9718
f 9724 9725 9728
f 9725 9726 9729
f 9727 9728 9731
f 9728 9729 9732
f 2783 5001 9724
f 5001 5000 9725
f 5000 4999 9726
f 4999 2782 5112
f 9726 5112 5111
f 9729 5111 5110
f 9732 5110 2797
f 9731 9732 5086
f 9730 9731 5087
f 5116 9730 5088
f 5117 9727 9730
f 5118 9724 9727
f 9733 9734 9737
f 9734 9735 9738
f 9736 9737 9740
f 9737 9738 9741
f 2778 4986 9733
f 4986 4985 9734
f 4985 4984 9735
f 4984 2777 5115
f 9735 5115 5114
f 9738 5114 5113
f 9741 5113 2792
f 9740 9741 5071
f 9739 9740 5072
f 5119 9739 5073
f 5120 9736 9739
f 5121 9733 9736
f 9742 9743 9746
f 9743 9744 9747
f 9745 9746 9749
f 9746 9747 9750
f 2784 5004 9742
f 5004 5003 9743
f 5003 5002 9744
f 5002 2783 5118
f 9744 5118 5117
f 9747 5117 5116
f 9750 5116 2798
f 9749 9750 5089
f 9748 9749 5090
f 5125 9748 5091
f 5126 9745 9748
f 5127 9742 9745
f 9751 9752 9755
f 9752 9753 9756
f 9754 9755 9758
f 9755 9756 9759
f 2779 4989 9751
f 4989 4988 9752
f 4988 4987 9753
f 4987 2778 5121
f 9753 5121 5120
f 9756 5120 5119
f 9759 5119 2793
f 9758 9759 5074
f 9757 9758 5075
f 5128 9757 5076
f 5129 9754 9757
f 5130 9751 9754
f 9760 9761 9764
f 9761 9762 9765
f 9763 9764 9767
f 9764 9765 9768
f 2774 4974 9760
f 4974 4973 9761
f 4973 4972 9762
f 4972 2773 5124
f 9762 5124 5123
f 9765 5123 5122
f 9768 5122 2788
f 9767 9768 5059
f 9766 9767 5060
f 5131 9766 5061
f 5132 9763 9766
f 5133 9760 9763
f 9769 9770 9773
f 9770 9771 9774
f 9772 9773 9776
f 9773 9774 9777
f 2785 5007 9769
f 5007 5006 9770
f 5006 5005 9771
f 5005 2784 5127
f 9771 5127 5126
f 9774 5126 5125
f 9777 5125 2799
f 9776 9777 5092
f 9775 9776 5093
f 5134 9775 5094
f 5135 9772 9775
f 5136 9769 9772
f 9778 9779 9782
f 9779 9780 9783
f 9781 9782 9785
f 9782 9783 9786
f 2780 4992 9778
f 4992 4991 9779
f 4991 4990 9780
f 4990 2779 5130
f 9780 5130 5129
f 9783 5129 5128
f 9786 5128 2794
f 9785 9786 5077
f 9784 9785 5078
f 5137 9784 5079
f 5138 9781 9784
f 5139 9778 9781
f 9787 9788 9791
f 9788 9789 9792
f 9790 9791 9794
f 9791 9792 9795
f 2775 4977 9787
f 4977 4976 9788
f 4976 4975 9789
f 4975 2774 5133
f 9789 5133 5132
f 9792 5132 5131
f 9795 5131 2789
f 9794 9795 5062
f 9793 9794 5063
f 5100 9793 5064
f 5099 9790 9793
f 5098 9787 9790
f 9796 9797 9800
f 9797 9798 9801
f 9799 9800 9803
f 9800 9801 9804
f 2786 5010 9796
f 5010 5009 9797
f 5009 5008 9798
f 5008 2785 5136
f 9798 5136 5135
f 9801 5135 5134
f 9804 5134 2800
f 9803 9804 5095
f 9802 9803 5096
f 5106 9802 5097
f 5105 9799 9802
f 5104 9796 9799
f 9805 9806 9809
f 9806 9807 9810
f 9808 9809 9812
f 9809 9810 9813
f 2781 4995 9805
f 4995 4994 9806
f 4994 4993 9807
f 4993 2780 5139
f 9807 5139 5138
f 9810 5138 5137
f 9813 5137 2795
f 9812 9813 5080
f 9811 9812 5081
f 5109 9811 5082
f 5108 9808 9811
f 5107 9805 9808
f 9814 9815 9818
f 9815 9816 9819
f 9817 9818 9821
f 9818 9819 9822
f 2795 5079 9814
f 5079 5078 9815
f 5078 5077 9816
f 5077 2794 5182
f 9816 5182 5183
f 9819 5183 5184
f 9822 5184 2808
f 9821 9822 5158
f 9820 9821 5159
f 5185 9820 5160
f 5186 9817 9820
f 5187 9814 9817
f 9823 9824 9827
f 9824 9825 9828
f 9826 9827 9830
f 9827 9828 9831
f 2790 5064 9823
f 5064 5063 9824
f 5063 5062 9825
f 5062 2789 5188
f 9825 5188 5189
f 9828 5189 5190
f 9831 5190 2803
f 9830 9831 5143
f 9829 9830 5144
f 5191 9829 5145
f 5192 9826 9829
f 5193 9823 9826
f 9832 9833 9836
f 9833 9834 9837
f 9835 9836 9839
f 9836 9837 9840
f 2801 5097 9832
f 5097 5096 9833
f 5096 5095 9834
f 5095 2800 5194
f 9834 5194 5195
f 9837 5195 5196
f 9840 5196 2814
f 9839 9840 5176
f 9838 9839 5177
f 5197 9838 5178
f 5198 9835 9838
f 5199 9832 9835
f 9841 9842 9845
f 9842 9843 9846
f 9844 9845 9848
f 9845 9846 9849
f 2796 5082 9841
f 5082 5081 9842
f 5081 5080 9843
f 5080 2795 5187
f 9843 5187 5186
f 9846 5186 5185
f 9849 5185 2809
f 9848 9849 5161
f 9847 9848 5162
f 5200 9847 5163
f 5201 9844 9847
f 5202 9841 9844
f 9850 9851 9854
f 9851 9852 9855
f 9853 9854 9857
f 9854 9855 9858
f 2791 5067 9850
f 5067 5066 9851
f 5066 5065 9852
f 5065 2790 5193
f 9852 5193 5192
f 9855 5192 5191
f 9858 5191 2804
f 9857 9858 5146
f 9856 9857 5147
f 5203 9856 5148
f 5204 9853 9856
f 5205 9850 9853
f 9859 9860 9863
f 9860 9861 9864
f 9862 9863 9866
f 9863 9864 9867
f 2797 5085 9859
f 5085 5084 9860
f 5084 5083 9861
f 5083 2796 5202
f 9861 5202 5201
f 9864 5201 5200
f 9867 5200 2810
f 9866 9867 5164
f 9865 9866 5165
f 5206 9865 5166
f 5207 9862 9865
f 5208 9859 9862
f 9868 9869 9872
f 9869 9870 9873
f 9871 9872 9875
f 9872 9873 9876
f 2792 5070 9868
f 5070 5069 9869
f 5069 5068 9870
f 5068 2791 5205
f 9870 5205 5204
f 9873 5204 5203
f 9876 5203 2805
f 9875 9876 5149
f 9874 9875 5150
f 5209 9874 5151
f 5210 9871 9874
f 5211 9868 9871
f 9877 9878 9881
f 9878 9879 9882
f 9880 9881 9884
f 9881 9882 9885
f 2798 5088 9877
f 5088 5087 9878
f 5087 5086 9879
f 5086 2797 5208
f 9879 5208 5207
f 9882 5207 5206
f 9885 5206 2811
f 9884 9885 5167
f 9883 9884 5168
f 5212 9883 5169
f 5213 9880 9883
f 5214 9877 9880
f 9886 9887 9890
f 9887 9888 9891
f 9889 9890 9893
f 9890 9891 9894
f 2793 5073 9886
f 5073 5072 9887
f 5072 5071 9888
f 5071 2792 5211
f 9888 5211 5210
f 9891 5210 5209
f 9894 5209 2806
f 9893 9894 5152
f 9892 9893 5153
f 5215 9892 5154
f 5216 9889 9892
f 5217 9886 9889
f 9895 9896 9899
f 9896 9897 9900
f 9898 9899 9902
f 9899 9900 9903
f 2799 5091 9895
f 5091 5090 9896
f 5090 5089 9897
f 5089 2798 5214
f 9897 5214 5213
f 9900 5213 5212
f 9903 5212 2812
f 9902 9903 5170
f 9901 9902 5171
f 5221 9901 5172
f 5222 9898 9901
f 5223 9895 9898
f 9904 9905 9908
f 9905 9906 9909
f 9907 9908 9911
f 9908 9909 9912
f 2794 5076 9904
f 5076 5075 9905
f 5075 5074 9906
f 5074 2793 5217
f 9906 5217 5216
f 9909 5216 5215
f 9912 5215 2807
f 9911 9912 5155
f 9910 9911 5156
f 5184 9910 5157
f 5183 9907 9910
f 5182 9904 9907
f 9913 9914 9917
f 9914 9915 9918
f 9916 9917 9920
f 9917 9918 9921
f 2789 5061 9913
f 5061 5060 9914
f 5060 5059 9915
f 5059 2788 5220
f 9915 5220 5219
f 9918 5219 5218
f 9921 5218 2802
f 9920 9921 5140
f 9919 9920 5141
f 5190 9919 5142
f 5189 9916 9919
f 5188 9913 9916
f 9922 9923 9926
f 9923 9924 9927
f 9925 9926 9929
f 9926 9927 9930
f 2800 5094 9922
f 5094 5093 9923
f 5093 5092 9924
f 5092 2799 5223
f 9924 5223 5222
f 9927 5222 5221
f 9930 5221 2813
f 9929 9930 5173
f 9928 9929 5174
f 5196 9928 5175
f 5195 9925 9928
f 5194 9922 9925
f 9931 9932 9935
f 9932 9933 9936
f 9934 9935 9938
f 9935 9936 9939
f 2813 5172 9931
f 5172 5171 9932
f 5171 5170 9933
f 5170 2812 5263
f 9933 5263 5264
f 9936 5264 5265
f 9939 5265 2827
f 9938 9939 5254
f 9937 9938 5255
f 5266 9937 5256
f 5267 9934 9937
f 5268 9931 9934
f 9940 9941 9944
f 9941 9942 9945
f 9943 9944 9947
f 9944 9945 9948
f 2808 5157 9940
f 5157 5156 9941
f 5156 5155 9942
f 5155 2807 5269
f 9942 5269 5270
f 9945 5270 5271
f 9948 5271 2822
f 9947 9948 5239
f 9946 9947 5240
f 5272 9946 5241
f 5273 9943 9946
f 5274 9940 9943
f 9949 9950 9953
f 9950 9951 9954
f 9952 9953 9956
f 9953 9954 9957
f 2803 5142 9949
f 5142 5141 9950
f 5141 5140 9951
f 5140 2802 5275
f 9951 5275 5276
f 9954 5276 5277
f 9957 5277 2817
f 9956 9957 5224
f 9955 9956 5225
f 5278 9955 5226
f 5279 9952 9955
f 5280 9949 9952
f 9958 9959 9962
f 9959 9960 9963
f 9961 9962 9965
f 9962 9963 9966
f 2814 5175 9958
f 5175 5174 9959
f 5174 5173 9960
f 5173 2813 5268
f 9960 5268 5267
f 9963 5267 5266
f 9966 5266 2828
f 9965 9966 5257
f 9964 9965 5258
f 5281 9964 5259
f 5282 9961 9964
f 5283 9958 9961
f 9967 9968 9971
f 9968 9969 9972
f 9970 9971 9974
f 9971 9972 9975
f 2809 5160 9967
f 5160 5159 9968
f 5159 5158 9969
f 5158 2808 5274
f 9969 5274 5273
f 9972 5273 5272
f 9975 5272 2823
f 9974 9975 5242
f 9973 9974 5243
f 5284 9973 5244
f 5285 9970 9973
f 5286 9967 9970
f 9976 9977 9980
f 9977 9978 9981
f 9979 9980 9983
f 9980 9981 9984
f 2804 5145 9976
f 5145 5144 9977
f 5144 5143 9978
f 5143 2803 5280
f 9978 5280 5279
f 9981 5279 5278
f 9984 5278 2818
f 9983 9984 5227
f 9982 9983 5228
f 5287 9982 5229
f 5288 9979 9982
f 5289 9976 9979
f 9985 9986 9989
f 9986 9987 9990
f 9988 9989 9992
f 9989 9990 9993
f 2815 5178 9985
f 5178 5177 9986
f 5177 5176 9987
f 5176 2814 5283
f 9987 5283 5282
f 9990 5282 5281
f 9993 5281 2829
f 9992 9993 5260
f 9991 9992 5261
f 5290 9991 5262
f 5291 9988 9991
f 5292 9985 9988
f 9994 9995 9998
f 9995 9996 9999
f 9997 9998 10001
f 9998 9999 10002
f 2810 5163 9994
f 5163 5162 9995
f 5162 5161 9996
f 5161 2809 5286
f 9996 5286 5285
f 9999 5285 5284
f 10002 5284 2824
f 10001 10002 5245
f 10000 10001 5246
f 5293 10000 5247
f 5294 9997 10000
f 5295 9994 9997
f 10003 10004 10007
f 10004 10005 10008
f 10006 10007 10010
f 10007 10008 10011
f 2805 5148 10003
f 5148 5147 10004
f 5147 5146 10005
f 5146 2804 5289
f 10005 5289 5288
f 10008 5288 5287
f 10011 5287 2819
f 10010 10011 5230
f 10009 10010 5231
f 5296 10009 5232
f 5297 10006 10009
f 5298 10003 10006
f 10012 10013 10016
f 10013 10014 10017
f 10015 10016 10019
f 10016 10017 10020
f 2811 5166 10012
f 5166 5165 10013
f 5165 5164 10014
f 5164 2810 5295
f 10014 5295 5294
f 10017 5294 5293
f 10020 5293 2825
f 10019 10020 5248
f 10018 10019 5249
f 5299 10018 5250
f 5300 10015 10018
f 5301 10012 10015
f 10021 10022 10025
f 10022 10023 10026
f 10024 10025 10028
f 10025 10026 10029
f 2806 5151 10021
f 5151 5150 10022
f 5150 5149 10023
f 5149 2805 5298
f 10023 5298 5297
f 10026 5297 5296
f 10029 5296 2820
f 10028 10029 5233
f 10027 10028 5234
f 5302 10027 5235
f 5303 10024 10027
f 5304 10021 10024
f 10030 10031 10034
f 10031 10032 10035
f 10033 10034 10037
f 10034 10035 10038
f 2812 5169 10030
f 5169 5168 10031
f 5168 5167 10032
f 5167 2811 5301
f 10032 5301 5300
f 10035 5300 5299
f 10038 5299 2826
f 10037 10038 5251
f 10036 10037 5252
f 5265 10036 5253
f 5264 10033 10036
f 5263 10030 10033
f 10039 10040 10043
f 10040 10041 10044
f 10042 10043 10046
f 10043 10044 10047
f 2807 5154 10039
f 5154 5153 10040
f 5153 5152 10041
f 5152 2806 5304
f 10041 5304 5303
f 10044 5303 5302
f 10047 5302 2821
f 10046 10047 5236
f 10045 10046 5237
f 5271 10045 5238
f 5270 10042 10045
f 5269 10039 10042
f 10048 10049 10052
f 10049 10050 10053
f 10051 10052 10055
f 10052 10053 10056
f 2827 5253 10048
f 5253 5252 10049
f 5252 5251 10050
f 5251 2826 5344
f 10050 5344 5345
f 10053 5345 5346
f 10056 5346 2840
f 10055 10056 5332
f 10054 10055 5333
f 5347 10054 5334
f 5348 10051 10054
f 5349 10048 10051
f 10057 10058 10061
f 10058 10059 10062
f 10060 10061 10064
f 10061 10062 10065
f 2822 5238 10057
f 5238 5237 10058
f 5237 5236 10059
f 5236 2821 5350
f 10059 5350 5351
f 10062 5351 5352
f 10065 5352 2835
f 10064 10065 5317
f 10063 10064 5318
f 5353 10063 5319
f 5354 10060 10063
f 5355 10057 10060
f 10066 10067 10070
f 10067 10068 10071
f 10069 10070 10073
f 10070 10071 10074
f 2828 5256 10066
f 5256 5255 10067
f 5255 5254 10068
f 5254 2827 5349
f 10068 5349 5348
f 10071 5348 5347
f 10074 5347 2841
f 10073 10074 5335
f 10072 10073 5336
f 5359 10072 5337
f 5360 10069 10072
f 5361 10066 10069
f 10075 10076 10079
f 10076 10077 10080
f 10078 10079 10082
f 10079 10080 10083
f 2823 5241 10075
f 5241 5240 10076
f 5240 5239 10077
f 5239 2822 5355
f 10077 5355 5354
f 10080 5354 5353
f 10083 5353 2836
f 10082 10083 5320
f 10081 10082 5321
f 5362 10081 5322
f 5363 10078 10081
f 5364 10075 10078
f 10084 10085 10088
f 10085 10086 10089
f 10087 10088 10091
f 10088 10089 10092
f 2818 5226 10084
f 5226 5225 10085
f 5225 5224 10086
f 5224 2817 5358
f 10086 5358 5357
f 10089 5357 5356
f 10092 5356 2831
f 10091 10092 5305
f 10090 10091 5306
f 5365 10090 5307
f 5366 10087 10090
f 5367 10084 10087
f 10093 10094 10097
f 10094 10095 10098
f 10096 10097 10100
f 10097 10098 10101
f 2829 5259 10093
f 5259 5258 10094
f 5258 5257 10095
f 5257 2828 5361
f 10095 5361 5360
f 10098 5360 5359
f 10101 5359 2842
f 10100 10101 5338
f 10099 10100 5339
f 5368 10099 5340
f 5369 10096 10099
f 5370 10093 10096
f 10102 10103 10106
f 10103 10104 10107
f 10105 10106 10109
f 10106 10107 10110
f 2824 5244 10102
f 5244 5243 10103
f 5243 5242 10104
f 5242 2823 5364
f 10104 5364 5363
f 10107 5363 5362
f 10110 5362 2837
f 10109 10110 5323
f 10108 10109 5324
f 5371 10108 5325
f 5372 10105 10108
f 5373 10102 10105
f 10111 10112 10115
f 10112 10113 10116
f 10114 10115 10118
f 10115 10116 10119
f 2819 5229 10111
f 5229 5228 10112
f 5228 5227 10113
f 5227 2818 5367
f 10113 5367 5366
f 10116 5366 5365
f 10119 5365 2832
f 10118 10119 5308
f 10117 10118 5309
f 5374 10117 5310
f 5375 10114 10117
f 5376 10111 10114
f 10120 10121 10124
f 10121 10122 10125
f 10123 10124 10127
f 10124 10125 10128
f 2830 5262 10120
f 5262 5261 10121
f 5261 5260 10122
f 5260 2829 5370
f 10122 5370 5369
f 10125 5369 5368
f 10128 5368 2843
f 10127 10128 5341
f 10126 10127 5342
f 5377 10126 5343
f 5378 10123 10126
f 5379 10120 10123
f 10129 10130 10133
f 10130 10131 10134
f 10132 10133 10136
f 10133 10134 10137
f 2825 5247 10129
f 5247 5246 10130
f 5246 5245 10131
f 5245 2824 5373
f 10131 5373 5372
f 10134 5372 5371
f 10137 5371 2838
f 10136 10137 5326
f 10135 10136 5327
f 5380 10135 5328
f 5381 10132 10135
f 5382 10129 10132
f 10138 10139 10142
f 10139 10140 10143
f 10141 10142 10145
f 10142 10143 10146
f 2820 5232 10138
f 5232 5231 10139
f 5231 5230 10140
f 5230 2819 5376
f 10140 5376 5375
f 10143 5375 5374
f 10146 5374 2833
f 10145 10146 5311
f 10144 10145 5312
f 5383 10144 5313
f 5384 10141 10144
f 5385 10138 10141
f 10147 10148 10151
f 10148 10149 10152
f 10150 10151 10154
f 10151 10152 10155
f 2826 5250 10147
f 5250 5249 10148
f 5249 5248 10149
f 5248 2825 5382
f 10149 5382 5381
f 10152 5381 5380
f 10155 5380 2839
f 10154 10155 5329
f 10153 10154 5330
f 5346 10153 5331
f 5345 10150 10153
f 5344 10147 10150
f 10156 10157 10160
f 10157 10158 10161
f 10159 10160 10163
f 10160 10161 10164
f 2821 5235 10156
f 5235 5234 10157
f 5234 5233 10158
f 5233 2820 5385
f 10158 5385 5384
f 10161 5384 5383
f 10164 5383 2834
f 10163 10164 5314
f 10162 10163 5315
f 5352 10162 5316
f 5351 10159 10162
f 5350 10156 10159
f 10165 10166 10169
f 10166 10167 10170
f 10168 10169 10172
f 10169 10170 10173
f 2834 5313 10165
f 5313 5312 10166
f 5312 5311 10167
f 5311 2833 5425
f 10167 5425 5426
f 10170 5426 5427
f 10173 5427 2847
f 10172 10173 5392
f 10171 10172 5393
f 5428 10171 5394
f 5429 10168 10171
f 5430 10165 10168
f 10174 10175 10178
f 10175 10176 10179
f 10177 10178 10181
f 10178 10179 10182
f 2840 5331 10174
f 5331 5330 10175
f 5330 5329 10176
f 5329 2839 5434
f 10176 5434 5435
f 10179 5435 5436
f 10182 5436 2853
f 10181 10182 5410
f 10180 10181 5411
f 5437 10180 5412
f 5438 10177 10180
f 5439 10174 10177
f 10183 10184 10187
f 10184 10185 10188
f 10186 10187 10190
f 10187 10188 10191
f 2835 5316 10183
f 5316 5315 10184
f 5315 5314 10185
f 5314 2834 5430
f 10185 5430 5429
f 10188 5429 5428
f 10191 5428 2848
f 10190 10191 5395
f 10189 10190 5396
f 5440 10189 5397
f 5441 10186 10189
f 5442 10183 10186
f 10192 10193 10196
f 10193 10194 10197
f 10195 10196 10199
f 10196 10197 10200
f 2841 5334 10192
f 5334 5333 10193
f 5333 5332 10194
f 5332 2840 5439
f 10194 5439 5438
f 10197 5438 5437
f 10200 5437 2854
f 10199 10200 5413
f 10198 10199 5414
f 5443 10198 5415
f 5444 10195 10198
f 5445 10192 10195
f 10201 10202 10205
f 10202 10203 10206
f 10204 10205 10208
f 10205 10206 10209
f 2836 5319 10201
f 5319 5318 10202
f 5318 5317 10203
f 5317 2835 5442
f 10203 5442 5441
f 10206 5441 5440
f 10209 5440 2849
f 10208 10209 5398
f 10207 10208 5399
f 5446 10207 5400
f 5447 10204 10207
f 5448 10201 10204
f 10210 10211 10214
f 10211 10212 10215
f 10213 10214 10217
f 10214 10215 10218
f 2842 5337 10210
f 5337 5336 10211
f 5336 5335 10212
f 5335 2841 5445
f 10212 5445 5444
f 10215 5444 5443
f 10218 5443 2855
f 10217 10218 5416
f 10216 10217 5417
f 5452 10216 5418
f 5453 10213 10216
f 5454 10210 10213
f 10219 10220 10223
f 10220 10221 10224
f 10222 10223 10226
f 10223 10224 10227
f 2837 5322 10219
f 5322 5321 10220
f 5321 5320 10221
f 5320 2836 5448
f 10221 5448 5447
f 10224 5447 5446
f 10227 5446 2850
f 10226 10227 5401
f 10225 10226 5402
f 5455 10225 5403
f 5456 10222 10225
f 5457 10219 10222
f 10228 10229 10232
f 10229 10230 10233
f 10231 10232 10235
f 10232 10233 10236
f 2832 5307 10228
f 5307 5306 10229
f 5306 5305 10230
f 5305 2831 5451
f 10230 5451 5450
f 10233 5450 5449
f 10236 5449 2845
f 10235 10236 5386
f 10234 10235 5387
f 5458 10234 5388
f 5459 10231 10234
f 5460 10228 10231
f 10237 10238 10241
f 10238 10239 10242
f 10240 10241 10244
f 10241 10242 10245
f 2843 5340 10237
f 5340 5339 10238
f 5339 5338 10239
f 5338 2842 5454
f 10239 5454 5453
f 10242 5453 5452
f 10245 5452 2856
f 10244 10245 5419
f 10243 10244 5420
f 5461 10243 5421
f 5462 10240 10243
f 5463 10237 10240
f 10246 10247 10250
f 10247 10248 10251
f 10249 10250 10253
f 10250 10251 10254
f 2838 5325 10246
f 5325 5324 10247
f 5324 5323 10248
f 5323 2837 5457
f 10248 5457 5456
f 10251 5456 5455
f 10254 5455 2851
f 10253 10254 5404
f 10252 10253 5405
f 5464 10252 5406
f 5465 10249 10252
f 5466 10246 10249
f 10255 10256 10259
f 10256 10257 10260
f 10258 10259 10262
f 10259 10260 10263
f 2833 5310 10255
f 5310 5309 10256
f 5309 5308 10257
f 5308 2832 5460
f 10257 5460 5459
f 10260 5459 5458
f 10263 5458 2846
f 10262 10263 5389
f 10261 10262 5390
f 5427 10261 5391
f 5426 10258 10261
f 5425 10255 10258
f 10264 10265 10268
f 10265 10266 10269
f 10267 10268 10271
f 10268 10269 10272
f 2844 5343 10264
f 5343 5342 10265
f 5342 5341 10266
f 5341 2843 5463
f 10266 5463 5462
f 10269 5462 5461
f 10272 5461 2857
f 10271 10272 5422
f 10270 10271 5423
f 5433 10270 5424
f 5432 10267 10270
f 5431 10264 10267
f 10273 10274 10277
f 10274 10275 10278
f 10276 10277 10280
f 10277 10278 10281
f 2839 5328 10273
f 5328 5327 10274
f 5327 5326 10275
f 5326 2838 5466
f 10275 5466 5465
f 10278 5465 5464
f 10281 5464 2852
f 10280 10281 5407
f 10279 10280 5408
f 5436 10279 5409
f 5435 10276 10279
f 5434 10273 10276
f 10282 10283 10286
f 10283 10284 10287
f 10285 10286 10289
f 10286 10287 10290
f 2852 5406 10282
f 5406 5405 10283
f 5405 5404 10284
f 5404 2851 5509
f 10284 5509 5510
f 10287 5510 5511
f 10290 5511 2865
f 10289 10290 5485
f 10288 10289 5486
f 5512 10288 5487
f 5513 10285 10288
f 5514 10282 10285
f 10291 10292 10295
f 10292 10293 10296
f 10294 10295 10298
f 10295 10296 10299
f 2847 5391 10291
f 5391 5390 10292
f 5390 5389 10293
f 5389 2846 5515
f 10293 5515 5516
f 10296 5516 5517
f 10299 5517 2860
f 10298 10299 5470
f 10297 10298 5471
f 5518 10297 5472
f 5519 10294 10297
f 5520 10291 10294
f 10300 10301 10304
f 10301 10302 10305
f 10303 10304 10307
f 10304 10305 10308
f 2858 5424 10300
f 5424 5423 10301
f 5423 5422 10302
f 5422 2857 5521
f 10302 5521 5522
f 10305 5522 5523
f 10308 5523 2871
f 10307 10308 5503
f 10306 10307 5504
f 5524 10306 5505
f 5525 10303 10306
f 5526 10300 10303
f 10309 10310 10313
f 10310 10311 10314
f 10312 10313 10316
f 10313 10314 10317
f 2853 5409 10309
f 5409 5408 10310
f 5408 5407 10311
f 5407 2852 5514
f 10311 5514 5513
f 10314 5513 5512
f 10317 5512 2866
f 10316 10317 5488
f 10315 10316 5489
f 5527 10315 5490
f 5528 10312 10315
f 5529 10309 10312
f 10318 10319 10322
f 10319 10320 10323
f 10321 10322 10325
f 10322 10323 10326
f 2848 5394 10318
f 5394 5393 10319
f 5393 5392 10320
f 5392 2847 5520
f 10320 5520 5519
f 10323 5519 5518
f 10326 5518 2861
f 10325 10326 5473
f 10324 10325 5474
f 5530 10324 5475
f 5531 10321 10324
f 5532 10318 10321
f 10327 10328 10331
f 10328 10329 10332
f 10330 10331 10334
f 10331 10332 10335
f 2854 5412 10327
f 5412 5411 10328
f 5411 5410 10329
f 5410 2853 5529
f 10329 5529 5528
f 10332 5528 5527
f 10335 5527 2867
f 10334 10335 5491
f 10333 10334 5492
f 5533 10333 5493
f 5534 10330 10333
f 5535 10327 10330
f 10336 10337 10340
f 10337 10338 10341
f 10339 10340 10343
f 10340 10341 10344
f 2849 5397 10336
f 5397 5396 10337
f 5396 5395 10338
f 5395 2848 5532
f 10338 5532 5531
f 10341 5531 5530
f 10344 5530 2862
f 10343 10344 5476
f 10342 10343 5477
f 5536 10342 5478
f 5537 10339 10342
f 5538 10336 10339
f 10345 10346 10349
f 10346 10347 10350
f 10348 10349 10352
f 10349 10350 10353
f 2855 5415 10345
f 5415 5414 10346
f 5414 5413 10347
f 5413 2854 5535
f 10347 5535 5534
f 10350 5534 5533
f 10353 5533 2868
f 10352 10353 5494
f 10351 10352 5495
f 5539 10351 5496
f 5540 10348 10351
f 5541 10345 10348
f 10354 10355 10358
f 10355 10356 10359
f 10357 10358 10361
f 10358 10359 10362
f 2850 5400 10354
f 5400 5399 10355
f 5399 5398 10356
f 5398 2849 5538
f 10356 5538 5537
f 10359 5537 5536
f 10362 5536 2863
f 10361 10362 5479
f 10360 10361 5480
f 5542 10360 5481
f 5543 10357 10360
f 5544 10354 10357
f 10363 10364 10367
f 10364 10365 10368
f 10366 10367 10370
f 10367 10368 10371
f 2856 5418 10363
f 5418 5417 10364
f 5417 5416 10365
f 5416 2855 5541
f 10365 5541 5540
f 10368 5540 5539
f 10371 5539 2869
f 10370 10371 5497
f 10369 10370 5498
f 5548 10369 5499
f 5549 10366 10369
f 5550 10363 10366
f 10372 10373 10376
f 10373 10374 10377
f 10375 10376 10379
f 10376 10377 10380
f 2851 5403 10372
f 5403 5402 10373
f 5402 5401 10374
f 5401 2850 5544
f 10374 5544 5543
f 10377 5543 5542
f 10380 5542 2864
f 10379 10380 5482
f 10378 10379 5483
f 5511 10378 5484
f 5510 10375 10378
f 5509 10372 10375
f 10381 10382 10385
f 10382 10383 10386
f 10384 10385 10388
f 10385 10386 10389
f 2846 5388 10381
f 5388 5387 10382
f 5387 5386 10383
f 5386 2845 5547
f 10383 5547 5546
f 10386 5546 5545
f 10389 5545 2859
f 10388 10389 5467
f 10387 10388 5468
f 5517 10387 5469
f 5516 10384 10387
f 5515 10381 10384
f 10390 10391 10394
f 10391 10392 10395
f 10393 10394 10397
f 10394 10395 10398
f 2857 5421 10390
f 5421 5420 10391
f 5420 5419 10392
f 5419 2856 5550
f 10392 5550 5549
f 10395 5549 5548
f 10398 5548 2870
f 10397 10398 5500
f 10396 10397 5501
f 5523 10396 5502
f 5522 10393 10396
f 5521 10390 10393
f 10399 10400 10403
f 10400 10401 10404
f 10402 10403 10406
f 10403 10404 10407
f 2870 5499 10399
f 5499 5498 10400
f 5498 5497 10401
f 5497 2869 5593
f 10401 5593 5594
f 10404 5594 5595
f 10407 5595 2885
f 10406 10407 5584
f 10405 10406 5585
f 5596 10405 5586
f 5597 10402 10405
f 5598 10399 10402
f 10408 10409 10412
f 10409 10410 10413
f 10411 10412 10415
f 10412 10413 10416
f 2865 5484 10408
f 5484 5483 10409
f 5483 5482 10410
f 5482 2864 5599
f 10410 5599 5600
f 10413 5600 5601
f 10416 5601 2880
f 10415 10416 5569
f 10414 10415 5570
f 5602 10414 5571
f 5603 10411 10414
f 5604 10408 10411
f 10417 10418 10421
f 10418 10419 10422
f 10420 10421 10424
f 10421 10422 10425
f 2860 5469 10417
f 5469 5468 10418
f 5468 5467 10419
f 5467 2859 5605
f 10419 5605 5606
f 10422 5606 5607
f 10425 5607 2875
f 10424 10425 5554
f 10423 10424 5555
f 5608 10423 5556
f 5609 10420 10423
f 5610 10417 10420
f 10426 10427 10430
f 10427 10428 10431
f 10429 10430 10433
f 10430 10431 10434
f 2871 5502 10426
f 5502 5501 10427
f 5501 5500 10428
f 5500 2870 5598
f 10428 5598 5597
f 10431 5597 5596
f 10434 5596 2886
f 10433 10434 5587
f 10432 10433 5588
f 5611 10432 5589
f 5612 10429 10432
f 5613 10426 10429
f 10435 10436 10439
f 10436 10437 10440
f 10438 10439 10442
f 10439 10440 10443
f 2866 5487 10435
f 5487 5486 10436
f 5486 5485 10437
f 5485 2865 5604
f 10437 5604 5603
f 10440 5603 5602
f 10443 5602 2881
f 10442 10443 5572
f 10441 10442 5573
f 5614 10441 5574
f 5615 10438 10441
f 5616 10435 10438
f 10444 10445 10448
f 10445 10446 10449
f 10447 10448 10451
f 10448 10449 10452
f 2861 5472 10444
f 5472 5471 10445
f 5471 5470 10446
f 5470 2860 5610
f 10446 5610 5609
f 10449 5609 5608
f 10452 5608 2876
f 10451 10452 5557
f 10450 10451 5558
f 5617 10450 5559
f 5618 10447 10450
f 5619 10444 10447
f 10453 10454 10457
f 10454 10455 10458
f 10456 10457 10460
f 10457 10458 10461
f 2872 5505 10453
f 5505 5504 10454
f 5504 5503 10455
f 5503 2871 5613
f 10455 5613 5612
f 10458 5612 5611
f 10461 5611 2887
f 10460 10461 5590
f 10459 10460 5591
f 5620 10459 5592
f 5621 10456 10459
f 5622 10453 10456
f 10462 10463 10466
f 10463 10464 10467
f 10465 10466 10469
f 10466 10467 10470
f 2867 5490 10462
f 5490 5489 10463
f 5489 5488 10464
f 5488 2866 5616
f 10464 5616 5615
f 10467 5615 5614
f 10470 5614 2882
f 10469 10470 5575
f 10468 10469 5576
f 5623 10468 5577
f 5624 10465 10468
f 5625 10462 10465
f 10471 10472 10475
f 10472 10473 10476
f 10474 10475 10478
f 10475 10476 10479
f 2862 5475 10471
f 5475 5474 10472
f 5474 5473 10473
f 5473 2861 5619
f 10473 5619 5618
f 10476 5618 5617
f 10479 5617 2877
f 10478 10479 5560
f 10477 10478 5561
f 5626 10477 5562
f 5627 10474 10477
f 5628 10471 10474
f 10480 10481 10484
f 10481 10482 10485
f 10483 10484 10487
f 10484 10485 10488
f 2868 5493 10480
f 5493 5492 10481
f 5492 5491 10482
f 5491 2867 5625
f 10482 5625 5624
f 10485 5624 5623
f 10488 5623 2883
f 10487 10488 5578
f 10486 10487 5579
f 5629 10486 5580
f 5630 10483 10486
f 5631 10480 10483
f 10489 10490 10493
f 10490 10491 10494
f 10492 10493 10496
f 10493 10494 10497
f 2863 5478 10489
f 5478 5477 10490
f 5477 5476 10491
f 5476 2862 5628
f 10491 5628 5627
f 10494 5627 5626
f 10497 5626 2878
f 10496 10497 5563
f 10495 10496 5564
f 5632 10495 5565
f 5633 10492 10495
f 5634 10489 10492
f 10498 10499 10502
f 10499 10500 10503
f 10501 10502 10505
f 10502 10503 10506
f 2869 5496 10498
f 5496 5495 10499
f 5495 5494 10500
f 5494 2868 5631
f 10500 5631 5630
f 10503 5630 5629
f 10506 5629 2884
f 10505 10506 5581
f 10504 10505 5582
f 5595 10504 5583
f 5594 10501 10504
f 5593 10498 10501
f 10507 10508 10511
f 10508 10509 10512
f 10510 10511 10514
f 10511 10512 10515
f 2864 5481 10507
f 5481 5480 10508
f 5480 5479 10509
f 5479 2863 5634
f 10509 5634 5633
f 10512 5633 5632
f 10515 5632 2879
f 10514 10515 5566
f 10513 10514 5567
f 5601 10513 5568
f 5600 10510 10513
f 5599 10507 10510
f 10516 10517 10520
f 10517 10518 10521
f 10519 10520 10523
f 10520 10521 10524
f 2885 5583 10516
f 5583 5582 10517
f 5582 5581 10518
f 5581 2884 5674
f 10518 5674 5675
f 10521 5675 5676
f 10524 5676 2898
f 10523 10524 5662
f 10522 10523 5663
f 5677 10522 5664
f 5678 10519 10522
f 5679 10516 10519
f 10525 10526 10529
f 10526 10527 10530
f 10528 10529 10532
f 10529 10530 10533
f 2880 5568 10525
f 5568 5567 10526
f 5567 5566 10527
f 5566 2879 5680
f 10527 5680 5681
f 10530 5681 5682
f 10533 5682 2893
f 10532 10533 5647
f 10531 10532 5648
f 5683 10531 5649
f 5684 10528 10531
f 5685 10525 10528
f 10534 10535 10538
f 10535 10536 10539
f 10537 10538 10541
f 10538 10539 10542
f 2886 5586 10534
f 5586 5585 10535
f 5585 5584 10536
f 5584 2885 5679
f 10536 5679 5678
f 10539 5678 5677
f 10542 5677 2899
f 10541 10542 5665
f 10540 10541 5666
f 5689 10540 5667
f 5690 10537 10540
f 5691 10534 10537
f 10543 10544 10547
f 10544 10545 10548
f 10546 10547 10550
f 10547 10548 10551
f 2881 5571 10543
f 5571 5570 10544
f 5570 5569 10545
f 5569 2880 5685
f 10545 5685 5684
f 10548 5684 5683
f 10551 5683 2894
f 10550 10551 5650
f 10549 10550 5651
f 5692 10549 5652
f 5693 10546 10549
f 5694 10543 10546
f 10552 10553 10556
f 10553 10554 10557
f 10555 10556 10559
f 10556 10557 10560
f 2876 5556 10552
f 5556 5555 10553
f 5555 5554 10554
f 5554 2875 5688
f 10554 5688 5687
f 10557 5687 5686
f 10560 5686 2889
f 10559 10560 5635
f 10558 10559 5636
f 5695 10558 5637
f 5696 10555 10558
f 5697 10552 10555
f 10561 10562 10565
f 10562 10563 10566
f 10564 10565 10568
f 10565 10566 10569
f 2887 5589 10561
f 5589 5588 10562
f 5588 5587 10563
f 5587 2886 5691
f 10563 5691 5690
f 10566 5690 5689
f 10569 5689 2900
f 10568 10569 5668
f 10567 10568 5669
f 5698 10567 5670
f 5699 10564 10567
f 5700 10561 10564
f 10570 10571 10574
f 10571 10572 10575
f 10573 10574 10577
f 10574 10575 10578
f 2882 5574 10570
f 5574 5573 10571
f 5573 5572 10572
f 5572 2881 5694
f 10572 5694 5693
f 10575 5693 5692
f 10578 5692 2895
f 10577 10578 5653
f 10576 10577 5654
f 5701 10576 5655
f 5702 10573 10576
f 5703 10570 10573
f 10579 10580 10583
f 10580 10581 10584
f 10582 10583 10586
f 10583 10584 10587
f 2877 5559 10579
f 5559 5558 10580
f 5558 5557 10581
f 5557 2876 5697
f 10581 5697 5696
f 10584 5696 5695
f 10587 5695 2890
f 10586 10587 5638
f 10585 10586 5639
f 5704 10585 5640
f 5705 10582 10585
f 5706 10579 10582
f 10588 10589 10592
f 10589 10590 10593
f 10591 10592 10595
f 10592 10593 10596
f 2888 5592 10588
f 5592 5591 10589
f 5591 5590 10590
f 5590 2887 5700
f 10590 5700 5699
f 10593 5699 5698
f 10596 5698 2901
f 10595 10596 5671
f 10594 10595 5672
f 5707 10594 5673
f 5708 10591 10594
f 5709 10588 10591
f 10597 10598 10601
f 10598 10599 10602
f 10600 10601 10604
f 10601 10602 10605
f 2883 5577 10597
f 5577 5576 10598
f 5576 5575 10599
f 5575 2882 5703
f 10599 5703 5702
f 10602 5702 5701
f 10605 5701 2896
f 10604 10605 5656
f 10603 10604 5657
f 5710 10603 5658
f 5711 10600 10603
f 5712 10597 10600
f 10606 10607 10610
f 10607 10608 10611
f 10609 10610 10613
f 10610 10611 10614
f 2878 5562 10606
f 5562 5561 10607
f 5561 5560 10608
f 5560 2877 5706
f 10608 5706 5705
f 10611 5705 5704
f 10614 5704 2891
f 10613 10614 5641
f 10612 10613 5642
f 5713 10612 5643
f 5714 10609 10612
f 5715 10606 10609
f 10615 10616 10619
f 10616 10617 10620
f 10618 10619 10622
f 10619 10620 10623
f 2884 5580 10615
f 5580 5579 10616
f 5579 5578 10617
f 5578 2883 5712
f 10617 5712 5711
f 10620 5711 5710
f 10623 5710 2897
f 10622 10623 5659
f 10621 10622 5660
f 5676 10621 5661
f 5675 10618 10621
f 5674 10615 10618
f 10624 10625 10628
f 10625 10626 10629
f 10627 10628 10631
f 10628 10629 10632
f 2879 5565 10624
f 5565 5564 10625
f 5564 5563 10626
f 5563 2878 5715
f 10626 5715 5714
f 10629 5714 5713
f 10632 5713 2892
f 10631 10632 5644
f 10630 10631 5645
f 5682 10630 5646
f 5681 10627 10630
f 5680 10624 10627
f 10633 10634 10637
f 10634 10635 10638
f 10636 10637 10640
f 10637 10638 10641
f 2845 5449 10633
f 5449 5450 10634
f 5450 5451 10635
f 5451 2831 5979
f 10635 5979 5978
f 10638 5978 5977
f 10641 5977 2929
f 10640 10641 5736
f 10639 10640 5735
f 6027 10639 5734
f 6026 10636 10639
f 6025 10633 10636
f 10642 10643 10646
f 10643 10644 10647
f 10645 10646 10649
f 10646 10647 10650
f 2700 4597 10642
f 4597 4598 10643
f 4598 4599 10644
f 4599 2685 5955
f 10644 5955 5954
f 10647 5954 5953
f 10650 5953 2919
f 10649 10650 5796
f 10648 10649 5795
f 6039 10648 5794
f 6038 10645 10648
f 6037 10642 10645
f 10651 10652 10655
f 10652 10653 10656
f 10654 10655 10658
f 10655 10656 10659
f 2715 4696 10651
f 4696 4697 10652
f 4697 4698 10653
f 4698 2700 6037
f 10653 6037 6038
f 10656 6038 6039
f 10659 6039 2920
f 10658 10659 5790
f 10657 10658 5789
f 6021 10657 5788
f 6020 10654 10657
f 6019 10651 10654
f 10660 10661 10664
f 10661 10662 10665
f 10663 10664 10667
f 10664 10665 10668
f 2743 4885 10660
f 4885 4886 10661
f 4886 4887 10662
f 4887 2729 6024
f 10662 6024 6023
f 10665 6023 6022
f 10668 6022 2922
f 10667 10668 5778
f 10666 10667 5777
f 5988 10666 5776
f 5987 10663 10666
f 5986 10660 10663
f 10669 10670 10673
f 10670 10671 10674
f 10672 10673 10676
f 10673 10674 10677
f 2626 4213 10669
f 4213 4214 10670
f 4214 4215 10671
f 4215 2612 6036
f 10671 6036 6035
f 10674 6035 6034
f 10677 6034 2914
f 10676 10677 5826
f 10675 10676 5825
f 6033 10675 5824
f 6032 10672 10675
f 6031 10669 10672
f 10678 10679 10682
f 10679 10680 10683
f 10681 10682 10685
f 10682 10683 10686
f 2582 3928 10678
f 3928 3929 10679
f 3929 3930 10680
f 3930 2568 6018
f 10680 6018 6017
f 10683 6017 6016
f 10686 6016 2911
f 10685 10686 5844
f 10684 10685 5843
f 5970 10684 5842
f 5969 10681 10684
f 5968 10678 10681
f 10687 10688 10691
f 10688 10689 10692
f 10690 10691 10694
f 10691 10692 10695
f 3010 6126 10687
f 6126 6125 10688
f 6125 6124 10689
f 6124 3001 6115
f 10689 6115 6116
f 10692 6116 6117
f 10695 6117 2964
f 10694 10695 5721
f 10693 10694 5720
f 6069 10693 5719
f 6068 10690 10693
f 6067 10687 10690
f 10696 10697 10700
f 10697 10698 10701
f 10699 10700 10703
f 10700 10701 10704
f 2612 4120 10696
f 4120 4121 10697
f 4121 4122 10698
f 4122 2597 5973
f 10698 5973 5972
f 10701 5972 5971
f 10704 5971 2913
f 10703 10704 5832
f 10702 10703 5831
f 6034 10702 5830
f 6035 10699 10702
f 6036 10696 10699
f 10705 10706 10709
f 10706 10707 10710
f 10708 10709 10712
f 10709 10710 10713
f 2464 3253 10705
f 3253 3254 10706
f 3254 3255 10707
f 3255 2449 6006
f 10707 6006 6005
f 10710 6005 6004
f 10713 6004 2903
f 10712 10713 5889
f 10711 10712 5888
f 6009 10711 5887
f 6008 10708 10711
f 6007 10705 10708
f 10714 10715 10718
f 10715 10716 10719
f 10717 10718 10721
f 10718 10719 10722
f 2788 5122 10714
f 5122 5123 10715
f 5123 5124 10716
f 5124 2773 5961
f 10716 5961 5960
f 10719 5960 5959
f 10722 5959 2925
f 10721 10722 5760
f 10720 10721 5759
f 5997 10720 5758
f 5996 10717 10720
f 5995 10714 10717
f 10723 10724 10727
f 10724 10725 10728
f 10726 10727 10730
f 10727 10728 10731
f 2641 4258 10723
f 4258 4259 10724
f 4259 4260 10725
f 4260 2626 6031
f 10725 6031 6032
f 10728 6032 6033
f 10731 6033 2915
f 10730 10731 5820
f 10729 10730 5819
f 6030 10729 5818
f 6029 10726 10729
f 6028 10723 10726
f 10732 10733 10736
f 10733 10734 10737
f 10735 10736 10739
f 10736 10737 10740
f 2656 4363 10732
f 4363 4364 10733
f 4364 4365 10734
f 4365 2641 6028
f 10734 6028 6029
f 10737 6029 6030
f 10740 6030 2916
f 10739 10740 5814
f 10738 10739 5813
f 5994 10738 5812
f 5993 10735 10738
f 5992 10732 10735
f 10741 10742 10745
f 10742 10743 10746
f 10744 10745 10748
f 10745 10746 10749
f 2523 3586 10741
f 3586 3587 10742
f 3587 3588 10743
f 3588 2508 5985
f 10743 5985 5984
f 10746 5984 5983
f 10749 5983 2907
f 10748 10749 5865
f 10747 10748 5864
f 5946 10747 5863
f 5945 10744 10747
f 5944 10741 10744
f 10750 10751 10754
f 10751 10752 10755
f 10753 10754 10757
f 10754 10755 10758
f 2553 3787 10750
f 3787 3788 10751
f 3788 3789 10752
f 3789 2538 5949
f 10752 5949 5948
f 10755 5948 5947
f 10758 5947 2909
f 10757 10758 5853
f 10756 10757 5852
f 6015 10756 5851
f 6014 10753 10756
f 6013 10750 10753
f 10759 10760 10763
f 10760 10761 10764
f 10762 10763 10766
f 10763 10764 10767
f 2435 5923 10759
f 5923 5924 10760
f 5924 5925 10761
f 5925 2889 5967
f 10761 5967 5966
f 10764 5966 5965
f 10767 5965 2933
f 10766 10767 5553
f 10765 10766 5552
f 6003 10765 5551
f 6002 10762 10765
f 6001 10759 10762
f 10768 10769 10772
f 10769 10770 10773
f 10771 10772 10775
f 10772 10773 10776
f 3007 6129 10768
f 6129 6128 10769
f 6128 6127 10770
f 6127 3009 6064
f 10770 6064 6065
f 10773 6065 6066
f 10776 6066 2954
f 10775 10776 5779
f 10774 10775 5780
f 6060 10774 5781
f 6059 10771 10774
f 6058 10768 10771
f 10777 10778 10781
f 10778 10779 10782
f 10780 10781 10784
f 10781 10782 10785
f 2859 5545 10777
f 5545 5546 10778
f 5546 5547 10779
f 5547 2845 6025
f 10779 6025 6026
f 10782 6026 6027
f 10785 6027 2930
f 10784 10785 5730
f 10783 10784 5729
f 5991 10783 5728
f 5990 10780 10783
f 5989 10777 10780
f 10786 10787 10790
f 10787 10788 10791
f 10789 10790 10793
f 10790 10791 10794
f 2729 4789 10786
f 4789 4790 10787
f 4790 4791 10788
f 4791 2715 6019
f 10788 6019 6020
f 10791 6020 6021
f 10794 6021 2921
f 10793 10794 5784
f 10792 10793 5783
f 6022 10792 5782
f 6023 10789 10792
f 6024 10786 10789
f 10795 10796 10799
f 10796 10797 10800
f 10798 10799 10802
f 10799 10800 10803
f 2817 5277 10795
f 5277 5276 10796
f 5276 5275 10797
f 5275 2802 6000
f 10797 6000 5999
f 10800 5999 5998
f 10803 5998 2927
f 10802 10803 5746
f 10801 10802 5747
f 5976 10801 5748
f 5975 10798 10801
f 5974 10795 10798
f 10804 10805 10808
f 10805 10806 10809
f 10807 10808 10811
f 10808 10809 10812
f 2568 3840 10804
f 3840 3839 10805
f 3839 3838 10806
f 3838 2553 6013
f 10806 6013 6014
f 10809 6014 6015
f 10812 6015 2910
f 10811 10812 5845
f 10810 10811 5846
f 6016 10810 5847
f 6017 10807 10810
f 6018 10804 10807
f 10813 10814 10817
f 10814 10815 10818
f 10816 10817 10820
f 10817 10818 10821
f 2493 3439 10813
f 3439 3440 10814
f 3440 3441 10815
f 3441 2479 6012
f 10815 6012 6011
f 10818 6011 6010
f 10821 6010 2905
f 10820 10821 5877
f 10819 10820 5876
f 5982 10819 5875
f 5981 10816 10819
f 5980 10813 10816
f 10822 10823 10826
f 10823 10824 10827
f 10825 10826 10829
f 10826 10827 10830
f 3006 6132 10822
f 6132 6131 10823
f 6131 6130 10824
f 6130 3007 6058
f 10824 6058 6059
f 10827 6059 6060
f 10830 6060 2953
f 10829 10830 5785
f 10828 10829 5786
f 6057 10828 5787
f 6056 10825 10828
f 6055 10822 10825
f 10831 10832 10835
f 10832 10833 10836
f 10834 10835 10838
f 10835 10836 10839
f 2479 3346 10831
f 3346 3347 10832
f 3347 3348 10833
f 3348 2464 6007
f 10833 6007 6008
f 10836 6008 6009
f 10839 6009 2904
f 10838 10839 5883
f 10837 10838 5882
f 6010 10837 5881
f 6011 10834 10837
f 6012 10831 10834
f 10840 10841 10844
f 10841 10842 10845
f 10843 10844 10847
f 10844 10845 10848
f 2449 3163 10840
f 3163 3164 10841
f 3164 3165 10842
f 3165 2435 6001
f 10842 6001 6002
f 10845 6002 6003
f 10848 6003 2874
f 10847 10848 5898
f 10846 10847 5897
f 6004 10846 5896
f 6005 10843 10846
f 6006 10840 10843
f 10849 10850 10853
f 10850 10851 10854
f 10852 10853 10856
f 10853 10854 10857
f 2802 5218 10849
f 5218 5219 10850
f 5219 5220 10851
f 5220 2788 5995
f 10851 5995 5996
f 10854 5996 5997
f 10857 5997 2926
f 10856 10857 5754
f 10855 10856 5753
f 5998 10855 5752
f 5999 10852 10855
f 6000 10849 10852
f 10858 10859 10862
f 10859 10860 10863
f 10861 10862 10865
f 10862 10863 10866
f 2671 4456 10858
f 4456 4457 10859
f 4457 4458 10860
f 4458 2656 5992
f 10860 5992 5993
f 10863 5993 5994
f 10866 5994 2917
f 10865 10866 5808
f 10864 10865 5807
f 5952 10864 5806
f 5951 10861 10864
f 5950 10858 10861
f 10867 10868 10871
f 10868 10869 10872
f 10870 10871 10874
f 10871 10872 10875
f 2875 5607 10867
f 5607 5606 10868
f 5606 5605 10869
f 5605 2859 5989
f 10869 5989 5990
f 10872 5990 5991
f 10875 5991 2931
f 10874 10875 5722
f 10873 10874 5723
f 5964 10873 5724
f 5963 10870 10873
f 5962 10867 10870
f 10876 10877 10880
f 10877 10878 10881
f 10879 10880 10883
f 10880 10881 10884
f 2758 4944 10876
f 4944 4943 10877
f 4943 4942 10878
f 4942 2743 5986
f 10878 5986 5987
f 10881 5987 5988
f 10884 5988 2923
f 10883 10884 5770
f 10882 10883 5771
f 5958 10882 5772
f 5957 10879 10882
f 5956 10876 10879
f 10885 10886 10889
f 10886 10887 10890
f 10888 10889 10892
f 10889 10890 10893
f 2508 3495 10885
f 3495 3494 10886
f 3494 3493 10887
f 3493 2493 5980
f 10887 5980 5981
f 10890 5981 5982
f 10893 5982 2906
f 10892 10893 5869
f 10891 10892 5870
f 5983 10891 5871
f 5984 10888 10891
f 5985 10885 10888
f 10894 10895 10898
f 10895 10896 10899
f 10897 10898 10901
f 10898 10899 10902
f 2831 5356 10894
f 5356 5357 10895
f 5357 5358 10896
f 5358 2817 5974
f 10896 5974 5975
f 10899 5975 5976
f 10902 5976 2928
f 10901 10902 5742
f 10900 10901 5741
f 5977 10900 5740
f 5978 10897 10900
f 5979 10894 10897
f 10903 10904 10907
f 10904 10905 10908
f 10906 10907 10910
f 10907 10908 10911
f 2597 4027 10903
f 4027 4028 10904
f 4028 4029 10905
f 4029 2582 5968
f 10905 5968 5969
f 10908 5969 5970
f 10911 5970 2912
f 10910 10911 5838
f 10909 10910 5837
f 5971 10909 5836
f 5972 10906 10909
f 5973 10903 10906
f 10912 10913 10916
f 10913 10914 10917
f 10915 10916 10919
f 10916 10917 10920
f 2889 5686 10912
f 5686 5687 10913
f 5687 5688 10914
f 5688 2875 5962
f 10914 5962 5963
f 10917 5963 5964
f 10920 5964 2932
f 10919 10920 5718
f 10918 10919 5717
f 5965 10918 5716
f 5966 10915 10918
f 5967 10912 10915
f 10921 10922 10925
f 10922 10923 10926
f 10924 10925 10928
f 10925 10926 10929
f 3001 6135 10921
f 6135 6134 10922
f 6134 6133 10923
f 6133 3000 6046
f 10923 6046 6047
f 10926 6047 6048
f 10929 6048 2757
f 10928 10929 4843
f 10927 10928 4844
f 6117 10927 4845
f 6116 10924 10927
f 6115 10921 10924
f 10930 10931 10934
f 10931 10932 10935
f 10933 10934 10937
f 10934 10935 10938
f 2773 5029 10930
f 5029 5030 10931
f 5030 5031 10932
f 5031 2758 5956
f 10932 5956 5957
f 10935 5957 5958
f 10938 5958 2924
f 10937 10938 5766
f 10936 10937 5765
f 5959 10936 5764
f 5960 10933 10936
f 5961 10930 10933
f 10939 10940 10943
f 10940 10941 10944
f 10942 10943 10946
f 10943 10944 10947
f 2997 6138 10939
f 6138 6137 10940
f 6137 6136 10941
f 6136 2999 6043
f 10941 6043 6044
f 10944 6044 6045
f 10947 6045 2961
f 10946 10947 5737
f 10945 10946 5738
f 6042 10945 5739
f 6041 10942 10945
f 6040 10939 10942
f 10948 10949 10952
f 10949 10950 10953
f 10951 10952 10955
f 10952 10953 10956
f 2685 4552 10948
f 4552 4553 10949
f 4553 4554 10950
f 4554 2671 5950
f 10950 5950 5951
f 10953 5951 5952
f 10956 5952 2918
f 10955 10956 5802
f 10954 10955 5801
f 5953 10954 5800
f 5954 10951 10954
f 5955 10948 10951
f 10957 10958 10961
f 10958 10959 10962
f 10960 10961 10964
f 10961 10962 10965
f 2898 5661 10957
f 5661 5660 10958
f 5660 5659 10959
f 5659 2897 5905
f 10959 5905 5906
f 10962 5906 5907
f 10965 5907 2443
f 10964 10965 3100
f 10963 10964 3101
f 5908 10963 3102
f 5909 10960 10963
f 5910 10957 10960
f 10966 10967 10970
f 10967 10968 10971
f 10969 10970 10973
f 10970 10971 10974
f 2893 5646 10966
f 5646 5645 10967
f 5645 5644 10968
f 5644 2892 5911
f 10968 5911 5912
f 10971 5912 5913
f 10974 5913 2438
f 10973 10974 3085
f 10972 10973 3086
f 5914 10972 3087
f 5915 10969 10972
f 5916 10966 10969
f 10975 10976 10979
f 10976 10977 10980
f 10978 10979 10982
f 10979 10980 10983
f 2998 6141 10975
f 6141 6140 10976
f 6140 6139 10977
f 6139 2997 6040
f 10977 6040 6041
f 10980 6041 6042
f 10983 6042 2960
f 10982 10983 5745
f 10981 10982 5744
f 6114 10981 5743
f 6113 10978 10981
f 6112 10975 10978
f 10984 10985 10988
f 10985 10986 10989
f 10987 10988 10991
f 10988 10989 10992
f 2899 5664 10984
f 5664 5663 10985
f 5663 5662 10986
f 5662 2898 5910
f 10986 5910 5909
f 10989 5909 5908
f 10992 5908 2444
f 10991 10992 3103
f 10990 10991 3104
f 5917 10990 3105
f 5918 10987 10990
f 5919 10984 10987
f 10993 10994 10997
f 10994 10995 10998
f 10996 10997 11000
f 10997 10998 11001
f 2894 5649 10993
f 5649 5648 10994
f 5648 5647 10995
f 5647 2893 5916
f 10995 5916 5915
f 10998 5915 5914
f 11001 5914 2439
f 11000 11001 3088
f 10999 11000 3089
f 5920 10999 3090
f 5921 10996 10999
f 5922 10993 10996
f 11002 11003 11006
f 11003 11004 11007
f 11005 11006 11009
f 11006 11007 11010
f 2538 3688 11002
f 3688 3689 11003
f 3689 3690 11004
f 3690 2523 5944
f 11004 5944 5945
f 11007 5945 5946
f 11010 5946 2908
f 11009 11010 5859
f 11008 11009 5858
f 5947 11008 5857
f 5948 11005 11008
f 5949 11002 11005
f 11011 11012 11015
f 11012 11013 11016
f 11014 11015 11018
f 11015 11016 11019
f 2900 5667 11011
f 5667 5666 11012
f 5666 5665 11013
f 5665 2899 5919
f 11013 5919 5918
f 11016 5918 5917
f 11019 5917 2445
f 11018 11019 3106
f 11017 11018 3107
f 5926 11017 3108
f 5927 11014 11017
f 5928 11011 11014
f 11020 11021 11024
f 11021 11022 11025
f 11023 11024 11027
f 11024 11025 11028
f 2895 5652 11020
f 5652 5651 11021
f 5651 5650 11022
f 5650 2894 5922
f 11022 5922 5921
f 11025 5921 5920
f 11028 5920 2440
f 11027 11028 3091
f 11026 11027 3092
f 5929 11026 3093
f 5930 11023 11026
f 5931 11020 11023
f 11029 11030 11033
f 11030 11031 11034
f 11032 11033 11036
f 11033 11034 11037
f 2890 5637 11029
f 5637 5636 11030
f 5636 5635 11031
f 5635 2889 5925
f 11031 5925 5924
f 11034 5924 5923
f 11037 5923 2435
f 11036 11037 3076
f 11035 11036 3077
f 5932 11035 3078
f 5933 11032 11035
f 5934 11029 11032
f 11038 11039 11042
f 11039 11040 11043
f 11041 11042 11045
f 11042 11043 11046
f 2901 5670 11038
f 5670 5669 11039
f 5669 5668 11040
f 5668 2900 5928
f 11040 5928 5927
f 11043 5927 5926
f 11046 5926 2446
f 11045 11046 3109
f 11044 11045 3110
f 5935 11044 3111
f 5936 11041 11044
f 5937 11038 11041
f 11047 11048 11051
f 11048 11049 11052
f 11050 11051 11054
f 11051 11052 11055
f 2896 5655 11047
f 5655 5654 11048
f 5654 5653 11049
f 5653 2895 5931
f 11049 5931 5930
f 11052 5930 5929
f 11055 5929 2441
f 11054 11055 3094
f 11053 11054 3095
f 5938 11053 3096
f 5939 11050 11053
f 5940 11047 11050
f 11056 11057 11060
f 11057 11058 11061
f 11059 11060 11063
f 11060 11061 11064
f 2891 5640 11056
f 5640 5639 11057
f 5639 5638 11058
f 5638 2890 5934
f 11058 5934 5933
f 11061 5933 5932
f 11064 5932 2436
f 11063 11064 3079
f 11062 11063 3080
f 5941 11062 3081
f 5942 11059 11062
f 5943 11056 11059
f 11065 11066 11069
f 11066 11067 11070
f 11068 11069 11072
f 11069 11070 11073
f 2902 5673 11065
f 5673 5672 11066
f 5672 5671 11067
f 5671 2901 5937
f 11067 5937 5936
f 11070 5936 5935
f 11073 5935 2447
f 11072 11073 3112
f 11071 11072 3113
f 5904 11071 3114
f 5903 11068 11071
f 5902 11065 11068
f 11074 11075 11078
f 11075 11076 11079
f 11077 11078 11081
f 11078 11079 11082
f 2897 5658 11074
f 5658 5657 11075
f 5657 5656 11076
f 5656 2896 5940
f 11076 5940 5939
f 11079 5939 5938
f 11082 5938 2442
f 11081 11082 3097
f 11080 11081 3098
f 5907 11080 3099
f 5906 11077 11080
f 5905 11074 11077
f 11083 11084 11087
f 11084 11085 11088
f 11086 11087 11090
f 11087 11088 11091
f 2892 5643 11083
f 5643 5642 11084
f 5642 5641 11085
f 5641 2891 5943
f 11085 5943 5942
f 11088 5942 5941
f 11091 5941 2437
f 11090 11091 3082
f 11089 11090 3083
f 5913 11089 3084
f 5912 11086 11089
f 5911 11083 11086
f 11092 11093 11096
f 11093 11094 11097
f 11095 11096 11099
f 11096 11097 11100
f 2956 5763 11092
f 5763 5762 11093
f 5762 5761 11094
f 5761 2957 6087
f 11094 6087 6086
f 11097 6086 6085
f 11100 6085 2981
f 11099 11100 6103
f 11098 11099 6104
f 6094 11098 6105
f 6095 11095 11098
f 6096 11092 11095
f 11101 11102 11105
f 11102 11103 11106
f 11104 11105 11108
f 11105 11106 11109
f 2655 4351 11101
f 4351 4352 11102
f 4352 4353 11103
f 4353 2670 6166
f 11103 6166 6167
f 11106 6167 6168
f 11109 6168 2948
f 11108 11109 5817
f 11107 11108 5816
f 6219 11107 5815
f 6218 11104 11107
f 6217 11101 11104
f 11110 11111 11114
f 11111 11112 11115
f 11113 11114 11117
f 11114 11115 11118
f 2999 6249 11110
f 6249 6248 11111
f 6248 6247 11112
f 6247 2873 6184
f 11112 6184 6185
f 11115 6185 6186
f 11118 6186 2962
f 11117 11118 5731
f 11116 11117 5732
f 6045 11116 5733
f 6044 11113 11116
f 6043 11110 11113
f 11119 11120 11123
f 11120 11121 11124
f 11122 11123 11126
f 11123 11124 11127
f 2478 6156 11119
f 6156 6155 11120
f 6155 6154 11121
f 6154 3005 6121
f 11121 6121 6122
f 11124 6122 6123
f 11127 6123 2936
f 11126 11127 5890
f 11125 11126 5891
f 6183 11125 5892
f 6182 11122 11125
f 6181 11119 11122
f 11128 11129 11132
f 11129 11130 11133
f 11131 11132 11135
f 11132 11133 11136
f 2772 5014 11128
f 5014 5015 11129
f 5015 5016 11130
f 5016 2787 6265
f 11130 6265 6266
f 11133 6266 6267
f 11136 6267 2956
f 11135 11136 5769
f 11134 11135 5768
f 6180 11134 5767
f 6179 11131 11134
f 6178 11128 11131
f 11137 11138 11141
f 11138 11139 11142
f 11140 11141 11144
f 11141 11142 11145
f 2537 3679 11137
f 3679 3680 11138
f 3680 3681 11139
f 3681 2552 6175
f 11139 6175 6176
f 11142 6176 6177
f 11145 6177 2940
f 11144 11145 5868
f 11143 11144 5867
f 6264 11143 5866
f 6263 11140 11143
f 6262 11137 11140
f 11146 11147 11150
f 11147 11148 11151
f 11149 11150 11153
f 11150 11151 11154
f 2611 4005 11146
f 4005 4004 11147
f 4004 4003 11148
f 4003 2610 4095
f 11148 4095 4094
f 11151 4094 4093
f 11154 4093 2625
f 11153 11154 6196
f 11152 11153 6197
f 6193 11152 6198
f 6194 11149 11152
f 6195 11146 11149
f 11155 11156 11159
f 11156 11157 11160
f 11158 11159 11162
f 11159 11160 11163
f 3000 6162 11155
f 6162 6161 11156
f 6161 6160 11157
f 6160 2448 3189
f 11157 3189 3188
f 11160 3188 3187
f 11163 3187 2462
f 11162 11163 3154
f 11161 11162 3155
f 6157 11161 3156
f 6158 11158 11161
f 6159 11155 11158
f 11164 11165 11168
f 11165 11166 11169
f 11167 11168 11171
f 11168 11169 11172
f 3002 6276 11164
f 6276 6275 11165
f 6275 6274 11166
f 6274 2596 6208
f 11166 6208 6209
f 11169 6209 6210
f 11172 6210 2943
f 11171 11172 5848
f 11170 11171 5849
f 6051 11170 5850
f 6050 11167 11170
f 6049 11164 11167
f 11173 11174 11177
f 11174 11175 11178
f 11176 11177 11180
f 11177 11178 11181
f 2670 4344 11173
f 4344 4343 11174
f 4343 4342 11175
f 4342 2669 4441
f 11175 4441 4442
f 11178 4442 4443
f 11181 4443 2684
f 11180 11181 6190
f 11179 11180 6191
f 6232 11179 6192
f 6233 11176 11179
f 6234 11173 11176
f 11182 11183 11186
f 11183 11184 11187
f 11185 11186 11189
f 11186 11187 11190
f 3001 6171 11182
f 6171 6170 11183
f 6170 6169 11184
f 6169 2902 5902
f 11184 5902 5903
f 11187 5903 5904
f 11190 5904 2448
f 11189 11190 6160
f 11188 11189 6161
f 6133 11188 6162
f 6134 11185 11188
f 6135 11182 11185
f 11191 11192 11195
f 11192 11193 11196
f 11194 11195 11198
f 11195 11196 11199
f 2714 4596 11191
f 4596 4595 11192
f 4595 4594 11193
f 4594 2713 4719
f 11193 4719 4718
f 11196 4718 4717
f 11199 4717 2728
f 11198 11199 6235
f 11197 11198 6236
f 6228 11197 6237
f 6227 11194 11197
f 6226 11191 11194
f 11200 11201 11204
f 11201 11202 11205
f 11203 11204 11207
f 11204 11205 11208
f 3005 6165 11200
f 6165 6164 11201
f 6164 6163 11202
f 6163 2492 3414
f 11202 3414 3413
f 11205 3413 3412
f 11208 3412 2506
f 11207 11208 3406
f 11206 11207 3407
f 6280 11206 3408
f 6281 11203 11206
f 6282 11200 11203
f 11209 11210 11213
f 11210 11211 11214
f 11212 11213 11216
f 11213 11214 11217
f 2567 6285 11209
f 6285 6284 11210
f 6284 6283 11211
f 6283 3002 6049
f 11211 6049 6050
f 11214 6050 6051
f 11217 6051 2942
f 11216 11217 5854
f 11215 11216 5855
f 6222 11215 5856
f 6221 11212 11215
f 6220 11209 11212
f 11218 11219 11222
f 11219 11220 11223
f 11221 11222 11225
f 11222 11223 11226
f 2552 3774 11218
f 3774 3773 11219
f 3773 3772 11220
f 3772 2567 6220
f 11220 6220 6221
f 11223 6221 6222
f 11226 6222 2941
f 11225 11226 5860
f 11224 11225 5861
f 6177 11224 5862
f 6176 11221 11224
f 6175 11218 11221
f 11227 11228 11231
f 11228 11229 11232
f 11230 11231 11234
f 11231 11232 11235
f 3008 6201 11227
f 6201 6200 11228
f 6200 6199 11229
f 6199 2640 6187
f 11229 6187 6188
f 11232 6188 6189
f 11235 6189 2946
f 11234 11235 5827
f 11233 11234 5828
f 6063 11233 5829
f 6062 11230 11233
f 6061 11227 11230
f 11236 11237 11240
f 11237 11238 11241
f 11239 11240 11243
f 11240 11241 11244
f 3010 6240 11236
f 6240 6239 11237
f 6239 6238 11238
f 6238 2888 5709
f 11238 5709 5708
f 11241 5708 5707
f 11244 5707 2902
f 11243 11244 6169
f 11242 11243 6170
f 6124 11242 6171
f 6125 11239 11242
f 6126 11236 11239
f 11245 11246 11249
f 11246 11247 11250
f 11248 11249 11252
f 11249 11250 11253
f 2873 5508 11245
f 5508 5507 11246
f 5507 5506 11247
f 5506 2872 5622
f 11247 5622 5621
f 11250 5621 5620
f 11253 5620 2888
f 11252 11253 6238
f 11251 11252 6239
f 6172 11251 6240
f 6173 11248 11251
f 6174 11245 11248
f 11254 11255 11258
f 11255 11256 11259
f 11257 11258 11261
f 11258 11259 11262
f 3004 6147 11254
f 6147 6146 11255
f 6146 6145 11256
f 6145 2816 6205
f 11256 6205 6206
f 11259 6206 6207
f 11262 6207 2958
f 11261 11262 5755
f 11260 11261 5756
f 6120 11260 5757
f 6119 11257 11260
f 6118 11254 11257
f 11263 11264 11267
f 11264 11265 11268
f 11266 11267 11270
f 11267 11268 11271
f 3000 6159 11263
f 6159 6158 11264
f 6158 6157 11265
f 6157 2463 6214
f 11265 6214 6215
f 11268 6215 6216
f 11271 6216 2934
f 11270 11271 5899
f 11269 11270 5900
f 6048 11269 5901
f 6047 11266 11269
f 6046 11263 11266
f 11272 11273 11276
f 11273 11274 11277
f 11275 11276 11279
f 11276 11277 11280
f 3005 6282 11272
f 6282 6281 11273
f 6281 6280 11274
f 6280 2507 6211
f 11274 6211 6212
f 11277 6212 6213
f 11280 6213 2937
f 11279 11280 5884
f 11278 11279 5885
f 6123 11278 5886
f 6122 11275 11278
f 6121 11272 11275
f 11281 11282 11285
f 11282 11283 11286
f 11284 11285 11288
f 11285 11286 11289
f 2787 5013 11281
f 5013 5012 11282
f 5012 5011 11283
f 5011 2786 5104
f 11283 5104 5105
f 11286 5105 5106
f 11289 5106 2801
f 11288 11289 6250
f 11287 11288 6251
f 6148 11287 6252
f 6149 11284 11287
f 6150 11281 11284
f 11290 11291 11294
f 11291 11292 11295
f 11293 11294 11297
f 11294 11295 11298
f 2670 6234 11290
f 6234 6233 11291
f 6233 6232 11292
f 6232 3003 6052
f 11292 6052 6053
f 11295 6053 6054
f 11298 6054 2949
f 11297 11298 5809
f 11296 11297 5810
f 6168 11296 5811
f 6167 11293 11296
f 6166 11290 11293
f 11299 11300 11303
f 11300 11301 11304
f 11302 11303 11306
f 11303 11304 11307
f 2998 6153 11299
f 6153 6152 11300
f 6152 6151 11301
f 6151 2830 5379
f 11301 5379 5378
f 11304 5378 5377
f 11307 5377 2844
f 11306 11307 6244
f 11305 11306 6245
f 6139 11305 6246
f 6140 11302 11305
f 6141 11299 11302
f 11308 11309 11312
f 11309 11310 11313
f 11311 11312 11315
f 11312 11313 11316
f 3003 6192 11308
f 6192 6191 11309
f 6191 6190 11310
f 6190 2684 4533
f 11310 4533 4532
f 11313 4532 4531
f 11316 4531 2698
f 11315 11316 4510
f 11314 11315 4511
f 6229 11314 4512
f 6230 11311 11314
f 6231 11308 11311
f 11317 11318 11321
f 11318 11319 11322
f 11320 11321 11324
f 11321 11322 11325
f 2999 6243 11317
f 6243 6242 11318
f 6242 6241 11319
f 6241 2858 5526
f 11319 5526 5525
f 11322 5525 5524
f 11325 5524 2872
f 11324 11325 5506
f 11323 11324 5507
f 6247 11323 5508
f 6248 11320 11323
f 6249 11317 11320
f 11326 11327 11330
f 11327 11328 11331
f 11329 11330 11333
f 11330 11331 11334
f 3007 6258 11326
f 6258 6257 11327
f 6257 6256 11328
f 6256 2742 4866
f 11328 4866 4865
f 11331 4865 4864
f 11334 4864 2756
f 11333 11334 6253
f 11332 11333 6254
f 6127 11332 6255
f 6128 11329 11332
f 6129 11326 11329
f 11335 11336 11339
f 11336 11337 11340
f 11338 11339 11342
f 11339 11340 11343
f 2611 6195 11335
f 6195 6194 11336
f 6194 6193 11337
f 6193 3008 6061
f 11337 6061 6062
f 11340 6062 6063
f 11343 6063 2945
f 11342 11343 5833
f 11341 11342 5834
f 6204 11341 5835
f 6203 11338 11341
f 6202 11335 11338
f 11344 11345 11348
f 11345 11346 11349
f 11347 11348 11351
f 11348 11349 11352
f 2567 3753 11344
f 3753 3752 11345
f 3752 3751 11346
f 3751 2566 3861
f 11346 3861 3860
f 11349 3860 3859
f 11352 3859 2581
f 11351 11352 6277
f 11350 11351 6278
f 6283 11350 6279
f 6284 11347 11350
f 6285 11344 11347
f 11353 11354 11357
f 11354 11355 11358
f 11356 11357 11360
f 11357 11358 11361
f 3008 6198 11353
f 6198 6197 11354
f 6197 6196 11355
f 6196 2625 4194
f 11355 4194 4193
f 11358 4193 4192
f 11361 4192 2639
f 11360 11361 4171
f 11359 11360 4172
f 6199 11359 4173
f 6200 11356 11359
f 6201 11353 11356
f 11362 11363 11366
f 11363 11364 11367
f 11365 11366 11369
f 11366 11367 11370
f 2787 6150 11362
f 6150 6149 11363
f 6149 6148 11364
f 6148 3004 6118
f 11364 6118 6119
f 11367 6119 6120
f 11370 6120 2957
f 11369 11370 5761
f 11368 11369 5762
f 6267 11368 5763
f 6266 11365 11368
f 6265 11362 11365
f 11371 11372 11375
f 11372 11373 11376
f 11374 11375 11378
f 11375 11376 11379
f 3004 6252 11371
f 6252 6251 11372
f 6251 6250 11373
f 6250 2801 5199
f 11373 5199 5198
f 11376 5198 5197
f 11379 5197 2815
f 11378 11379 5179
f 11377 11378 5180
f 6145 11377 5181
f 6146 11374 11377
f 6147 11371 11374
f 11380 11381 11384
f 11381 11382 11385
f 11383 11384 11387
f 11384 11385 11388
f 3002 6279 11380
f 6279 6278 11381
f 6278 6277 11382
f 6277 2581 3954
f 11382 3954 3953
f 11385 3953 3952
f 11388 3952 2595
f 11387 11388 3919
f 11386 11387 3920
f 6274 11386 3921
f 6275 11383 11386
f 6276 11380 11383
f 11389 11390 11393
f 11390 11391 11394
f 11392 11393 11396
f 11393 11394 11397
f 3009 6255 11389
f 6255 6254 11390
f 6254 6253 11391
f 6253 2756 4959
f 11391 4959 4958
f 11394 4958 4957
f 11397 4957 2771
f 11396 11397 4927
f 11395 11396 4928
f 6259 11395 4929
f 6260 11392 11395
f 6261 11389 11392
f 11398 11399 11402
f 11399 11400 11403
f 11401 11402 11405
f 11402 11403 11406
f 3006 6237 11398
f 6237 6236 11399
f 6236 6235 11400
f 6235 2728 4774
f 11400 4774 4775
f 11403 4775 4776
f 11406 4776 2742
f 11405 11406 6256
f 11404 11405 6257
f 6130 11404 6258
f 6131 11401 11404
f 6132 11398 11401
f 11407 11408 11411
f 11408 11409 11412
f 11410 11411 11414
f 11411 11412 11415
f 2478 3240 11407
f 3240 3239 11408
f 3239 3238 11409
f 3238 2477 3325
f 11409 3325 3326
f 11412 3326 3327
f 11415 3327 2492
f 11414 11415 6163
f 11413 11414 6164
f 6154 11413 6165
f 6155 11410 11413
f 6156 11407 11410
f 11416 11417 11420
f 11417 11418 11421
f 11419 11420 11423
f 11420 11421 11424
f 2816 6144 11416
f 6144 6143 11417
f 6143 6142 11418
f 6142 2998 6112
f 11418 6112 6113
f 11421 6113 6114
f 11424 6114 2959
f 11423 11424 5749
f 11422 11423 5750
f 6207 11422 5751
f 6206 11419 11422
f 6205 11416 11419
f 11425 11426 11429
f 11426 11427 11430
f 11428 11429 11432
f 11429 11430 11433
f 3003 6231 11425
f 6231 6230 11426
f 6230 6229 11427
f 6229 2699 6268
f 11427 6268 6269
f 11430 6269 6270
f 11433 6270 2950
f 11432 11433 5803
f 11431 11432 5804
f 6054 11431 5805
f 6053 11428 11431
f 6052 11425 11428
f 11434 11435 11438
f 11435 11436 11439
f 11437 11438 11441
f 11438 11439 11442
f 2463 3285 11434
f 3285 3284 11435
f 3284 3283 11436
f 3283 2478 6181
f 11436 6181 6182
f 11439 6182 6183
f 11442 6183 2935
f 11441 11442 5893
f 11440 11441 5894
f 6216 11440 5895
f 6215 11437 11440
f 6214 11434 11437
f 11443 11444 11447
f 11444 11445 11448
f 11446 11447 11450
f 11447 11448 11451
f 2596 4018 11443
f 4018 4019 11444
f 4019 4020 11445
f 4020 2611 6202
f 11445 6202 6203
f 11448 6203 6204
f 11451 6204 2944
f 11450 11451 5841
f 11449 11450 5840
f 6210 11449 5839
f 6209 11446 11449
f 6208 11443 11446
f 11452 11453 11456
f 11453 11454 11457
f 11455 11456 11459
f 11456 11457 11460
f 3009 6261 11452
f 6261 6260 11453
f 6260 6259 11454
f 6259 2772 6178
f 11454 6178 6179
f 11457 6179 6180
f 11460 6180 2955
f 11459 11460 5773
f 11458 11459 5774
f 6066 11458 5775
f 6065 11455 11458
f 6064 11452 11455
f 11461 11462 11465
f 11462 11463 11466
f 11464 11465 11468
f 11465 11466 11469
f 2873 6174 11461
f 6174 6173 11462
f 6173 6172 11463
f 6172 3010 6067
f 11463 6067 6068
f 11466 6068 6069
f 11469 6069 2963
f 11468 11469 5725
f 11467 11468 5726
f 6186 11467 5727
f 6185 11464 11467
f 6184 11461 11464
f 11470 11471 11474
f 11471 11472 11475
f 11473 11474 11477
f 11474 11475 11478
f 2714 6226 11470
f 6226 6227 11471
f 6227 6228 11472
f 6228 3006 6055
f 11472 6055 6056
f 11475 6056 6057
f 11478 6057 2952
f 11477 11478 5793
f 11476 11477 5792
f 6225 11476 5791
f 6224 11473 11476
f 6223 11470 11473
f 11479 11480 11483
f 11480 11481 11484
f 11482 11483 11486
f 11483 11484 11487
f 2816 5181 11479
f 5181 5180 11480
f 5180 5179 11481
f 5179 2815 5292
f 11481 5292 5291
f 11484 5291 5290
f 11487 5290 2830
f 11486 11487 6151
f 11485 11486 6152
f 6142 11485 6153
f 6143 11482 11485
f 6144 11479 11482
f 11488 11489 11492
f 11489 11490 11493
f 11491 11492 11495
f 11492 11493 11496
f 2507 3525 11488
f 3525 3524 11489
f 3524 3523 11490
f 3523 2522 6271
f 11490 6271 6272
f 11493 6272 6273
f 11496 6273 2938
f 11495 11496 5878
f 11494 11495 5879
f 6213 11494 5880
f 6212 11491 11494
f 6211 11488 11491
f 11497 11498 11501
f 11498 11499 11502
f 11500 11501 11504
f 11501 11502 11505
f 2522 3621 11497
f 3621 3620 11498
f 3620 3619 11499
f 3619 2537 6262
f 11499 6262 6263
f 11502 6263 6264
f 11505 6264 2939
f 11504 11505 5872
f 11503 11504 5873
f 6273 11503 5874
f 6272 11500 11503
f 6271 11497 11500
f 11506 11507 11510
f 11507 11508 11511
f 11509 11510 11513
f 11510 11511 11514
f 2997 6246 11506
f 6246 6245 11507
f 6245 6244 11508
f 6244 2844 5431
f 11508 5431 5432
f 11511 5432 5433
f 11514 5433 2858
f 11513 11514 6241
f 11512 11513 6242
f 6136 11512 6243
f 6137 11509 11512
f 6138 11506 11509
f 11515 11516 11519
f 11516 11517 11520
f 11518 11519 11522
f 11519 11520 11523
f 2699 4635 11515
f 4635 4634 11516
f 4634 4633 11517
f 4633 2714 6223
f 11517 6223 6224
f 11520 6224 6225
f 11523 6225 2951
f 11522 11523 5797
f 11521 11522 5798
f 6270 11521 5799
f 6269 11518 11521
f 6268 11515 11518
f 11524 11525 11528
f 11525 11526 11529
f 11527 11528 11531
f 11528 11529 11532
f 2640 4296 11524
f 4296 4295 11525
f 4295 4294 11526
f 4294 2655 6217
f 11526 6217 6218
f 11529 6218 6219
f 11532 6219 2947
f 11531 11532 5821
f 11530 11531 5822
f 6189 11530 5823
f 6188 11527 11530
f 6187 11524 11527
f 11533 11534 11537
f 11534 11535 11538
f 11536 11537 11540
f 11537 11538 11541
f 3044 6576 11533
f 6576 6575 11534
f 6575 6574 11535
f 6574 3043 6382
f 11535 6382 6383
f 11538 6383 6384
f 11541 6384 3017
f 11540 11541 6363
f 11539 11540 6362
f 6483 11539 6361
f 6482 11536 11539
f 6481 11533 11536
f 11542 11543 11546
f 11543 11544 11547
f 11545 11546 11549
f 11546 11547 11550
f 3046 6579 11542
f 6579 6578 11543
f 6578 6577 11544
f 6577 3045 6388
f 11544 6388 6389
f 11547 6389 6390
f 11550 6390 3042
f 11549 11550 6288
f 11548 11549 6287
f 6489 11548 6286
f 6488 11545 11548
f 6487 11542 11545
f 11551 11552 11555
f 11552 11553 11556
f 11554 11555 11558
f 11555 11556 11559
f 3048 6582 11551
f 6582 6581 11552
f 6581 6580 11553
f 6580 3047 6394
f 11553 6394 6395
f 11556 6395 6396
f 11559 6396 3035
f 11558 11559 6309
f 11557 11558 6308
f 6495 11557 6307
f 6494 11554 11557
f 6493 11551 11554
f 11560 11561 11564
f 11561 11562 11565
f 11563 11564 11567
f 11564 11565 11568
f 3050 6585 11560
f 6585 6584 11561
f 6584 6583 11562
f 6583 3049 6400
f 11562 6400 6401
f 11565 6401 6402
f 11568 6402 3038
f 11567 11568 6300
f 11566 11567 6299
f 6501 11566 6298
f 6500 11563 11566
f 6499 11560 11563
f 11569 11570 11573
f 11570 11571 11574
f 11572 11573 11576
f 11573 11574 11577
f 3052 6588 11569
f 6588 6587 11570
f 6587 6586 11571
f 6586 3051 6406
f 11571 6406 6407
f 11574 6407 6408
f 11577 6408 3022
f 11576 11577 6348
f 11575 11576 6347
f 6507 11575 6346
f 6506 11572 11575
f 6505 11569 11572
f 11578 11579 11582
f 11579 11580 11583
f 11581 11582 11585
f 11582 11583 11586
f 3045 6591 11578
f 6591 6590 11579
f 6590 6589 11580
f 6589 3053 6412
f 11580 6412 6413
f 11583 6413 6414
f 11586 6414 3041
f 11585 11586 6291
f 11584 11585 6290
f 6390 11584 6289
f 6389 11581 11584
f 6388 11578 11581
f 11587 11588 11591
f 11588 11589 11592
f 11590 11591 11594
f 11591 11592 11595
f 3055 6594 11587
f 6594 6593 11588
f 6593 6592 11589
f 6592 3054 6415
f 11589 6415 6416
f 11592 6416 6417
f 11595 6417 3025
f 11594 11595 6339
f 11593 11594 6338
f 6516 11593 6337
f 6515 11590 11593
f 6514 11587 11590
f 11596 11597 11600
f 11597 11598 11601
f 11599 11600 11603
f 11600 11601 11604
f 3057 6597 11596
f 6597 6596 11597
f 6596 6595 11598
f 6595 3056 6421
f 11598 6421 6422
f 11601 6422 6423
f 11604 6423 3028
f 11603 11604 6330
f 11602 11603 6329
f 6522 11602 6328
f 6521 11599 11602
f 6520 11596 11599
f 11605 11606 11609
f 11606 11607 11610
f 11608 11609 11612
f 11609 11610 11613
f 3059 6600 11605
f 6600 6599 11606
f 6599 6598 11607
f 6598 3058 6427
f 11607 6427 6428
f 11610 6428 6429
f 11613 6429 3013
f 11612 11613 6375
f 11611 11612 6374
f 6528 11611 6373
f 6527 11608 11611
f 6526 11605 11608
f 11614 11615 11618
f 11615 11616 11619
f 11617 11618 11621
f 11618 11619 11622
f 3061 6603 11614
f 6603 6602 11615
f 6602 6601 11616
f 6601 3060 6433
f 11616 6433 6434
f 11619 6434 6435
f 11622 6435 3031
f 11621 11622 6321
f 11620 11621 6320
f 6534 11620 6319
f 6533 11617 11620
f 6532 11614 11617
f 11623 11624 11627
f 11624 11625 11628
f 11626 11627 11630
f 11627 11628 11631
f 3043 6606 11623
f 6606 6605 11624
f 6605 6604 11625
f 6604 3062 6439
f 11625 6439 6440
f 11628 6440 6441
f 11631 6441 3016
f 11630 11631 6366
f 11629 11630 6365
f 6384 11629 6364
f 6383 11626 11629
f 6382 11623 11626
f 11632 11633 11636
f 11633 11634 11637
f 11635 11636 11639
f 11636 11637 11640
f 3047 6609 11632
f 6609 6608 11633
f 6608 6607 11634
f 6607 3063 6442
f 11634 6442 6443
f 11637 6443 6444
f 11640 6444 3034
f 11639 11640 6312
f 11638 11639 6311
f 6396 11638 6310
f 6395 11635 11638
f 6394 11632 11635
f 11641 11642 11645
f 11642 11643 11646
f 11644 11645 11648
f 11645 11646 11649
f 3065 6612 11641
f 6612 6611 11642
f 6611 6610 11643
f 6610 3064 6445
f 11643 6445 6446
f 11646 6446 6447
f 11649 6447 3019
f 11648 11649 6355
f 11647 11648 6356
f 6546 11647 6357
f 6545 11644 11647
f 6544 11641 11644
f 11650 11651 11654
f 11651 11652 11655
f 11653 11654 11657
f 11654 11655 11658
f 3049 6615 11650
f 6615 6614 11651
f 6614 6613 11652
f 6613 3066 6451
f 11652 6451 6452
f 11655 6452 6453
f 11658 6453 3037
f 11657 11658 6303
f 11656 11657 6302
f 6402 11656 6301
f 6401 11653 11656
f 6400 11650 11653
f 11659 11660 11663
f 11660 11661 11664
f 11662 11663 11666
f 11663 11664 11667
f 3051 6618 11659
f 6618 6617 11660
f 6617 6616 11661
f 6616 3067 6454
f 11661 6454 6455
f 11664 6455 6456
f 11667 6456 3021
f 11666 11667 6351
f 11665 11666 6350
f 6408 11665 6349
f 6407 11662 11665
f 6406 11659 11662
f 11668 11669 11672
f 11669 11670 11673
f 11671 11672 11675
f 11672 11673 11676
f 3053 6621 11668
f 6621 6620 11669
f 6620 6619 11670
f 6619 3068 6457
f 11670 6457 6458
f 11673 6458 6459
f 11676 6459 3040
f 11675 11676 6292
f 11674 11675 6293
f 6414 11674 6294
f 6413 11671 11674
f 6412 11668 11671
f 11677 11678 11681
f 11678 11679 11682
f 11680 11681 11684
f 11681 11682 11685
f 3054 6624 11677
f 6624 6623 11678
f 6623 6622 11679
f 6622 3069 6460
f 11679 6460 6461
f 11682 6461 6462
f 11685 6462 3024
f 11684 11685 6342
f 11683 11684 6341
f 6417 11683 6340
f 6416 11680 11683
f 6415 11677 11680
f 11686 11687 11690
f 11687 11688 11691
f 11689 11690 11693
f 11690 11691 11694
f 3056 6627 11686
f 6627 6626 11687
f 6626 6625 11688
f 6625 3070 6463
f 11688 6463 6464
f 11691 6464 6465
f 11694 6465 3027
f 11693 11694 6333
f 11692 11693 6332
f 6423 11692 6331
f 6422 11689 11692
f 6421 11686 11689
f 11695 11696 11699
f 11696 11697 11700
f 11698 11699 11702
f 11699 11700 11703
f 3071 6630 11695
f 6630 6629 11696
f 6629 6628 11697
f 6628 3046 6487
f 11697 6487 6488
f 11700 6488 6489
f 11703 6489 3011
f 11702 11703 6381
f 11701 11702 6380
f 6564 11701 6379
f 6563 11698 11701
f 6562 11695 11698
f 11704 11705 11708
f 11705 11706 11709
f 11707 11708 11711
f 11708 11709 11712
f 3058 6633 11704
f 6633 6632 11705
f 6632 6631 11706
f 6631 3071 6562
f 11706 6562 6563
f 11709 6563 6564
f 11712 6564 3012
f 11711 11712 6378
f 11710 11711 6377
f 6429 11710 6376
f 6428 11707 11710
f 6427 11704 11707
f 11713 11714 11717
f 11714 11715 11718
f 11716 11717 11720
f 11717 11718 11721
f 3060 6636 11713
f 6636 6635 11714
f 6635 6634 11715
f 6634 3072 6469
f 11715 6469 6470
f 11718 6470 6471
f 11721 6471 3030
f 11720 11721 6324
f 11719 11720 6323
f 6435 11719 6322
f 6434 11716 11719
f 6433 11713 11716
f 11722 11723 11726
f 11723 11724 11727
f 11725 11726 11729
f 11726 11727 11730
f 3062 6639 11722
f 6639 6638 11723
f 6638 6637 11724
f 6637 3073 6472
f 11724 6472 6473
f 11727 6473 6474
f 11730 6474 3015
f 11729 11730 6367
f 11728 11729 6368
f 6441 11728 6369
f 6440 11725 11728
f 6439 11722 11725
f 11731 11732 11735
f 11732 11733 11736
f 11734 11735 11738
f 11735 11736 11739
f 3063 6642 11731
f 6642 6641 11732
f 6641 6640 11733
f 6640 3074 6475
f 11733 6475 6476
f 11736 6476 6477
f 11739 6477 3033
f 11738 11739 6315
f 11737 11738 6314
f 6444 11737 6313
f 6443 11734 11737
f 6442 11731 11734
f 11740 11741 11744
f 11741 11742 11745
f 11743 11744 11747
f 11744 11745 11748
f 3064 6645 11740
f 6645 6644 11741
f 6644 6643 11742
f 6643 3044 6481
f 11742 6481 6482
f 11745 6482 6483
f 11748 6483 3018
f 11747 11748 6360
f 11746 11747 6359
f 6447 11746 6358
f 6446 11743 11746
f 6445 11740 11743
f 11749 11750 11753
f 11750 11751 11754
f 11752 11753 11756
f 11753 11754 11757
f 3066 6648 11749
f 6648 6647 11750
f 6647 6646 11751
f 6646 3048 6493
f 11751 6493 6494
f 11754 6494 6495
f 11757 6495 3036
f 11756 11757 6304
f 11755 11756 6305
f 6453 11755 6306
f 6452 11752 11755
f 6451 11749 11752
f 11758 11759 11762
f 11759 11760 11763
f 11761 11762 11765
f 11762 11763 11766
f 3067 6651 11758
f 6651 6650 11759
f 6650 6649 11760
f 6649 3065 6544
f 11760 6544 6545
f 11763 6545 6546
f 11766 6546 3020
f 11765 11766 6354
f 11764 11765 6353
f 6456 11764 6352
f 6455 11761 11764
f 6454 11758 11761
f 11767 11768 11771
f 11768 11769 11772
f 11770 11771 11774
f 11771 11772 11775
f 3068 6654 11767
f 6654 6653 11768
f 6653 6652 11769
f 6652 3050 6499
f 11769 6499 6500
f 11772 6500 6501
f 11775 6501 3039
f 11774 11775 6297
f 11773 11774 6296
f 6459 11773 6295
f 6458 11770 11773
f 6457 11767 11770
f 11776 11777 11780
f 11777 11778 11781
f 11779 11780 11783
f 11780 11781 11784
f 3069 6657 11776
f 6657 6656 11777
f 6656 6655 11778
f 6655 3052 6505
f 11778 6505 6506
f 11781 6506 6507
f 11784 6507 3023
f 11783 11784 6345
f 11782 11783 6344
f 6462 11782 6343
f 6461 11779 11782
f 6460 11776 11779
f 11785 11786 11789
f 11786 11787 11790
f 11788 11789 11792
f 11789 11790 11793
f 3070 6660 11785
f 6660 6659 11786
f 6659 6658 11787
f 6658 3055 6514
f 11787 6514 6515
f 11790 6515 6516
f 11793 6516 3026
f 11792 11793 6336
f 11791 11792 6335
f 6465 11791 6334
f 6464 11788 11791
f 6463 11785 11788
f 11794 11795 11798
f 11795 11796 11799
f 11797 11798 11801
f 11798 11799 11802
f 3072 6663 11794
f 6663 6662 11795
f 6662 6661 11796
f 6661 3057 6520
f 11796 6520 6521
f 11799 6521 6522
f 11802 6522 3029
f 11801 11802 6327
f 11800 11801 6326
f 6471 11800 6325
f 6470 11797 11800
f 6469 11794 11797
f 11803 11804 11807
f 11804 11805 11808
f 11806 11807 11810
f 11807 11808 11811
f 3073 6666 11803
f 6666 6665 11804
f 6665 6664 11805
f 6664 3059 6526
f 11805 6526 6527
f 11808 6527 6528
f 11811 6528 3014
f 11810 11811 6372
f 11809 11810 6371
f 6474 11809 6370
f 6473 11806 11809
f 6472 11803 11806
f 11812 11813 11816
f 11813 11814 11817
f 11815 11816 11819
f 11816 11817 11820
f 3074 6669 11812
f 6669 6668 11813
f 6668 6667 11814
f 6667 3061 6532
f 11814 6532 6533
f 11817 6533 6534
f 11820 6534 3032
f 11819 11820 6316
f 11818 11819 6317
f 6477 11818 6318
f 6476 11815 11818
f 6475 11812 11815
f 11821 11822 11825
f 11822 11823 11826
f 11824 11825 11828
f 11825 11826 11829
f 2909 5857 11821
f 5857 5858 11822
f 5858 5859 11823
f 5859 2908 6480
f 11823 6480 6479
f 11826 6479 6478
f 11829 6478 3043
f 11828 11829 6574
f 11827 11828 6575
f 6385 11827 6576
f 6386 11824 11827
f 6387 11821 11824
f 11830 11831 11834
f 11831 11832 11835
f 11833 11834 11837
f 11834 11835 11838
f 2874 5551 11830
f 5551 5552 11831
f 5552 5553 11832
f 5553 2933 6486
f 11832 6486 6485
f 11835 6485 6484
f 11838 6484 3045
f 11837 11838 6577
f 11836 11837 6578
f 6391 11836 6579
f 6392 11833 11836
f 6393 11830 11833
f 11839 11840 11843
f 11840 11841 11844
f 11842 11843 11846
f 11843 11844 11847
f 2927 5752 11839
f 5752 5753 11840
f 5753 5754 11841
f 5754 2926 6492
f 11841 6492 6491
f 11844 6491 6490
f 11847 6490 3047
f 11846 11847 6580
f 11845 11846 6581
f 6397 11845 6582
f 6398 11842 11845
f 6399 11839 11842
f 11848 11849 11852
f 11849 11850 11853
f 11851 11852 11855
f 11852 11853 11856
f 2930 5734 11848
f 5734 5735 11849
f 5735 5736 11850
f 5736 2929 6498
f 11850 6498 6497
f 11853 6497 6496
f 11856 6496 3049
f 11855 11856 6583
f 11854 11855 6584
f 6403 11854 6585
f 6404 11851 11854
f 6405 11848 11851
f 11857 11858 11861
f 11858 11859 11862
f 11860 11861 11864
f 11861 11862 11865
f 2914 5830 11857
f 5830 5831 11858
f 5831 5832 11859
f 5832 2913 6504
f 11859 6504 6503
f 11862 6503 6502
f 11865 6502 3051
f 11864 11865 6586
f 11863 11864 6587
f 6409 11863 6588
f 6410 11860 11863
f 6411 11857 11860
f 11866 11867 11870
f 11867 11868 11871
f 11869 11870 11873
f 11870 11871 11874
f 2933 5716 11866
f 5716 5717 11867
f 5717 5718 11868
f 5718 2932 6510
f 11868 6510 6509
f 11871 6509 6508
f 11874 6508 3053
f 11873 11874 6589
f 11872 11873 6590
f 6484 11872 6591
f 6485 11869 11872
f 6486 11866 11869
f 11875 11876 11879
f 11876 11877 11880
f 11878 11879 11882
f 11879 11880 11883
f 2917 5812 11875
f 5812 5813 11876
f 5813 5814 11877
f 5814 2916 6513
f 11877 6513 6512
f 11880 6512 6511
f 11883 6511 3054
f 11882 11883 6592
f 11881 11882 6593
f 6418 11881 6594
f 6419 11878 11881
f 6420 11875 11878
f 11884 11885 11888
f 11885 11886 11889
f 11887 11888 11891
f 11888 11889 11892
f 2920 5794 11884
f 5794 5795 11885
f 5795 5796 11886
f 5796 2919 6519
f 11886 6519 6518
f 11889 6518 6517
f 11892 6517 3056
f 11891 11892 6595
f 11890 11891 6596
f 6424 11890 6597
f 6425 11887 11890
f 6426 11884 11887
f 11893 11894 11897
f 11894 11895 11898
f 11896 11897 11900
f 11897 11898 11901
f 2905 5881 11893
f 5881 5882 11894
f 5882 5883 11895
f 5883 2904 6525
f 11895 6525 6524
f 11898 6524 6523
f 11901 6523 3058
f 11900 11901 6598
f 11899 11900 6599
f 6430 11899 6600
f 6431 11896 11899
f 6432 11893 11896
f 11902 11903 11906
f 11903 11904 11907
f 11905 11906 11909
f 11906 11907 11910
f 2923 5776 11902
f 5776 5777 11903
f 5777 5778 11904
f 5778 2922 6531
f 11904 6531 6530
f 11907 6530 6529
f 11910 6529 3060
f 11909 11910 6601
f 11908 11909 6602
f 6436 11908 6603
f 6437 11905 11908
f 6438 11902 11905
f 11911 11912 11915
f 11912 11913 11916
f 11914 11915 11918
f 11915 11916 11919
f 2908 5863 11911
f 5863 5864 11912
f 5864 5865 11913
f 5865 2907 6537
f 11913 6537 6536
f 11916 6536 6535
f 11919 6535 3062
f 11918 11919 6604
f 11917 11918 6605
f 6478 11917 6606
f 6479 11914 11917
f 6480 11911 11914
f 11920 11921 11924
f 11921 11922 11925
f 11923 11924 11927
f 11924 11925 11928
f 2926 5758 11920
f 5758 5759 11921
f 5759 5760 11922
f 5760 2925 6540
f 11922 6540 6539
f 11925 6539 6538
f 11928 6538 3063
f 11927 11928 6607
f 11926 11927 6608
f 6490 11926 6609
f 6491 11923 11926
f 6492 11920 11923
f 11929 11930 11933
f 11930 11931 11934
f 11932 11933 11936
f 11933 11934 11937
f 2911 5847 11929
f 5847 5846 11930
f 5846 5845 11931
f 5845 2910 6543
f 11931 6543 6542
f 11934 6542 6541
f 11937 6541 3064
f 11936 11937 6610
f 11935 11936 6611
f 6448 11935 6612
f 6449 11932 11935
f 6450 11929 11932
f 11938 11939 11942
f 11939 11940 11943
f 11941 11942 11945
f 11942 11943 11946
f 2929 5740 11938
f 5740 5741 11939
f 5741 5742 11940
f 5742 2928 6549
f 11940 6549 6548
f 11943 6548 6547
f 11946 6547 3066
f 11945 11946 6613
f 11944 11945 6614
f 6496 11944 6615
f 6497 11941 11944
f 6498 11938 11941
f 11947 11948 11951
f 11948 11949 11952
f 11950 11951 11954
f 11951 11952 11955
f 2913 5836 11947
f 5836 5837 11948
f 5837 5838 11949
f 5838 2912 6552
f 11949 6552 6551
f 11952 6551 6550
f 11955 6550 3067
f 11954 11955 6616
f 11953 11954 6617
f 6502 11953 6618
f 6503 11950 11953
f 6504 11947 11950
f 11956 11957 11960
f 11957 11958 11961
f 11959 11960 11963
f 11960 11961 11964
f 2932 5724 11956
f 5724 5723 11957
f 5723 5722 11958
f 5722 2931 6555
f 11958 6555 6554
f 11961 6554 6553
f 11964 6553 3068
f 11963 11964 6619
f 11962 11963 6620
f 6508 11962 6621
f 6509 11959 11962
f 6510 11956 11959
f 11965 11966 11969
f 11966 11967 11970
f 11968 11969 11972
f 11969 11970 11973
f 2916 5818 11965
f 5818 5819 11966
f 5819 5820 11967
f 5820 2915 6558
f 11967 6558 6557
f 11970 6557 6556
f 11973 6556 3069
f 11972 11973 6622
f 11971 11972 6623
f 6511 11971 6624
f 6512 11968 11971
f 6513 11965 11968
f 11974 11975 11978
f 11975 11976 11979
f 11977 11978 11981
f 11978 11979 11982
f 2919 5800 11974
f 5800 5801 11975
f 5801 5802 11976
f 5802 2918 6561
f 11976 6561 6560
f 11979 6560 6559
f 11982 6559 3070
f 11981 11982 6625
f 11980 11981 6626
f 6517 11980 6627
f 6518 11977 11980
f 6519 11974 11977
f 11983 11984 11987
f 11984 11985 11988
f 11986 11987 11990
f 11987 11988 11991
f 2903 5896 11983
f 5896 5897 11984
f 5897 5898 11985
f 5898 2874 6393
f 11985 6393 6392
f 11988 6392 6391
f 11991 6391 3046
f 11990 11991 6628
f 11989 11990 6629
f 6466 11989 6630
f 6467 11986 11989
f 6468 11983 11986
f 11992 11993 11996
f 11993 11994 11997
f 11995 11996 11999
f 11996 11997 12000
f 2904 5887 11992
f 5887 5888 11993
f 5888 5889 11994
f 5889 2903 6468
f 11994 6468 6467
f 11997 6467 6466
f 12000 6466 3071
f 11999 12000 6631
f 11998 11999 6632
f 6523 11998 6633
f 6524 11995 11998
f 6525 11992 11995
f 12001 12002 12005
f 12002 12003 12006
f 12004 12005 12008
f 12005 12006 12009
f 2922 5782 12001
f 5782 5783 12002
f 5783 5784 12003
f 5784 2921 6567
f 12003 6567 6566
f 12006 6566 6565
f 12009 6565 3072
f 12008 12009 6634
f 12007 12008 6635
f 6529 12007 6636
f 6530 12004 12007
f 6531 12001 12004
f 12010 12011 12014
f 12011 12012 12015
f 12013 12014 12017
f 12014 12015 12018
f 2907 5871 12010
f 5871 5870 12011
f 5870 5869 12012
f 5869 2906 6570
f 12012 6570 6569
f 12015 6569 6568
f 12018 6568 3073
f 12017 12018 6637
f 12016 12017 6638
f 6535 12016 6639
f 6536 12013 12016
f 6537 12010 12013
f 12019 12020 12023
f 12020 12021 12024
f 12022 12023 12026
f 12023 12024 12027
f 2925 5764 12019
f 5764 5765 12020
f 5765 5766 12021
f 5766 2924 6573
f 12021 6573 6572
f 12024 6572 6571
f 12027 6571 3074
f 12026 12027 6640
f 12025 12026 6641
f 6538 12025 6642
f 6539 12022 12025
f 6540 12019 12022
f 12028 12029 12032
f 12029 12030 12033
f 12031 12032 12035
f 12032 12033 12036
f 2910 5851 12028
f 5851 5852 12029
f 5852 5853 12030
f 5853 2909 6387
f 12030 6387 6386
f 12033 6386 6385
f 12036 6385 3044
f 12035 12036 6643
f 12034 12035 6644
f 6541 12034 6645
f 6542 12031 12034
f 6543 12028 12031
f 12037 12038 12041
f 12038 12039 12042
f 12040 12041 12044
f 12041 12042 12045
f 2928 5748 12037
f 5748 5747 12038
f 5747 5746 12039
f 5746 2927 6399
f 12039 6399 6398
f 12042 6398 6397
f 12045 6397 3048
f 12044 12045 6646
f 12043 12044 6647
f 6547 12043 6648
f 6548 12040 12043
f 6549 12037 12040
f 12046 12047 12050
f 12047 12048 12051
f 12049 12050 12053
f 12050 12051 12054
f 2912 5842 12046
f 5842 5843 12047
f 5843 5844 12048
f 5844 2911 6450
f 12048 6450 6449
f 12051 6449 6448
f 12054 6448 3065
f 12053 12054 6649
f 12052 12053 6650
f 6550 12052 6651
f 6551 12049 12052
f 6552 12046 12049
f 12055 12056 12059
f 12056 12057 12060
f 12058 12059 12062
f 12059 12060 12063
f 2931 5728 12055
f 5728 5729 12056
f 5729 5730 12057
f 5730 2930 6405
f 12057 6405 6404
f 12060 6404 6403
f 12063 6403 3050
f 12062 12063 6652
f 12061 12062 6653
f 6553 12061 6654
f 6554 12058 12061
f 6555 12055 12058
f 12064 12065 12068
f 12065 12066 12069
f 12067 12068 12071
f 12068 12069 12072
f 2915 5824 12064
f 5824 5825 12065
f 5825 5826 12066
f 5826 2914 6411
f 12066 6411 6410
f 12069 6410 6409
f 12072 6409 3052
f 12071 12072 6655
f 12070 12071 6656
f 6556 12070 6657
f 6557 12067 12070
f 6558 12064 12067
f 12073 12074 12077
f 12074 12075 12078
f 12076 12077 12080
f 12077 12078 12081
f 2918 5806 12073
f 5806 5807 12074
f 5807 5808 12075
f 5808 2917 6420
f 12075 6420 6419
f 12078 6419 6418
f 12081 6418 3055
f 12080 12081 6658
f 12079 12080 6659
f 6559 12079 6660
f 6560 12076 12079
f 6561 12073 12076
f 12082 12083 12086
f 12083 12084 12087
f 12085 12086 12089
f 12086 12087 12090
f 2921 5788 12082
f 5788 5789 12083
f 5789 5790 12084
f 5790 2920 6426
f 12084 6426 6425
f 12087 6425 6424
f 12090 6424 3057
f 12089 12090 6661
f 12088 12089 6662
f 6565 12088 6663
f 6566 12085 12088
f 6567 12082 12085
f 12091 12092 12095
f 12092 12093 12096
f 12094 12095 12098
f 12095 12096 12099
f 2906 5875 12091
f 5875 5876 12092
f 5876 5877 12093
f 5877 2905 6432
f 12093 6432 6431
f 12096 6431 6430
f 12099 6430 3059
f 12098 12099 6664
f 12097 12098 6665
f 6568 12097 6666
f 6569 12094 12097
f 6570 12091 12094
f 12100 12101 12104
f 12101 12102 12105
f 12103 12104 12107
f 12104 12105 12108
f 2924 5772 12100
f 5772 5771 12101
f 5771 5770 12102
f 5770 2923 6438
f 12102 6438 6437
f 12105 6437 6436
f 12108 6436 3061
f 12107 12108 6667
f 12106 12107 6668
f 6571 12106 6669
f 6572 12103 12106
f 6573 12100 12103
f 12109 12110 12113
f 12110 12111 12114
f 12112 12113 12116
f 12113 12114 12117
f 2936 5886 12109
f 5886 5885 12110
f 5885 5884 12111
f 5884 2937 6084
f 12111 6084 6083
f 12114 6083 6082
f 12117 6082 2979
f 12116 12117 6679
f 12115 12116 6680
f 6706 12115 6681
f 6707 12112 12115
f 6708 12109 12112
f 12118 12119 12122
f 12119 12120 12123
f 12121 12122 12125
f 12122 12123 12126
f 2937 5880 12118
f 5880 5879 12119
f 5879 5878 12120
f 5878 2938 6690
f 12120 6690 6689
f 12123 6689 6688
f 12126 6688 2996
f 12125 12126 6712
f 12124 12125 6713
f 6082 12124 6714
f 6083 12121 12124
f 6084 12118 12121
f 12127 12128 12131
f 12128 12129 12132
f 12130 12131 12134
f 12131 12132 12135
f 2962 5727 12127
f 5727 5726 12128
f 5726 5725 12129
f 5725 2963 6705
f 12129 6705 6704
f 12132 6704 6703
f 12135 6703 2990
f 12134 12135 6106
f 12133 12134 6107
f 6697 12133 6108
f 6698 12130 12133
f 6699 12127 12130
f 12136 12137 12140
f 12137 12138 12141
f 12139 12140 12143
f 12140 12141 12144
f 2947 5815 12136
f 5815 5816 12137
f 5816 5817 12138
f 5817 2948 6684
f 12138 6684 6683
f 12141 6683 6682
f 12144 6682 2994
f 12143 12144 6676
f 12142 12143 6677
f 6088 12142 6678
f 6089 12139 12142
f 6090 12136 12139
f 12145 12146 12149
f 12146 12147 12150
f 12148 12149 12152
f 12149 12150 12153
f 2963 5719 12145
f 5719 5720 12146
f 5720 5721 12147
f 5721 2964 6687
f 12147 6687 6686
f 12150 6686 6685
f 12153 6685 2993
f 12152 12153 6109
f 12151 12152 6110
f 6703 12151 6111
f 6704 12148 12151
f 6705 12145 12148
f 12154 12155 12158
f 12155 12156 12159
f 12157 12158 12161
f 12158 12159 12162
f 2941 5856 12154
f 5856 5855 12155
f 5855 5854 12156
f 5854 2942 6696
f 12156 6696 6695
f 12159 6695 6694
f 12162 6694 2987
f 12161 12162 6670
f 12160 12161 6671
f 6097 12160 6672
f 6098 12157 12160
f 6099 12154 12157
f 12163 12164 12167
f 12164 12165 12168
f 12166 12167 12170
f 12167 12168 12171
f 2955 5767 12163
f 5767 5768 12164
f 5768 5769 12165
f 5769 2956 6096
f 12165 6096 6095
f 12168 6095 6094
f 12171 6094 2985
f 12170 12171 6715
f 12169 12170 6716
f 6691 12169 6717
f 6692 12166 12169
f 6693 12163 12166
f 12172 12173 12176
f 12173 12174 12177
f 12175 12176 12179
f 12176 12177 12180
f 2952 5787 12172
f 5787 5786 12173
f 5786 5785 12174
f 5785 2953 6711
f 12174 6711 6710
f 12177 6710 6709
f 12180 6709 2988
f 12179 12180 6763
f 12178 12179 6764
f 6790 12178 6765
f 6791 12175 12178
f 6792 12172 12175
f 12181 12182 12185
f 12182 12183 12186
f 12184 12185 12188
f 12185 12186 12189
f 2949 5805 12181
f 5805 5804 12182
f 5804 5803 12183
f 5803 2950 6786
f 12183 6786 6785
f 12186 6785 6784
f 12189 6784 2973
f 12188 12189 6073
f 12187 12188 6074
f 6781 12187 6075
f 6782 12184 12187
f 6783 12181 12184
f 12190 12191 12194
f 12191 12192 12195
f 12193 12194 12197
f 12194 12195 12198
f 2934 5895 12190
f 5895 5894 12191
f 5894 5893 12192
f 5893 2935 6795
f 12192 6795 6794
f 12195 6794 6793
f 12198 6793 2966
f 12197 12198 6760
f 12196 12197 6761
f 6091 12196 6762
f 6092 12193 12196
f 6093 12190 12193
f 12199 12200 12203
f 12200 12201 12204
f 12202 12203 12206
f 12203 12204 12207
f 2958 5751 12199
f 5751 5750 12200
f 5750 5749 12201
f 5749 2959 6780
f 12201 6780 6779
f 12204 6779 6778
f 12207 6778 2977
f 12206 12207 6070
f 12205 12206 6071
f 6787 12205 6072
f 6788 12202 12205
f 6789 12199 12202
f 12208 12209 12212
f 12209 12210 12213
f 12211 12212 12215
f 12212 12213 12216
f 2961 5733 12208
f 5733 5732 12209
f 5732 5731 12210
f 5731 2962 6699
f 12210 6699 6698
f 12213 6698 6697
f 12216 6697 2986
f 12215 12216 6742
f 12214 12215 6743
f 6724 12214 6744
f 6725 12211 12214
f 6726 12208 12211
f 12217 12218 12221
f 12218 12219 12222
f 12220 12221 12224
f 12221 12222 12225
f 2943 5839 12217
f 5839 5840 12218
f 5840 5841 12219
f 5841 2944 6801
f 12219 6801 6800
f 12222 6800 6799
f 12225 6799 2970
f 12224 12225 6078
f 12223 12224 6077
f 6718 12223 6076
f 6719 12220 12223
f 6720 12217 12220
f 12226 12227 12230
f 12227 12228 12231
f 12229 12230 12233
f 12230 12231 12234
f 2939 5866 12226
f 5866 5867 12227
f 5867 5868 12228
f 5868 2940 6723
f 12228 6723 6722
f 12231 6722 6721
f 12234 6721 2968
f 12233 12234 6081
f 12232 12233 6080
f 6775 12232 6079
f 6776 12229 12232
f 6777 12226 12229
f 12235 12236 12239
f 12236 12237 12240
f 12238 12239 12242
f 12239 12240 12243
f 2954 5775 12235
f 5775 5774 12236
f 5774 5773 12237
f 5773 2955 6693
f 12237 6693 6692
f 12240 6692 6691
f 12243 6691 2995
f 12242 12243 6766
f 12241 12242 6767
f 6802 12241 6768
f 6803 12238 12241
f 6804 12235 12238
f 12244 12245 12248
f 12245 12246 12249
f 12247 12248 12251
f 12248 12249 12252
f 2950 5799 12244
f 5799 5798 12245
f 5798 5797 12246
f 5797 2951 6675
f 12246 6675 6674
f 12249 6674 6673
f 12252 6673 2992
f 12251 12252 6730
f 12250 12251 6731
f 6784 12250 6732
f 6785 12247 12250
f 6786 12244 12247
f 12253 12254 12257
f 12254 12255 12258
f 12256 12257 12260
f 12257 12258 12261
f 2940 5862 12253
f 5862 5861 12254
f 5861 5860 12255
f 5860 2941 6099
f 12255 6099 6098
f 12258 6098 6097
f 12261 6097 2980
f 12260 12261 6808
f 12259 12260 6809
f 6721 12259 6810
f 6722 12256 12259
f 6723 12253 12256
f 12262 12263 12266
f 12263 12264 12267
f 12265 12266 12269
f 12266 12267 12270
f 2948 5811 12262
f 5811 5810 12263
f 5810 5809 12264
f 5809 2949 6783
f 12264 6783 6782
f 12267 6782 6781
f 12270 6781 2972
f 12269 12270 6736
f 12268 12269 6737
f 6682 12268 6738
f 6683 12265 12268
f 6684 12262 12265
f 12271 12272 12275
f 12272 12273 12276
f 12274 12275 12278
f 12275 12276 12279
f 2957 5757 12271
f 5757 5756 12272
f 5756 5755 12273
f 5755 2958 6789
f 12273 6789 6788
f 12276 6788 6787
f 12279 6787 2976
f 12278 12279 6769
f 12277 12278 6770
f 6085 12277 6771
f 6086 12274 12277
f 6087 12271 12274
f 12280 12281 12284
f 12281 12282 12285
f 12283 12284 12287
f 12284 12285 12288
f 2757 5901 12280
f 5901 5900 12281
f 5900 5899 12282
f 5899 2934 6093
f 12282 6093 6092
f 12285 6092 6091
f 12288 6091 2984
f 12287 12288 6751
f 12286 12287 6752
f 6796 12286 6753
f 6797 12283 12286
f 6798 12280 12283
f 12289 12290 12293
f 12290 12291 12294
f 12292 12293 12296
f 12293 12294 12297
f 2944 5835 12289
f 5835 5834 12290
f 5834 5833 12291
f 5833 2945 6102
f 12291 6102 6101
f 12294 6101 6100
f 12297 6100 2982
f 12296 12297 6811
f 12295 12296 6812
f 6799 12295 6813
f 6800 12292 12295
f 6801 12289 12292
f 12298 12299 12302
f 12299 12300 12303
f 12301 12302 12305
f 12302 12303 12306
f 2942 5850 12298
f 5850 5849 12299
f 5849 5848 12300
f 5848 2943 6720
f 12300 6720 6719
f 12303 6719 6718
f 12306 6718 2969
f 12305 12306 6817
f 12304 12305 6818
f 6694 12304 6819
f 6695 12301 12304
f 6696 12298 12301
f 12307 12308 12311
f 12308 12309 12312
f 12310 12311 12314
f 12311 12312 12315
f 2935 5892 12307
f 5892 5891 12308
f 5891 5890 12309
f 5890 2936 6708
f 12309 6708 6707
f 12312 6707 6706
f 12315 6706 2989
f 12314 12315 6754
f 12313 12314 6755
f 6793 12313 6756
f 6794 12310 12313
f 6795 12307 12310
f 12316 12317 12320
f 12317 12318 12321
f 12319 12320 12323
f 12320 12321 12324
f 2951 5791 12316
f 5791 5792 12317
f 5792 5793 12318
f 5793 2952 6792
f 12318 6792 6791
f 12321 6791 6790
f 12324 6790 2974
f 12323 12324 6735
f 12322 12323 6734
f 6673 12322 6733
f 6674 12319 12322
f 6675 12316 12319
f 12325 12326 12329
f 12326 12327 12330
f 12328 12329 12332
f 12329 12330 12333
f 2953 5781 12325
f 5781 5780 12326
f 5780 5779 12327
f 5779 2954 6804
f 12327 6804 6803
f 12330 6803 6802
f 12333 6802 2975
f 12332 12333 6772
f 12331 12332 6773
f 6709 12331 6774
f 6710 12328 12331
f 6711 12325 12328
f 12334 12335 12338
f 12335 12336 12339
f 12337 12338 12341
f 12338 12339 12342
f 2938 5874 12334
f 5874 5873 12335
f 5873 5872 12336
f 5872 2939 6777
f 12336 6777 6776
f 12339 6776 6775
f 12342 6775 2967
f 12341 12342 6757
f 12340 12341 6758
f 6688 12340 6759
f 6689 12337 12340
f 6690 12334 12337
f 12343 12344 12347
f 12344 12345 12348
f 12346 12347 12350
f 12347 12348 12351
f 2945 5829 12343
f 5829 5828 12344
f 5828 5827 12345
f 5827 2946 6807
f 12345 6807 6806
f 12348 6806 6805
f 12351 6805 2971
f 12350 12351 6814
f 12349 12350 6815
f 6100 12349 6816
f 6101 12346 12349
f 6102 12343 12346
f 12352 12353 12356
f 12353 12354 12357
f 12355 12356 12359
f 12356 12357 12360
f 2946 5823 12352
f 5823 5822 12353
f 5822 5821 12354
f 5821 2947 6090
f 12354 6090 6089
f 12357 6089 6088
f 12360 6088 2983
f 12359 12360 6727
f 12358 12359 6728
f 6805 12358 6729
f 6806 12355 12358
f 6807 12352 12355
f 12361 12362 12365
f 12362 12363 12366
f 12364 12365 12368
f 12365 12366 12369
f 2959 5743 12361
f 5743 5744 12362
f 5744 5745 12363
f 5745 2960 6702
f 12363 6702 6701
f 12366 6701 6700
f 12369 6700 2991
f 12368 12369 6741
f 12367 12368 6740
f 6778 12367 6739
f 6779 12364 12367
f 6780 12361 12364
f 12370 12371 12374
f 12371 12372 12375
f 12373 12374 12377
f 12374 12375 12378
f 2964 4845 12370
f 4845 4844 12371
f 4844 4843 12372
f 4843 2757 6798
f 12372 6798 6797
f 12375 6797 6796
f 12378 6796 2965
f 12377 12378 6745
f 12376 12377 6746
f 6685 12376 6747
f 6686 12373 12376
f 6687 12370 12373
f 12379 12380 12383
f 12380 12381 12384
f 12382 12383 12386
f 12383 12384 12387
f 2960 5739 12379
f 5739 5738 12380
f 5738 5737 12381
f 5737 2961 6726
f 12381 6726 6725
f 12384 6725 6724
f 12387 6724 2978
f 12386 12387 6748
f 12385 12386 6749
f 6700 12385 6750
f 6701 12382 12385
f 6702 12379 12382
f 12389 12390 12388
f 12391 12392 12388
f 12393 12394 12388
f 3034 6313 12389
f 6313 6314 12390
f 6828 12389 12394
f 3033 6823 12391
f 6823 6824 12392
f 6315 12391 12390
f 3075 6826 12393
f 6826 6827 12394
f 6825 12393 12392
f 12396 12397 12395
f 12398 12399 12395
f 12400 12401 12395
f 3037 6306 12396
f 6306 6305 12397
f 6834 12396 12401
f 3036 6829 12398
f 6829 6830 12399
f 6304 12398 12397
f 3075 6832 12400
f 6832 6833 12401
f 6831 12400 12399
f 12403 12404 12402
f 12405 12406 12402
f 12407 12408 12402
f 3040 6295 12403
f 6295 6296 12404
f 6840 12403 12408
f 3039 6835 12405
f 6835 6836 12406
f 6297 12405 12404
f 3075 6838 12407
f 6838 6839 12408
f 6837 12407 12406
f 12410 12411 12409
f 12412 12413 12409
f 12414 12415 12409
f 3011 6286 12410
f 6286 6287 12411
f 6822 12410 12415
f 3042 6841 12412
f 6841 6842 12413
f 6288 12412 12411
f 3075 6820 12414
f 6820 6821 12415
f 6843 12414 12413
f 12417 12418 12416
f 12419 12420 12416
f 12421 12422 12416
f 3014 6373 12417
f 6373 6374 12418
f 6849 12417 12422
f 3013 6844 12419
f 6844 6845 12420
f 6375 12419 12418
f 3075 6847 12421
f 6847 6848 12422
f 6846 12421 12420
f 12424 12425 12423
f 12426 12427 12423
f 12428 12429 12423
f 3017 6364 12424
f 6364 6365 12425
f 6855 12424 12429
f 3016 6850 12426
f 6850 6851 12427
f 6366 12426 12425
f 3075 6853 12428
f 6853 6854 12429
f 6852 12428 12427
f 12431 12432 12430
f 12433 12434 12430
f 12435 12436 12430
f 3020 6357 12431
f 6357 6356 12432
f 6861 12431 12436
f 3019 6856 12433
f 6856 6857 12434
f 6355 12433 12432
f 3075 6859 12435
f 6859 6860 12436
f 6858 12435 12434
f 12438 12439 12437
f 12440 12441 12437
f 12442 12443 12437
f 3023 6346 12438
f 6346 6347 12439
f 6867 12438 12443
f 3022 6862 12440
f 6862 6863 12441
f 6348 12440 12439
f 3075 6865 12442
f 6865 6866 12443
f 6864 12442 12441
f 12445 12446 12444
f 12447 12448 12444
f 12449 12450 12444
f 3026 6337 12445
f 6337 6338 12446
f 6873 12445 12450
f 3025 6868 12447
f 6868 6869 12448
f 6339 12447 12446
f 3075 6871 12449
f 6871 6872 12450
f 6870 12449 12448
f 12452 12453 12451
f 12454 12455 12451
f 12456 12457 12451
f 3029 6328 12452
f 6328 6329 12453
f 6879 12452 12457
f 3028 6874 12454
f 6874 6875 12455
f 6330 12454 12453
f 3075 6877 12456
f 6877 6878 12457
f 6876 12456 12455
f 12459 12460 12458
f 12461 12462 12458
f 12463 12464 12458
f 3032 6319 12459
f 6319 6320 12460
f 6885 12459 12464
f 3031 6880 12461
f 6880 6881 12462
f 6321 12461 12460
f 3075 6883 12463
f 6883 6884 12464
f 6882 12463 12462
f 12466 12467 12465
f 12468 12469 12465
f 12470 12471 12465
f 3035 6310 12466
f 6310 6311 12467
f 6888 12466 12471
f 3034 6828 12468
f 6828 6827 12469
f 6312 12468 12467
f 3075 6886 12470
f 6886 6887 12471
f 6826 12470 12469
f 12473 12474 12472
f 12475 12476 12472
f 12477 12478 12472
f 3038 6301 12473
f 6301 6302 12474
f 6891 12473 12478
f 3037 6834 12475
f 6834 6833 12476
f 6303 12475 12474
f 3075 6889 12477
f 6889 6890 12478
f 6832 12477 12476
f 12480 12481 12479
f 12482 12483 12479
f 12484 12485 12479
f 3041 6294 12480
f 6294 6293 12481
f 6894 12480 12485
f 3040 6840 12482
f 6840 6839 12483
f 6292 12482 12481
f 3075 6892 12484
f 6892 6893 12485
f 6838 12484 12483
f 12487 12488 12486
f 12489 12490 12486
f 12491 12492 12486
f 3012 6379 12487
f 6379 6380 12488
f 6897 12487 12492
f 3011 6822 12489
f 6822 6821 12490
f 6381 12489 12488
f 3075 6895 12491
f 6895 6896 12492
f 6820 12491 12490
f 12494 12495 12493
f 12496 12497 12493
f 12498 12499 12493
f 3015 6370 12494
f 6370 6371 12495
f 6900 12494 12499
f 3014 6849 12496
f 6849 6848 12497
f 6372 12496 12495
f 3075 6898 12498
f 6898 6899 12499
f 6847 12498 12497
f 12501 12502 12500
f 12503 12504 12500
f 12505 12506 12500
f 3018 6361 12501
f 6361 6362 12502
f 6903 12501 12506
f 3017 6855 12503
f 6855 6854 12504
f 6363 12503 12502
f 3075 6901 12505
f 6901 6902 12506
f 6853 12505 12504
f 12508 12509 12507
f 12510 12511 12507
f 12512 12513 12507
f 3021 6352 12508
f 6352 6353 12509
f 6906 12508 12513
f 3020 6861 12510
f 6861 6860 12511
f 6354 12510 12509
f 3075 6904 12512
f 6904 6905 12513
f 6859 12512 12511
f 12515 12516 12514
f 12517 12518 12514
f 12519 12520 12514
f 3024 6343 12515
f 6343 6344 12516
f 6909 12515 12520
f 3023 6867 12517
f 6867 6866 12518
f 6345 12517 12516
f 3075 6907 12519
f 6907 6908 12520
f 6865 12519 12518
f 12522 12523 12521
f 12524 12525 12521
f 12526 12527 12521
f 3027 6334 12522
f 6334 6335 12523
f 6912 12522 12527
f 3026 6873 12524
f 6873 6872 12525
f 6336 12524 12523
f 3075 6910 12526
f 6910 6911 12527
f 6871 12526 12525
f 12529 12530 12528
f 12531 12532 12528
f 12533 12534 12528
f 3030 6325 12529
f 6325 6326 12530
f 6915 12529 12534
f 3029 6879 12531
f 6879 6878 12532
f 6327 12531 12530
f 3075 6913 12533
f 6913 6914 12534
f 6877 12533 12532
f 12536 12537 12535
f 12538 12539 12535
f 12540 12541 12535
f 3033 6318 12536
f 6318 6317 12537
f 6823 12536 12541
f 3032 6885 12538
f 6885 6884 12539
f 6316 12538 12537
f 3075 6825 12540
f 6825 6824 12541
f 6883 12540 12539
f 12543 12544 12542
f 12545 12546 12542
f 12547 12548 12542
f 3036 6307 12543
f 6307 6308 12544
f 6829 12543 12548
f 3035 6888 12545
f 6888 6887 12546
f 6309 12545 12544
f 3075 6831 12547
f 6831 6830 12548
f 6886 12547 12546
f 12550 12551 12549
f 12552 12553 12549
f 12554 12555 12549
f 3039 6298 12550
f 6298 6299 12551
f 6835 12550 12555
f 3038 6891 12552
f 6891 6890 12553
f 6300 12552 12551
f 3075 6837 12554
f 6837 6836 12555
f 6889 12554 12553
f 12557 12558 12556
f 12559 12560 12556
f 12561 12562 12556
f 3042 6289 12557
f 6289 6290 12558
f 6841 12557 12562
f 3041 6894 12559
f 6894 6893 12560
f 6291 12559 12558
f 3075 6843 12561
f 6843 6842 12562
f 6892 12561 12560
f 12564 12565 12563
f 12566 12567 12563
f 12568 12569 12563
f 3013 6376 12564
f 6376 6377 12565
f 6844 12564 12569
f 3012 6897 12566
f 6897 6896 12567
f 6378 12566 12565
f 3075 6846 12568
f 6846 6845 12569
f 6895 12568 12567
f 12571 12572 12570
f 12573 12574 12570
f 12575 12576 12570
f 3016 6369 12571
f 6369 6368 12572
f 6850 12571 12576
f 3015 6900 12573
f 6900 6899 12574
f 6367 12573 12572
f 3075 6852 12575
f 6852 6851 12576
f 6898 12575 12574
f 12578 12579 12577
f 12580 12581 12577
f 12582 12583 12577
f 3019 6358 12578
f 6358 6359 12579
f 6856 12578 12583
f 3018 6903 12580
f 6903 6902 12581
f 6360 12580 12579
f 3075 6858 12582
f 6858 6857 12583
f 6901 12582 12581
f 12585 12586 12584
f 12587 12588 12584
f 12589 12590 12584
f 3022 6349 12585
f 6349 6350 12586
f 6862 12585 12590
f 3021 6906 12587
f 6906 6905 12588
f 6351 12587 12586
f 3075 6864 12589
f 6864 6863 12590
f 6904 12589 12588
f 12592 12593 12591
f 12594 12595 12591
f 12596 12597 12591
f 3025 6340 12592
f 6340 6341 12593
f 6868 12592 12597
f 3024 6909 12594
f 6909 6908 12595
f 6342 12594 12593
f 3075 6870 12596
f 6870 6869 12597
f 6907 12596 12595
f 12599 12600 12598
f 12601 12602 12598
f 12603 12604 12598
f 3028 6331 12599
f 6331 6332 12600
f 6874 12599 12604
f 3027 6912 12601
f 6912 6911 12602
f 6333 12601 12600
f 3075 6876 12603
f 6876 6875 12604
f 6910 12603 12602
f 12606 12607 12605
f 12608 12609 12605
f 12610 12611 12605
f 3031 6322 12606
f 6322 6323 12607
f 6880 12606 12611
f 3030 6915 12608
f 6915 6914 12609
f 6324 12608 12607
f 3075 6882 12610
f 6882 6881 12611
f 6913 12610 12609
f 6920 6919 6916
f 6921 6920 6917
f 6923 6922 6919
f 6924 6923 6920
f 6916 3162 2440
f 6917 6916 3090
f 6918 6917 3089
f 3157 6918 3088
f 3158 6921 6918
f 3159 6924 6921
f 2453 3127 6924
f 3127 3128 6923
f 3128 3129 6922
f 3129 2454 3160
f 6922 3160 3161
f 6919 3161 3162
f 6929 6928 6925
f 6930 6929 6926
f 6932 6931 6928
f 6933 6932 6929
f 6925 3171 2446
f 6926 6925 3108
f 6927 6926 3107
f 3166 6927 3106
f 3167 6930 6927
f 3168 6933 6930
f 2459 3145 6933
f 3145 3146 6932
f 3146 3147 6931
f 3147 2460 3169
f 6931 3169 3170
f 6928 3170 3171
f 6938 6937 6934
f 6939 6938 6935
f 6941 6940 6937
f 6942 6941 6938
f 6934 3174 2441
f 6935 6934 3093
f 6936 6935 3092
f 3162 6936 3091
f 3161 6939 6936
f 3160 6942 6939
f 2454 3130 6942
f 3130 3131 6941
f 3131 3132 6940
f 3132 2455 3172
f 6940 3172 3173
f 6937 3173 3174
f 6947 6946 6943
f 6948 6947 6944
f 6950 6949 6946
f 6951 6950 6947
f 6943 3177 2436
f 6944 6943 3078
f 6945 6944 3077
f 3165 6945 3076
f 3164 6948 6945
f 3163 6951 6948
f 2449 3115 6951
f 3115 3116 6950
f 3116 3117 6949
f 3117 2450 3175
f 6949 3175 3176
f 6946 3176 3177
f 6956 6955 6952
f 6957 6956 6953
f 6959 6958 6955
f 6960 6959 6956
f 6952 3180 2447
f 6953 6952 3111
f 6954 6953 3110
f 3171 6954 3109
f 3170 6957 6954
f 3169 6960 6957
f 2460 3148 6960
f 3148 3149 6959
f 3149 3150 6958
f 3150 2461 3178
f 6958 3178 3179
f 6955 3179 3180
f 6965 6964 6961
f 6966 6965 6962
f 6968 6967 6964
f 6969 6968 6965
f 6961 3183 2442
f 6962 6961 3096
f 6963 6962 3095
f 3174 6963 3094
f 3173 6966 6963
f 3172 6969 6966
f 2455 3133 6969
f 3133 3134 6968
f 3134 3135 6967
f 3135 2456 3181
f 6967 3181 3182
f 6964 3182 3183
f 6974 6973 6970
f 6975 6974 6971
f 6977 6976 6973
f 6978 6977 6974
f 6970 3186 2437
f 6971 6970 3081
f 6972 6971 3080
f 3177 6972 3079
f 3176 6975 6972
f 3175 6978 6975
f 2450 3118 6978
f 3118 3119 6977
f 3119 3120 6976
f 3120 2451 3184
f 6976 3184 3185
f 6973 3185 3186
f 6983 6982 6979
f 6984 6983 6980
f 6986 6985 6982
f 6987 6986 6983
f 6979 3189 2448
f 6980 6979 3114
f 6981 6980 3113
f 3180 6981 3112
f 3179 6984 6981
f 3178 6987 6984
f 2461 3151 6987
f 3151 3152 6986
f 3152 3153 6985
f 3153 2462 3187
f 6985 3187 3188
f 6982 3188 3189
f 6992 6991 6988
f 6993 6992 6989
f 6995 6994 6991
f 6996 6995 6992
f 6988 3192 2443
f 6989 6988 3099
f 6990 6989 3098
f 3183 6990 3097
f 3182 6993 6990
f 3181 6996 6993
f 2456 3136 6996
f 3136 3137 6995
f 3137 3138 6994
f 3138 2457 3190
f 6994 3190 3191
f 6991 3191 3192
f 7001 7000 6997
f 7002 7001 6998
f 7004 7003 7000
f 7005 7004 7001
f 6997 3195 2438
f 6998 6997 3084
f 6999 6998 3083
f 3186 6999 3082
f 3185 7002 6999
f 3184 7005 7002
f 2451 3121 7005
f 3121 3122 7004
f 3122 3123 7003
f 3123 2452 3193
f 7003 3193 3194
f 7000 3194 3195
f 7010 7009 7006
f 7011 7010 7007
f 7013 7012 7009
f 7014 7013 7010
f 7006 3198 2444
f 7007 7006 3102
f 7008 7007 3101
f 3192 7008 3100
f 3191 7011 7008
f 3190 7014 7011
f 2457 3139 7014
f 3139 3140 7013
f 3140 3141 7012
f 3141 2458 3196
f 7012 3196 3197
f 7009 3197 3198
f 7019 7018 7015
f 7020 7019 7016
f 7022 7021 7018
f 7023 7022 7019
f 7015 3157 2439
f 7016 7015 3087
f 7017 7016 3086
f 3195 7017 3085
f 3194 7020 7017
f 3193 7023 7020
f 2452 3124 7023
f 3124 3125 7022
f 3125 3126 7021
f 3126 2453 3159
f 7021 3159 3158
f 7018 3158 3157
f 7028 7027 7024
f 7029 7028 7025
f 7031 7030 7027
f 7032 7031 7028
f 7024 3166 2445
f 7025 7024 3105
f 7026 7025 3104
f 3198 7026 3103
f 3197 7029 7026
f 3196 7032 7029
f 2458 3142 7032
f 3142 3143 7031
f 3143 3144 7030
f 3144 2459 3168
f 7030 3168 3167
f 7027 3167 3166
f 7037 7036 7033
f 7038 7037 7034
f 7040 7039 7036
f 7041 7040 7037
f 7033 3246 2459
f 7034 7033 3144
f 7035 7034 3143
f 3241 7035 3142
f 3242 7038 7035
f 3243 7041 7038
f 2473 3226 7041
f 3226 3227 7040
f 3227 3228 7039
f 3228 2474 3244
f 7039 3244 3245
f 7036 3245 3246
f 7046 7045 7042
f 7047 7046 7043
f 7049 7048 7045
f 7050 7049 7046
f 7042 3252 2454
f 7043 7042 3129
f 7044 7043 3128
f 3247 7044 3127
f 3248 7047 7044
f 3249 7050 7047
f 2468 3211 7050
f 3211 3212 7049
f 3212 3213 7048
f 3213 2469 3250
f 7048 3250 3251
f 7045 3251 3252
f 7055 7054 7051
f 7056 7055 7052
f 7058 7057 7054
f 7059 7058 7055
f 7051 3258 2460
f 7052 7051 3147
f 7053 7052 3146
f 3246 7053 3145
f 3245 7056 7053
f 3244 7059 7056
f 2474 3229 7059
f 3229 3230 7058
f 3230 3231 7057
f 3231 2475 3256
f 7057 3256 3257
f 7054 3257 3258
f 7064 7063 7060
f 7065 7064 7061
f 7067 7066 7063
f 7068 7067 7064
f 7060 3261 2455
f 7061 7060 3132
f 7062 7061 3131
f 3252 7062 3130
f 3251 7065 7062
f 3250 7068 7065
f 2469 3214 7068
f 3214 3215 7067
f 3215 3216 7066
f 3216 2470 3259
f 7066 3259 3260
f 7063 3260 3261
f 7073 7072 7069
f 7074 7073 7070
f 7076 7075 7072
f 7077 7076 7073
f 7069 3264 2450
f 7070 7069 3117
f 7071 7070 3116
f 3255 7071 3115
f 3254 7074 7071
f 3253 7077 7074
f 2464 3199 7077
f 3199 3200 7076
f 3200 3201 7075
f 3201 2465 3262
f 7075 3262 3263
f 7072 3263 3264
f 7082 7081 7078
f 7083 7082 7079
f 7085 7084 7081
f 7086 7085 7082
f 7078 3267 2461
f 7079 7078 3150
f 7080 7079 3149
f 3258 7080 3148
f 3257 7083 7080
f 3256 7086 7083
f 2475 3232 7086
f 3232 3233 7085
f 3233 3234 7084
f 3234 2476 3265
f 7084 3265 3266
f 7081 3266 3267
f 7091 7090 7087
f 7092 7091 7088
f 7094 7093 7090
f 7095 7094 7091
f 7087 3270 2456
f 7088 7087 3135
f 7089 7088 3134
f 3261 7089 3133
f 3260 7092 7089
f 3259 7095 7092
f 2470 3217 7095
f 3217 3218 7094
f 3218 3219 7093
f 3219 2471 3268
f 7093 3268 3269
f 7090 3269 3270
f 7100 7099 7096
f 7101 7100 7097
f 7103 7102 7099
f 7104 7103 7100
f 7096 3273 2451
f 7097 7096 3120
f 7098 7097 3119
f 3264 7098 3118
f 3263 7101 7098
f 3262 7104 7101
f 2465 3202 7104
f 3202 3203 7103
f 3203 3204 7102
f 3204 2466 3271
f 7102 3271 3272
f 7099 3272 3273
f 7109 7108 7105
f 7110 7109 7106
f 7112 7111 7108
f 7113 7112 7109
f 7105 3276 2462
f 7106 7105 3153
f 7107 7106 3152
f 3267 7107 3151
f 3266 7110 7107
f 3265 7113 7110
f 2476 3235 7113
f 3235 3236 7112
f 3236 3237 7111
f 3237 2477 3274
f 7111 3274 3275
f 7108 3275 3276
f 7118 7117 7114
f 7119 7118 7115
f 7121 7120 7117
f 7122 7121 7118
f 7114 3279 2457
f 7115 7114 3138
f 7116 7115 3137
f 3270 7116 3136
f 3269 7119 7116
f 3268 7122 7119
f 2471 3220 7122
f 3220 3221 7121
f 3221 3222 7120
f 3222 2472 3277
f 7120 3277 3278
f 7117 3278 3279
f 7127 7126 7123
f 7128 7127 7124
f 7130 7129 7126
f 7131 7130 7127
f 7123 3282 2452
f 7124 7123 3123
f 7125 7124 3122
f 3273 7125 3121
f 3272 7128 7125
f 3271 7131 7128
f 2466 3205 7131
f 3205 3206 7130
f 3206 3207 7129
f 3207 2467 3280
f 7129 3280 3281
f 7126 3281 3282
f 7136 7135 7132
f 7137 7136 7133
f 7139 7138 7135
f 7140 7139 7136
f 7132 3285 2463
f 7133 7132 3156
f 7134 7133 3155
f 3276 7134 3154
f 3275 7137 7134
f 3274 7140 7137
f 2477 3238 7140
f 3238 3239 7139
f 3239 3240 7138
f 3240 2478 3283
f 7138 3283 3284
f 7135 3284 3285
f 7145 7144 7141
f 7146 7145 7142
f 7148 7147 7144
f 7149 7148 7145
f 7141 3241 2458
f 7142 7141 3141
f 7143 7142 3140
f 3279 7143 3139
f 3278 7146 7143
f 3277 7149 7146
f 2472 3223 7149
f 3223 3224 7148
f 3224 3225 7147
f 3225 2473 3243
f 7147 3243 3242
f 7144 3242 3241
f 7154 7153 7150
f 7155 7154 7151
f 7157 7156 7153
f 7158 7157 7154
f 7150 3247 2453
f 7151 7150 3126
f 7152 7151 3125
f 3282 7152 3124
f 3281 7155 7152
f 3280 7158 7155
f 2467 3208 7158
f 3208 3209 7157
f 3209 3210 7156
f 3210 2468 3249
f 7156 3249 3248
f 7153 3248 3247
f 7163 7162 7159
f 7164 7163 7160
f 7166 7165 7162
f 7167 7166 7163
f 7159 3333 2473
f 7160 7159 3225
f 7161 7160 3224
f 3328 7161 3223
f 3329 7164 7161
f 3330 7167 7164
f 2487 3310 7167
f 3310 3311 7166
f 3311 3312 7165
f 3312 2488 3331
f 7165 3331 3332
f 7162 3332 3333
f 7172 7171 7168
f 7173 7172 7169
f 7175 7174 7171
f 7176 7175 7172
f 7168 3339 2468
f 7169 7168 3210
f 7170 7169 3209
f 3334 7170 3208
f 3335 7173 7170
f 3336 7176 7173
f 2482 3295 7176
f 3295 3296 7175
f 3296 3297 7174
f 3297 2483 3337
f 7174 3337 3338
f 7171 3338 3339
f 7181 7180 7177
f 7182 7181 7178
f 7184 7183 7180
f 7185 7184 7181
f 7177 3342 2474
f 7178 7177 3228
f 7179 7178 3227
f 3333 7179 3226
f 3332 7182 7179
f 3331 7185 7182
f 2488 3313 7185
f 3313 3314 7184
f 3314 3315 7183
f 3315 2489 3340
f 7183 3340 3341
f 7180 3341 3342
f 7190 7189 7186
f 7191 7190 7187
f 7193 7192 7189
f 7194 7193 7190
f 7186 3345 2469
f 7187 7186 3213
f 7188 7187 3212
f 3339 7188 3211
f 3338 7191 7188
f 3337 7194 7191
f 2483 3298 7194
f 3298 3299 7193
f 3299 3300 7192
f 3300 2484 3343
f 7192 3343 3344
f 7189 3344 3345
f 7199 7198 7195
f 7200 7199 7196
f 7202 7201 7198
f 7203 7202 7199
f 7195 3351 2475
f 7196 7195 3231
f 7197 7196 3230
f 3342 7197 3229
f 3341 7200 7197
f 3340 7203 7200
f 2489 3316 7203
f 3316 3317 7202
f 3317 3318 7201
f 3318 2490 3349
f 7201 3349 3350
f 7198 3350 3351
f 7208 7207 7204
f 7209 7208 7205
f 7211 7210 7207
f 7212 7211 7208
f 7204 3354 2470
f 7205 7204 3216
f 7206 7205 3215
f 3345 7206 3214
f 3344 7209 7206
f 3343 7212 7209
f 2484 3301 7212
f 3301 3302 7211
f 3302 3303 7210
f 3303 2485 3352
f 7210 3352 3353
f 7207 3353 3354
f 7217 7216 7213
f 7218 7217 7214
f 7220 7219 7216
f 7221 7220 7217
f 7213 3357 2465
f 7214 7213 3201
f 7215 7214 3200
f 3348 7215 3199
f 3347 7218 7215
f 3346 7221 7218
f 2479 3286 7221
f 3286 3287 7220
f 3287 3288 7219
f 3288 2480 3355
f 7219 3355 3356
f 7216 3356 3357
f 7226 7225 7222
f 7227 7226 7223
f 7229 7228 7225
f 7230 7229 7226
f 7222 3360 2476
f 7223 7222 3234
f 7224 7223 3233
f 3351 7224 3232
f 3350 7227 7224
f 3349 7230 7227
f 2490 3319 7230
f 3319 3320 7229
f 3320 3321 7228
f 3321 2491 3358
f 7228 3358 3359
f 7225 3359 3360
f 7235 7234 7231
f 7236 7235 7232
f 7238 7237 7234
f 7239 7238 7235
f 7231 3363 2471
f 7232 7231 3219
f 7233 7232 3218
f 3354 7233 3217
f 3353 7236 7233
f 3352 7239 7236
f 2485 3304 7239
f 3304 3305 7238
f 3305 3306 7237
f 3306 2486 3361
f 7237 3361 3362
f 7234 3362 3363
f 7244 7243 7240
f 7245 7244 7241
f 7247 7246 7243
f 7248 7247 7244
f 7240 3366 2466
f 7241 7240 3204
f 7242 7241 3203
f 3357 7242 3202
f 3356 7245 7242
f 3355 7248 7245
f 2480 3289 7248
f 3289 3290 7247
f 3290 3291 7246
f 3291 2481 3364
f 7246 3364 3365
f 7243 3365 3366
f 7253 7252 7249
f 7254 7253 7250
f 7256 7255 7252
f 7257 7256 7253
f 7249 3325 2477
f 7250 7249 3237
f 7251 7250 3236
f 3360 7251 3235
f 3359 7254 7251
f 3358 7257 7254
f 2491 3322 7257
f 3322 3323 7256
f 3323 3324 7255
f 3324 2492 3327
f 7255 3327 3326
f 7252 3326 3325
f 7262 7261 7258
f 7263 7262 7259
f 7265 7264 7261
f 7266 7265 7262
f 7258 3328 2472
f 7259 7258 3222
f 7260 7259 3221
f 3363 7260 3220
f 3362 7263 7260
f 3361 7266 7263
f 2486 3307 7266
f 3307 3308 7265
f 3308 3309 7264
f 3309 2487 3330
f 7264 3330 3329
f 7261 3329 3328
f 7271 7270 7267
f 7272 7271 7268
f 7274 7273 7270
f 7275 7274 7271
f 7267 3334 2467
f 7268 7267 3207
f 7269 7268 3206
f 3366 7269 3205
f 3365 7272 7269
f 3364 7275 7272
f 2481 3292 7275
f 3292 3293 7274
f 3293 3294 7273
f 3294 2482 3336
f 7273 3336 3335
f 7270 3335 3334
f 7280 7279 7276
f 7281 7280 7277
f 7283 7282 7279
f 7284 7283 7280
f 7276 3414 2492
f 7277 7276 3324
f 7278 7277 3323
f 3409 7278 3322
f 3410 7281 7278
f 3411 7284 7281
f 2505 3403 7284
f 3403 3404 7283
f 3404 3405 7282
f 3405 2506 3412
f 7282 3412 3413
f 7279 3413 3414
f 7289 7288 7285
f 7290 7289 7286
f 7292 7291 7288
f 7293 7292 7289
f 7285 3420 2487
f 7286 7285 3309
f 7287 7286 3308
f 3415 7287 3307
f 3416 7290 7287
f 3417 7293 7290
f 2500 3388 7293
f 3388 3389 7292
f 3389 3390 7291
f 3390 2501 3418
f 7291 3418 3419
f 7288 3419 3420
f 7298 7297 7294
f 7299 7298 7295
f 7301 7300 7297
f 7302 7301 7298
f 7294 3426 2482
f 7295 7294 3294
f 7296 7295 3293
f 3421 7296 3292
f 3422 7299 7296
f 3423 7302 7299
f 2495 3373 7302
f 3373 3374 7301
f 3374 3375 7300
f 3375 2496 3424
f 7300 3424 3425
f 7297 3425 3426
f 7307 7306 7303
f 7308 7307 7304
f 7310 7309 7306
f 7311 7310 7307
f 7303 3429 2488
f 7304 7303 3312
f 7305 7304 3311
f 3420 7305 3310
f 3419 7308 7305
f 3418 7311 7308
f 2501 3391 7311
f 3391 3392 7310
f 3392 3393 7309
f 3393 2502 3427
f 7309 3427 3428
f 7306 3428 3429
f 7316 7315 7312
f 7317 7316 7313
f 7319 7318 7315
f 7320 7319 7316
f 7312 3432 2483
f 7313 7312 3297
f 7314 7313 3296
f 3426 7314 3295
f 3425 7317 7314
f 3424 7320 7317
f 2496 3376 7320
f 3376 3377 7319
f 3377 3378 7318
f 3378 2497 3430
f 7318 3430 3431
f 7315 3431 3432
f 7325 7324 7321
f 7326 7325 7322
f 7328 7327 7324
f 7329 7328 7325
f 7321 3435 2489
f 7322 7321 3315
f 7323 7322 3314
f 3429 7323 3313
f 3428 7326 7323
f 3427 7329 7326
f 2502 3394 7329
f 3394 3395 7328
f 3395 3396 7327
f 3396 2503 3433
f 7327 3433 3434
f 7324 3434 3435
f 7334 7333 7330
f 7335 7334 7331
f 7337 7336 7333
f 7338 7337 7334
f 7330 3438 2484
f 7331 7330 3300
f 7332 7331 3299
f 3432 7332 3298
f 3431 7335 7332
f 3430 7338 7335
f 2497 3379 7338
f 3379 3380 7337
f 3380 3381 7336
f 3381 2498 3436
f 7336 3436 3437
f 7333 3437 3438
f 7343 7342 7339
f 7344 7343 7340
f 7346 7345 7342
f 7347 7346 7343
f 7339 3444 2490
f 7340 7339 3318
f 7341 7340 3317
f 3435 7341 3316
f 3434 7344 7341
f 3433 7347 7344
f 2503 3397 7347
f 3397 3398 7346
f 3398 3399 7345
f 3399 2504 3442
f 7345 3442 3443
f 7342 3443 3444
f 7352 7351 7348
f 7353 7352 7349
f 7355 7354 7351
f 7356 7355 7352
f 7348 3447 2485
f 7349 7348 3303
f 7350 7349 3302
f 3438 7350 3301
f 3437 7353 7350
f 3436 7356 7353
f 2498 3382 7356
f 3382 3383 7355
f 3383 3384 7354
f 3384 2499 3445
f 7354 3445 3446
f 7351 3446 3447
f 7361 7360 7357
f 7362 7361 7358
f 7364 7363 7360
f 7365 7364 7361
f 7357 3450 2480
f 7358 7357 3288
f 7359 7358 3287
f 3441 7359 3286
f 3440 7362 7359
f 3439 7365 7362
f 2493 3367 7365
f 3367 3368 7364
f 3368 3369 7363
f 3369 2494 3448
f 7363 3448 3449
f 7360 3449 3450
f 7370 7369 7366
f 7371 7370 7367
f 7373 7372 7369
f 7374 7373 7370
f 7366 3409 2491
f 7367 7366 3321
f 7368 7367 3320
f 3444 7368 3319
f 3443 7371 7368
f 3442 7374 7371
f 2504 3400 7374
f 3400 3401 7373
f 3401 3402 7372
f 3402 2505 3411
f 7372 3411 3410
f 7369 3410 3409
f 7379 7378 7375
f 7380 7379 7376
f 7382 7381 7378
f 7383 7382 7379
f 7375 3415 2486
f 7376 7375 3306
f 7377 7376 3305
f 3447 7377 3304
f 3446 7380 7377
f 3445 7383 7380
f 2499 3385 7383
f 3385 3386 7382
f 3386 3387 7381
f 3387 2500 3417
f 7381 3417 3416
f 7378 3416 3415
f 7388 7387 7384
f 7389 7388 7385
f 7391 7390 7387
f 7392 7391 7388
f 7384 3421 2481
f 7385 7384 3291
f 7386 7385 3290
f 3450 7386 3289
f 3449 7389 7386
f 3448 7392 7389
f 2494 3370 7392
f 3370 3371 7391
f 3371 3372 7390
f 3372 2495 3423
f 7390 3423 3422
f 7387 3422 3421
f 7397 7396 7393
f 7398 7397 7394
f 7400 7399 7396
f 7401 7400 7397
f 7393 3498 2494
f 7394 7393 3369
f 7395 7394 3368
f 3493 7395 3367
f 3494 7398 7395
f 3495 7401 7398
f 2508 3451 7401
f 3451 3452 7400
f 3452 3453 7399
f 3453 2509 3496
f 7399 3496 3497
f 7396 3497 3498
f 7406 7405 7402
f 7407 7406 7403
f 7409 7408 7405
f 7410 7409 7406
f 7402 3504 2505
f 7403 7402 3402
f 7404 7403 3401
f 3499 7404 3400
f 3500 7407 7404
f 3501 7410 7407
f 2519 3484 7410
f 3484 3485 7409
f 3485 3486 7408
f 3486 2520 3502
f 7408 3502 3503
f 7405 3503 3504
f 7415 7414 7411
f 7416 7415 7412
f 7418 7417 7414
f 7419 7418 7415
f 7411 3510 2500
f 7412 7411 3387
f 7413 7412 3386
f 3505 7413 3385
f 3506 7416 7413
f 3507 7419 7416
f 2514 3469 7419
f 3469 3470 7418
f 3470 3471 7417
f 3471 2515 3508
f 7417 3508 3509
f 7414 3509 3510
f 7424 7423 7420
f 7425 7424 7421
f 7427 7426 7423
f 7428 7427 7424
f 7420 3513 2495
f 7421 7420 3372
f 7422 7421 3371
f 3498 7422 3370
f 3497 7425 7422
f 3496 7428 7425
f 2509 3454 7428
f 3454 3455 7427
f 3455 3456 7426
f 3456 2510 3511
f 7426 3511 3512
f 7423 3512 3513
f 7433 7432 7429
f 7434 7433 7430
f 7436 7435 7432
f 7437 7436 7433
f 7429 3516 2506
f 7430 7429 3405
f 7431 7430 3404
f 3504 7431 3403
f 3503 7434 7431
f 3502 7437 7434
f 2520 3487 7437
f 3487 3488 7436
f 3488 3489 7435
f 3489 2521 3514
f 7435 3514 3515
f 7432 3515 3516
f 7442 7441 7438
f 7443 7442 7439
f 7445 7444 7441
f 7446 7445 7442
f 7438 3519 2501
f 7439 7438 3390
f 7440 7439 3389
f 3510 7440 3388
f 3509 7443 7440
f 3508 7446 7443
f 2515 3472 7446
f 3472 3473 7445
f 3473 3474 7444
f 3474 2516 3517
f 7444 3517 3518
f 7441 3518 3519
f 7451 7450 7447
f 7452 7451 7448
f 7454 7453 7450
f 7455 7454 7451
f 7447 3522 2496
f 7448 7447 3375
f 7449 7448 3374
f 3513 7449 3373
f 3512 7452 7449
f 3511 7455 7452
f 2510 3457 7455
f 3457 3458 7454
f 3458 3459 7453
f 3459 2511 3520
f 7453 3520 3521
f 7450 3521 3522
f 7460 7459 7456
f 7461 7460 7457
f 7463 7462 7459
f 7464 7463 7460
f 7456 3525 2507
f 7457 7456 3408
f 7458 7457 3407
f 3516 7458 3406
f 3515 7461 7458
f 3514 7464 7461
f 2521 3490 7464
f 3490 3491 7463
f 3491 3492 7462
f 3492 2522 3523
f 7462 3523 3524
f 7459 3524 3525
f 7469 7468 7465
f 7470 7469 7466
f 7472 7471 7468
f 7473 7472 7469
f 7465 3528 2502
f 7466 7465 3393
f 7467 7466 3392
f 3519 7467 3391
f 3518 7470 7467
f 3517 7473 7470
f 2516 3475 7473
f 3475 3476 7472
f 3476 3477 7471
f 3477 2517 3526
f 7471 3526 3527
f 7468 3527 3528
f 7478 7477 7474
f 7479 7478 7475
f 7481 7480 7477
f 7482 7481 7478
f 7474 3531 2497
f 7475 7474 3378
f 7476 7475 3377
f 3522 7476 3376
f 3521 7479 7476
f 3520 7482 7479
f 2511 3460 7482
f 3460 3461 7481
f 3461 3462 7480
f 3462 2512 3529
f 7480 3529 3530
f 7477 3530 3531
f 7487 7486 7483
f 7488 7487 7484
f 7490 7489 7486
f 7491 7490 7487
f 7483 3534 2503
f 7484 7483 3396
f 7485 7484 3395
f 3528 7485 3394
f 3527 7488 7485
f 3526 7491 7488
f 2517 3478 7491
f 3478 3479 7490
f 3479 3480 7489
f 3480 2518 3532
f 7489 3532 3533
f 7486 3533 3534
f 7496 7495 7492
f 7497 7496 7493
f 7499 7498 7495
f 7500 7499 7496
f 7492 3537 2498
f 7493 7492 3381
f 7494 7493 3380
f 3531 7494 3379
f 3530 7497 7494
f 3529 7500 7497
f 2512 3463 7500
f 3463 3464 7499
f 3464 3465 7498
f 3465 2513 3535
f 7498 3535 3536
f 7495 3536 3537
f 7505 7504 7501
f 7506 7505 7502
f 7508 7507 7504
f 7509 7508 7505
f 7501 3499 2504
f 7502 7501 3399
f 7503 7502 3398
f 3534 7503 3397
f 3533 7506 7503
f 3532 7509 7506
f 2518 3481 7509
f 3481 3482 7508
f 3482 3483 7507
f 3483 2519 3501
f 7507 3501 3500
f 7504 3500 3499
f 7514 7513 7510
f 7515 7514 7511
f 7517 7516 7513
f 7518 7517 7514
f 7510 3505 2499
f 7511 7510 3384
f 7512 7511 3383
f 3537 7512 3382
f 3536 7515 7512
f 3535 7518 7515
f 2513 3466 7518
f 3466 3467 7517
f 3467 3468 7516
f 3468 2514 3507
f 7516 3507 3506
f 7513 3506 3505
f 7523 7522 7519
f 7524 7523 7520
f 7526 7525 7522
f 7527 7526 7523
f 7519 3585 2513
f 7520 7519 3465
f 7521 7520 3464
f 3580 7521 3463
f 3581 7524 7521
f 3582 7527 7524
f 2527 3550 7527
f 3550 3551 7526
f 3551 3552 7525
f 3552 2528 3583
f 7525 3583 3584
f 7522 3584 3585
f 7532 7531 7528
f 7533 7532 7529
f 7535 7534 7531
f 7536 7535 7532
f 7528 3594 2519
f 7529 7528 3483
f 7530 7529 3482
f 3589 7530 3481
f 3590 7533 7530
f 3591 7536 7533
f 2533 3568 7536
f 3568 3569 7535
f 3569 3570 7534
f 3570 2534 3592
f 7534 3592 3593
f 7531 3593 3594
f 7541 7540 7537
f 7542 7541 7538
f 7544 7543 7540
f 7545 7544 7541
f 7537 3597 2514
f 7538 7537 3468
f 7539 7538 3467
f 3585 7539 3466
f 3584 7542 7539
f 3583 7545 7542
f 2528 3553 7545
f 3553 3554 7544
f 3554 3555 7543
f 3555 2529 3595
f 7543 3595 3596
f 7540 3596 3597
f 7550 7549 7546
f 7551 7550 7547
f 7553 7552 7549
f 7554 7553 7550
f 7546 3600 2509
f 7547 7546 3453
f 7548 7547 3452
f 3588 7548 3451
f 3587 7551 7548
f 3586 7554 7551
f 2523 3538 7554
f 3538 3539 7553
f 3539 3540 7552
f 3540 2524 3598
f 7552 3598 3599
f 7549 3599 3600
f 7559 7558 7555
f 7560 7559 7556
f 7562 7561 7558
f 7563 7562 7559
f 7555 3603 2520
f 7556 7555 3486
f 7557 7556 3485
f 3594 7557 3484
f 3593 7560 7557
f 3592 7563 7560
f 2534 3571 7563
f 3571 3572 7562
f 3572 3573 7561
f 3573 2535 3601
f 7561 3601 3602
f 7558 3602 3603
f 7568 7567 7564
f 7569 7568 7565
f 7571 7570 7567
f 7572 7571 7568
f 7564 3606 2515
f 7565 7564 3471
f 7566 7565 3470
f 3597 7566 3469
f 3596 7569 7566
f 3595 7572 7569
f 2529 3556 7572
f 3556 3557 7571
f 3557 3558 7570
f 3558 2530 3604
f 7570 3604 3605
f 7567 3605 3606
f 7577 7576 7573
f 7578 7577 7574
f 7580 7579 7576
f 7581 7580 7577
f 7573 3609 2510
f 7574 7573 3456
f 7575 7574 3455
f 3600 7575 3454
f 3599 7578 7575
f 3598 7581 7578
f 2524 3541 7581
f 3541 3542 7580
f 3542 3543 7579
f 3543 2525 3607
f 7579 3607 3608
f 7576 3608 3609
f 7586 7585 7582
f 7587 7586 7583
f 7589 7588 7585
f 7590 7589 7586
f 7582 3612 2521
f 7583 7582 3489
f 7584 7583 3488
f 3603 7584 3487
f 3602 7587 7584
f 3601 7590 7587
f 2535 3574 7590
f 3574 3575 7589
f 3575 3576 7588
f 3576 2536 3610
f 7588 3610 3611
f 7585 3611 3612
f 7595 7594 7591
f 7596 7595 7592
f 7598 7597 7594
f 7599 7598 7595
f 7591 3615 2516
f 7592 7591 3474
f 7593 7592 3473
f 3606 7593 3472
f 3605 7596 7593
f 3604 7599 7596
f 2530 3559 7599
f 3559 3560 7598
f 3560 3561 7597
f 3561 2531 3613
f 7597 3613 3614
f 7594 3614 3615
f 7604 7603 7600
f 7605 7604 7601
f 7607 7606 7603
f 7608 7607 7604
f 7600 3618 2511
f 7601 7600 3459
f 7602 7601 3458
f 3609 7602 3457
f 3608 7605 7602
f 3607 7608 7605
f 2525 3544 7608
f 3544 3545 7607
f 3545 3546 7606
f 3546 2526 3616
f 7606 3616 3617
f 7603 3617 3618
f 7613 7612 7609
f 7614 7613 7610
f 7616 7615 7612
f 7617 7616 7613
f 7609 3621 2522
f 7610 7609 3492
f 7611 7610 3491
f 3612 7611 3490
f 3611 7614 7611
f 3610 7617 7614
f 2536 3577 7617
f 3577 3578 7616
f 3578 3579 7615
f 3579 2537 3619
f 7615 3619 3620
f 7612 3620 3621
f 7622 7621 7618
f 7623 7622 7619
f 7625 7624 7621
f 7626 7625 7622
f 7618 3624 2517
f 7619 7618 3477
f 7620 7619 3476
f 3615 7620 3475
f 3614 7623 7620
f 3613 7626 7623
f 2531 3562 7626
f 3562 3563 7625
f 3563 3564 7624
f 3564 2532 3622
f 7624 3622 3623
f 7621 3623 3624
f 7631 7630 7627
f 7632 7631 7628
f 7634 7633 7630
f 7635 7634 7631
f 7627 3580 2512
f 7628 7627 3462
f 7629 7628 3461
f 3618 7629 3460
f 3617 7632 7629
f 3616 7635 7632
f 2526 3547 7635
f 3547 3548 7634
f 3548 3549 7633
f 3549 2527 3582
f 7633 3582 3581
f 7630 3581 3580
f 7640 7639 7636
f 7641 7640 7637
f 7643 7642 7639
f 7644 7643 7640
f 7636 3589 2518
f 7637 7636 3480
f 7638 7637 3479
f 3624 7638 3478
f 3623 7641 7638
f 3622 7644 7641
f 2532 3565 7644
f 3565 3566 7643
f 3566 3567 7642
f 3567 2533 3591
f 7642 3591 3590
f 7639 3590 3589
f 7649 7648 7645
f 7650 7649 7646
f 7652 7651 7648
f 7653 7652 7649
f 7645 3672 2532
f 7646 7645 3564
f 7647 7646 3563
f 3667 7647 3562
f 3668 7650 7647
f 3669 7653 7650
f 2546 3649 7653
f 3649 3650 7652
f 3650 3651 7651
f 3651 2547 3670
f 7651 3670 3671
f 7648 3671 3672
f 7658 7657 7654
f 7659 7658 7655
f 7661 7660 7657
f 7662 7661 7658
f 7654 3678 2527
f 7655 7654 3549
f 7656 7655 3548
f 3673 7656 3547
f 3674 7659 7656
f 3675 7662 7659
f 2541 3634 7662
f 3634 3635 7661
f 3635 3636 7660
f 3636 2542 3676
f 7660 3676 3677
f 7657 3677 3678
f 7667 7666 7663
f 7668 7667 7664
f 7670 7669 7666
f 7671 7670 7667
f 7663 3684 2533
f 7664 7663 3567
f 7665 7664 3566
f 3672 7665 3565
f 3671 7668 7665
f 3670 7671 7668
f 2547 3652 7671
f 3652 3653 7670
f 3653 3654 7669
f 3654 2548 3682
f 7669 3682 3683
f 7666 3683 3684
f 7676 7675 7672
f 7677 7676 7673
f 7679 7678 7675
f 7680 7679 7676
f 7672 3687 2528
f 7673 7672 3552
f 7674 7673 3551
f 3678 7674 3550
f 3677 7677 7674
f 3676 7680 7677
f 2542 3637 7680
f 3637 3638 7679
f 3638 3639 7678
f 3639 2543 3685
f 7678 3685 3686
f 7675 3686 3687
f 7685 7684 7681
f 7686 7685 7682
f 7688 7687 7684
f 7689 7688 7685
f 7681 3693 2534
f 7682 7681 3570
f 7683 7682 3569
f 3684 7683 3568
f 3683 7686 7683
f 3682 7689 7686
f 2548 3655 7689
f 3655 3656 7688
f 3656 3657 7687
f 3657 2549 3691
f 7687 3691 3692
f 7684 3692 3693
f 7694 7693 7690
f 7695 7694 7691
f 7697 7696 7693
f 7698 7697 7694
f 7690 3696 2529
f 7691 7690 3555
f 7692 7691 3554
f 3687 7692 3553
f 3686 7695 7692
f 3685 7698 7695
f 2543 3640 7698
f 3640 3641 7697
f 3641 3642 7696
f 3642 2544 3694
f 7696 3694 3695
f 7693 3695 3696
f 7703 7702 7699
f 7704 7703 7700
f 7706 7705 7702
f 7707 7706 7703
f 7699 3699 2524
f 7700 7699 3540
f 7701 7700 3539
f 3690 7701 3538
f 3689 7704 7701
f 3688 7707 7704
f 2538 3625 7707
f 3625 3626 7706
f 3626 3627 7705
f 3627 2539 3697
f 7705 3697 3698
f 7702 3698 3699
f 7712 7711 7708
f 7713 7712 7709
f 7715 7714 7711
f 7716 7715 7712
f 7708 3702 2535
f 7709 7708 3573
f 7710 7709 3572
f 3693 7710 3571
f 3692 7713 7710
f 3691 7716 7713
f 2549 3658 7716
f 3658 3659 7715
f 3659 3660 7714
f 3660 2550 3700
f 7714 3700 3701
f 7711 3701 3702
f 7721 7720 7717
f 7722 7721 7718
f 7724 7723 7720
f 7725 7724 7721
f 7717 3705 2530
f 7718 7717 3558
f 7719 7718 3557
f 3696 7719 3556
f 3695 7722 7719
f 3694 7725 7722
f 2544 3643 7725
f 3643 3644 7724
f 3644 3645 7723
f 3645 2545 3703
f 7723 3703 3704
f 7720 3704 3705
f 7730 7729 7726
f 7731 7730 7727
f 7733 7732 7729
f 7734 7733 7730
f 7726 3708 2525
f 7727 7726 3543
f 7728 7727 3542
f 3699 7728 3541
f 3698 7731 7728
f 3697 7734 7731
f 2539 3628 7734
f 3628 3629 7733
f 3629 3630 7732
f 3630 2540 3706
f 7732 3706 3707
f 7729 3707 3708
f 7739 7738 7735
f 7740 7739 7736
f 7742 7741 7738
f 7743 7742 7739
f 7735 3711 2536
f 7736 7735 3576
f 7737 7736 3575
f 3702 7737 3574
f 3701 7740 7737
f 3700 7743 7740
f 2550 3661 7743
f 3661 3662 7742
f 3662 3663 7741
f 3663 2551 3709
f 7741 3709 3710
f 7738 3710 3711
f 7748 7747 7744
f 7749 7748 7745
f 7751 7750 7747
f 7752 7751 7748
f 7744 3667 2531
f 7745 7744 3561
f 7746 7745 3560
f 3705 7746 3559
f 3704 7749 7746
f 3703 7752 7749
f 2545 3646 7752
f 3646 3647 7751
f 3647 3648 7750
f 3648 2546 3669
f 7750 3669 3668
f 7747 3668 3667
f 7757 7756 7753
f 7758 7757 7754
f 7760 7759 7756
f 7761 7760 7757
f 7753 3673 2526
f 7754 7753 3546
f 7755 7754 3545
f 3708 7755 3544
f 3707 7758 7755
f 3706 7761 7758
f 2540 3631 7761
f 3631 3632 7760
f 3632 3633 7759
f 3633 2541 3675
f 7759 3675 3674
f 7756 3674 3673
f 7766 7765 7762
f 7767 7766 7763
f 7769 7768 7765
f 7770 7769 7766
f 7762 3679 2537
f 7763 7762 3579
f 7764 7763 3578
f 3711 7764 3577
f 3710 7767 7764
f 3709 7770 7767
f 2551 3664 7770
f 3664 3665 7769
f 3665 3666 7768
f 3666 2552 3681
f 7768 3681 3680
f 7765 3680 3679
f 7775 7774 7771
f 7776 7775 7772
f 7778 7777 7774
f 7779 7778 7775
f 7771 3759 2551
f 7772 7771 3663
f 7773 7772 3662
f 3754 7773 3661
f 3755 7776 7773
f 3756 7779 7776
f 2565 3748 7779
f 3748 3749 7778
f 3749 3750 7777
f 3750 2566 3757
f 7777 3757 3758
f 7774 3758 3759
f 7784 7783 7780
f 7785 7784 7781
f 7787 7786 7783
f 7788 7787 7784
f 7780 3765 2546
f 7781 7780 3648
f 7782 7781 3647
f 3760 7782 3646
f 3761 7785 7782
f 3762 7788 7785
f 2560 3733 7788
f 3733 3734 7787
f 3734 3735 7786
f 3735 2561 3763
f 7786 3763 3764
f 7783 3764 3765
f 7793 7792 7789
f 7794 7793 7790
f 7796 7795 7792
f 7797 7796 7793
f 7789 3771 2541
f 7790 7789 3633
f 7791 7790 3632
f 3766 7791 3631
f 3767 7794 7791
f 3768 7797 7794
f 2555 3718 7797
f 3718 3719 7796
f 3719 3720 7795
f 3720 2556 3769
f 7795 3769 3770
f 7792 3770 3771
f 7802 7801 7798
f 7803 7802 7799
f 7805 7804 7801
f 7806 7805 7802
f 7798 3774 2552
f 7799 7798 3666
f 7800 7799 3665
f 3759 7800 3664
f 3758 7803 7800
f 3757 7806 7803
f 2566 3751 7806
f 3751 3752 7805
f 3752 3753 7804
f 3753 2567 3772
f 7804 3772 3773
f 7801 3773 3774
f 7811 7810 7807
f 7812 7811 7808
f 7814 7813 7810
f 7815 7814 7811
f 7807 3777 2547
f 7808 7807 3651
f 7809 7808 3650
f 3765 7809 3649
f 3764 7812 7809
f 3763 7815 7812
f 2561 3736 7815
f 3736 3737 7814
f 3737 3738 7813
f 3738 2562 3775
f 7813 3775 3776
f 7810 3776 3777
f 7820 7819 7816
f 7821 7820 7817
f 7823 7822 7819
f 7824 7823 7820
f 7816 3780 2542
f 7817 7816 3636
f 7818 7817 3635
f 3771 7818 3634
f 3770 7821 7818
f 3769 7824 7821
f 2556 3721 7824
f 3721 3722 7823
f 3722 3723 7822
f 3723 2557 3778
f 7822 3778 3779
f 7819 3779 3780
f 7829 7828 7825
f 7830 7829 7826
f 7832 7831 7828
f 7833 7832 7829
f 7825 3783 2548
f 7826 7825 3654
f 7827 7826 3653
f 3777 7827 3652
f 3776 7830 7827
f 3775 7833 7830
f 2562 3739 7833
f 3739 3740 7832
f 3740 3741 7831
f 3741 2563 3781
f 7831 3781 3782
f 7828 3782 3783
f 7838 7837 7834
f 7839 7838 7835
f 7841 7840 7837
f 7842 7841 7838
f 7834 3786 2543
f 7835 7834 3639
f 7836 7835 3638
f 3780 7836 3637
f 3779 7839 7836
f 3778 7842 7839
f 2557 3724 7842
f 3724 3725 7841
f 3725 3726 7840
f 3726 2558 3784
f 7840 3784 3785
f 7837 3785 3786
f 7847 7846 7843
f 7848 7847 7844
f 7850 7849 7846
f 7851 7850 7847
f 7843 3792 2549
f 7844 7843 3657
f 7845 7844 3656
f 3783 7845 3655
f 3782 7848 7845
f 3781 7851 7848
f 2563 3742 7851
f 3742 3743 7850
f 3743 3744 7849
f 3744 2564 3790
f 7849 3790 3791
f 7846 3791 3792
f 7856 7855 7852
f 7857 7856 7853
f 7859 7858 7855
f 7860 7859 7856
f 7852 3795 2544
f 7853 7852 3642
f 7854 7853 3641
f 3786 7854 3640
f 3785 7857 7854
f 3784 7860 7857
f 2558 3727 7860
f 3727 3728 7859
f 3728 3729 7858
f 3729 2559 3793
f 7858 3793 3794
f 7855 3794 3795
f 7865 7864 7861
f 7866 7865 7862
f 7868 7867 7864
f 7869 7868 7865
f 7861 3798 2539
f 7862 7861 3627
f 7863 7862 3626
f 3789 7863 3625
f 3788 7866 7863
f 3787 7869 7866
f 2553 3712 7869
f 3712 3713 7868
f 3713 3714 7867
f 3714 2554 3796
f 7867 3796 3797
f 7864 3797 3798
f 7874 7873 7870
f 7875 7874 7871
f 7877 7876 7873
f 7878 7877 7874
f 7870 3754 2550
f 7871 7870 3660
f 7872 7871 3659
f 3792 7872 3658
f 3791 7875 7872
f 3790 7878 7875
f 2564 3745 7878
f 3745 3746 7877
f 3746 3747 7876
f 3747 2565 3756
f 7876 3756 3755
f 7873 3755 3754
f 7883 7882 7879
f 7884 7883 7880
f 7886 7885 7882
f 7887 7886 7883
f 7879 3760 2545
f 7880 7879 3645
f 7881 7880 3644
f 3795 7881 3643
f 3794 7884 7881
f 3793 7887 7884
f 2559 3730 7887
f 3730 3731 7886
f 3731 3732 7885
f 3732 2560 3762
f 7885 3762 3761
f 7882 3761 3760
f 7892 7891 7888
f 7893 7892 7889
f 7895 7894 7891
f 7896 7895 7892
f 7888 3766 2540
f 7889 7888 3630
f 7890 7889 3629
f 3798 7890 3628
f 3797 7893 7890
f 3796 7896 7893
f 2554 3715 7896
f 3715 3716 7895
f 3716 3717 7894
f 3717 2555 3768
f 7894 3768 3767
f 7891 3767 3766
f 7901 7900 7897
f 7902 7901 7898
f 7904 7903 7900
f 7905 7904 7901
f 7897 3843 2554
f 7898 7897 3714
f 7899 7898 3713
f 3838 7899 3712
f 3839 7902 7899
f 3840 7905 7902
f 2568 3799 7905
f 3799 3800 7904
f 3800 3801 7903
f 3801 2569 3841
f 7903 3841 3842
f 7900 3842 3843
f 7910 7909 7906
f 7911 7910 7907
f 7913 7912 7909
f 7914 7913 7910
f 7906 3849 2565
f 7907 7906 3747
f 7908 7907 3746
f 3844 7908 3745
f 3845 7911 7908
f 3846 7914 7911
f 2579 3832 7914
f 3832 3833 7913
f 3833 3834 7912
f 3834 2580 3847
f 7912 3847 3848
f 7909 3848 3849
f 7919 7918 7915
f 7920 7919 7916
f 7922 7921 7918
f 7923 7922 7919
f 7915 3855 2560
f 7916 7915 3732
f 7917 7916 3731
f 3850 7917 3730
f 3851 7920 7917
f 3852 7923 7920
f 2574 3817 7923
f 3817 3818 7922
f 3818 3819 7921
f 3819 2575 3853
f 7921 3853 3854
f 7918 3854 3855
f 7928 7927 7924
f 7929 7928 7925
f 7931 7930 7927
f 7932 7931 7928
f 7924 3858 2555
f 7925 7924 3717
f 7926 7925 3716
f 3843 7926 3715
f 3842 7929 7926
f 3841 7932 7929
f 2569 3802 7932
f 3802 3803 7931
f 3803 3804 7930
f 3804 2570 3856
f 7930 3856 3857
f 7927 3857 3858
f 7937 7936 7933
f 7938 7937 7934
f 7940 7939 7936
f 7941 7940 7937
f 7933 3861 2566
f 7934 7933 3750
f 7935 7934 3749
f 3849 7935 3748
f 3848 7938 7935
f 3847 7941 7938
f 2580 3835 7941
f 3835 3836 7940
f 3836 3837 7939
f 3837 2581 3859
f 7939 3859 3860
f 7936 3860 3861
f 7946 7945 7942
f 7947 7946 7943
f 7949 7948 7945
f 7950 7949 7946
f 7942 3864 2561
f 7943 7942 3735
f 7944 7943 3734
f 3855 7944 3733
f 3854 7947 7944
f 3853 7950 7947
f 2575 3820 7950
f 3820 3821 7949
f 3821 3822 7948
f 3822 2576 3862
f 7948 3862 3863
f 7945 3863 3864
f 7955 7954 7951
f 7956 7955 7952
f 7958 7957 7954
f 7959 7958 7955
f 7951 3867 2556
f 7952 7951 3720
f 7953 7952 3719
f 3858 7953 3718
f 3857 7956 7953
f 3856 7959 7956
f 2570 3805 7959
f 3805 3806 7958
f 3806 3807 7957
f 3807 2571 3865
f 7957 3865 3866
f 7954 3866 3867
f 7964 7963 7960
f 7965 7964 7961
f 7967 7966 7963
f 7968 7967 7964
f 7960 3870 2562
f 7961 7960 3738
f 7962 7961 3737
f 3864 7962 3736
f 3863 7965 7962
f 3862 7968 7965
f 2576 3823 7968
f 3823 3824 7967
f 3824 3825 7966
f 3825 2577 3868
f 7966 3868 3869
f 7963 3869 3870
f 7973 7972 7969
f 7974 7973 7970
f 7976 7975 7972
f 7977 7976 7973
f 7969 3873 2557
f 7970 7969 3723
f 7971 7970 3722
f 3867 7971 3721
f 3866 7974 7971
f 3865 7977 7974
f 2571 3808 7977
f 3808 3809 7976
f 3809 3810 7975
f 3810 2572 3871
f 7975 3871 3872
f 7972 3872 3873
f 7982 7981 7978
f 7983 7982 7979
f 7985 7984 7981
f 7986 7985 7982
f 7978 3876 2563
f 7979 7978 3741
f 7980 7979 3740
f 3870 7980 3739
f 3869 7983 7980
f 3868 7986 7983
f 2577 3826 7986
f 3826 3827 7985
f 3827 3828 7984
f 3828 2578 3874
f 7984 3874 3875
f 7981 3875 3876
f 7991 7990 7987
f 7992 7991 7988
f 7994 7993 7990
f 7995 7994 7991
f 7987 3879 2558
f 7988 7987 3726
f 7989 7988 3725
f 3873 7989 3724
f 3872 7992 7989
f 3871 7995 7992
f 2572 3811 7995
f 3811 3812 7994
f 3812 3813 7993
f 3813 2573 3877
f 7993 3877 3878
f 7990 3878 3879
f 8000 7999 7996
f 8001 8000 7997
f 8003 8002 7999
f 8004 8003 8000
f 7996 3844 2564
f 7997 7996 3744
f 7998 7997 3743
f 3876 7998 3742
f 3875 8001 7998
f 3874 8004 8001
f 2578 3829 8004
f 3829 3830 8003
f 3830 3831 8002
f 3831 2579 3846
f 8002 3846 3845
f 7999 3845 3844
f 8009 8008 8005
f 8010 8009 8006
f 8012 8011 8008
f 8013 8012 8009
f 8005 3850 2559
f 8006 8005 3729
f 8007 8006 3728
f 3879 8007 3727
f 3878 8010 8007
f 3877 8013 8010
f 2573 3814 8013
f 3814 3815 8012
f 3815 3816 8011
f 3816 2574 3852
f 8011 3852 3851
f 8008 3851 3850
f 8018 8017 8014
f 8019 8018 8015
f 8021 8020 8017
f 8022 8021 8018
f 8014 3927 2573
f 8015 8014 3813
f 8016 8015 3812
f 3922 8016 3811
f 3923 8019 8016
f 3924 8022 8019
f 2586 3892 8022
f 3892 3893 8021
f 3893 3894 8020
f 3894 2587 3925
f 8020 3925 3926
f 8017 3926 3927
f 8027 8026 8023
f 8028 8027 8024
f 8030 8029 8026
f 8031 8030 8027
f 8023 3936 2579
f 8024 8023 3831
f 8025 8024 3830
f 3931 8025 3829
f 3932 8028 8025
f 3933 8031 8028
f 2592 3910 8031
f 3910 3911 8030
f 3911 3912 8029
f 3912 2593 3934
f 8029 3934 3935
f 8026 3935 3936
f 8036 8035 8032
f 8037 8036 8033
f 8039 8038 8035
f 8040 8039 8036
f 8032 3939 2574
f 8033 8032 3816
f 8034 8033 3815
f 3927 8034 3814
f 3926 8037 8034
f 3925 8040 8037
f 2587 3895 8040
f 3895 3896 8039
f 3896 3897 8038
f 3897 2588 3937
f 8038 3937 3938
f 8035 3938 3939
f 8045 8044 8041
f 8046 8045 8042
f 8048 8047 8044
f 8049 8048 8045
f 8041 3942 2569
f 8042 8041 3801
f 8043 8042 3800
f 3930 8043 3799
f 3929 8046 8043
f 3928 8049 8046
f 2582 3880 8049
f 3880 3881 8048
f 3881 3882 8047
f 3882 2583 3940
f 8047 3940 3941
f 8044 3941 3942
f 8054 8053 8050
f 8055 8054 8051
f 8057 8056 8053
f 8058 8057 8054
f 8050 3945 2580
f 8051 8050 3834
f 8052 8051 3833
f 3936 8052 3832
f 3935 8055 8052
f 3934 8058 8055
f 2593 3913 8058
f 3913 3914 8057
f 3914 3915 8056
f 3915 2594 3943
f 8056 3943 3944
f 8053 3944 3945
f 8063 8062 8059
f 8064 8063 8060
f 8066 8065 8062
f 8067 8066 8063
f 8059 3948 2575
f 8060 8059 3819
f 8061 8060 3818
f 3939 8061 3817
f 3938 8064 8061
f 3937 8067 8064
f 2588 3898 8067
f 3898 3899 8066
f 3899 3900 8065
f 3900 2589 3946
f 8065 3946 3947
f 8062 3947 3948
f 8072 8071 8068
f 8073 8072 8069
f 8075 8074 8071
f 8076 8075 8072
f 8068 3951 2570
f 8069 8068 3804
f 8070 8069 3803
f 3942 8070 3802
f 3941 8073 8070
f 3940 8076 8073
f 2583 3883 8076
f 3883 3884 8075
f 3884 3885 8074
f 3885 2584 3949
f 8074 3949 3950
f 8071 3950 3951
f 8081 8080 8077
f 8082 8081 8078
f 8084 8083 8080
f 8085 8084 8081
f 8077 3954 2581
f 8078 8077 3837
f 8079 8078 3836
f 3945 8079 3835
f 3944 8082 8079
f 3943 8085 8082
f 2594 3916 8085
f 3916 3917 8084
f 3917 3918 8083
f 3918 2595 3952
f 8083 3952 3953
f 8080 3953 3954
f 8090 8089 8086
f 8091 8090 8087
f 8093 8092 8089
f 8094 8093 8090
f 8086 3957 2576
f 8087 8086 3822
f 8088 8087 3821
f 3948 8088 3820
f 3947 8091 8088
f 3946 8094 8091
f 2589 3901 8094
f 3901 3902 8093
f 3902 3903 8092
f 3903 2590 3955
f 8092 3955 3956
f 8089 3956 3957
f 8099 8098 8095
f 8100 8099 8096
f 8102 8101 8098
f 8103 8102 8099
f 8095 3960 2571
f 8096 8095 3807
f 8097 8096 3806
f 3951 8097 3805
f 3950 8100 8097
f 3949 8103 8100
f 2584 3886 8103
f 3886 3887 8102
f 3887 3888 8101
f 3888 2585 3958
f 8101 3958 3959
f 8098 3959 3960
f 8108 8107 8104
f 8109 8108 8105
f 8111 8110 8107
f 8112 8111 8108
f 8104 3963 2577
f 8105 8104 3825
f 8106 8105 3824
f 3957 8106 3823
f 3956 8109 8106
f 3955 8112 8109
f 2590 3904 8112
f 3904 3905 8111
f 3905 3906 8110
f 3906 2591 3961
f 8110 3961 3962
f 8107 3962 3963
f 8117 8116 8113
f 8118 8117 8114
f 8120 8119 8116
f 8121 8120 8117
f 8113 3922 2572
f 8114 8113 3810
f 8115 8114 3809
f 3960 8115 3808
f 3959 8118 8115
f 3958 8121 8118
f 2585 3889 8121
f 3889 3890 8120
f 3890 3891 8119
f 3891 2586 3924
f 8119 3924 3923
f 8116 3923 3922
f 8126 8125 8122
f 8127 8126 8123
f 8129 8128 8125
f 8130 8129 8126
f 8122 3931 2578
f 8123 8122 3828
f 8124 8123 3827
f 3963 8124 3826
f 3962 8127 8124
f 3961 8130 8127
f 2591 3907 8130
f 3907 3908 8129
f 3908 3909 8128
f 3909 2592 3933
f 8128 3933 3932
f 8125 3932 3931
f 8135 8134 8131
f 8136 8135 8132
f 8138 8137 8134
f 8139 8138 8135
f 8131 4011 2591
f 8132 8131 3906
f 8133 8132 3905
f 4006 8133 3904
f 4007 8136 8133
f 4008 8139 8136
f 2605 3988 8139
f 3988 3989 8138
f 3989 3990 8137
f 3990 2606 4009
f 8137 4009 4010
f 8134 4010 4011
f 8144 8143 8140
f 8145 8144 8141
f 8147 8146 8143
f 8148 8147 8144
f 8140 4017 2586
f 8141 8140 3891
f 8142 8141 3890
f 4012 8142 3889
f 4013 8145 8142
f 4014 8148 8145
f 2600 3973 8148
f 3973 3974 8147
f 3974 3975 8146
f 3975 2601 4015
f 8146 4015 4016
f 8143 4016 4017
f 8153 8152 8149
f 8154 8153 8150
f 8156 8155 8152
f 8157 8156 8153
f 8149 4023 2592
f 8150 8149 3909
f 8151 8150 3908
f 4011 8151 3907
f 4010 8154 8151
f 4009 8157 8154
f 2606 3991 8157
f 3991 3992 8156
f 3992 3993 8155
f 3993 2607 4021
f 8155 4021 4022
f 8152 4022 4023
f 8162 8161 8158
f 8163 8162 8159
f 8165 8164 8161
f 8166 8165 8162
f 8158 4026 2587
f 8159 8158 3894
f 8160 8159 3893
f 4017 8160 3892
f 4016 8163 8160
f 4015 8166 8163
f 2601 3976 8166
f 3976 3977 8165
f 3977 3978 8164
f 3978 2602 4024
f 8164 4024 4025
f 8161 4025 4026
f 8171 8170 8167
f 8172 8171 8168
f 8174 8173 8170
f 8175 8174 8171
f 8167 4032 2593
f 8168 8167 3912
f 8169 8168 3911
f 4023 8169 3910
f 4022 8172 8169
f 4021 8175 8172
f 2607 3994 8175
f 3994 3995 8174
f 3995 3996 8173
f 3996 2608 4030
f 8173 4030 4031
f 8170 4031 4032
f 8180 8179 8176
f 8181 8180 8177
f 8183 8182 8179
f 8184 8183 8180
f 8176 4035 2588
f 8177 8176 3897
f 8178 8177 3896
f 4026 8178 3895
f 4025 8181 8178
f 4024 8184 8181
f 2602 3979 8184
f 3979 3980 8183
f 3980 3981 8182
f 3981 2603 4033
f 8182 4033 4034
f 8179 4034 4035
f 8189 8188 8185
f 8190 8189 8186
f 8192 8191 8188
f 8193 8192 8189
f 8185 4038 2583
f 8186 8185 3882
f 8187 8186 3881
f 4029 8187 3880
f 4028 8190 8187
f 4027 8193 8190
f 2597 3964 8193
f 3964 3965 8192
f 3965 3966 8191
f 3966 2598 4036
f 8191 4036 4037
f 8188 4037 4038
f 8198 8197 8194
f 8199 8198 8195
f 8201 8200 8197
f 8202 8201 8198
f 8194 4041 2594
f 8195 8194 3915
f 8196 8195 3914
f 4032 8196 3913
f 4031 8199 8196
f 4030 8202 8199
f 2608 3997 8202
f 3997 3998 8201
f 3998 3999 8200
f 3999 2609 4039
f 8200 4039 4040
f 8197 4040 4041
f 8207 8206 8203
f 8208 8207 8204
f 8210 8209 8206
f 8211 8210 8207
f 8203 4044 2589
f 8204 8203 3900
f 8205 8204 3899
f 4035 8205 3898
f 4034 8208 8205
f 4033 8211 8208
f 2603 3982 8211
f 3982 3983 8210
f 3983 3984 8209
f 3984 2604 4042
f 8209 4042 4043
f 8206 4043 4044
f 8216 8215 8212
f 8217 8216 8213
f 8219 8218 8215
f 8220 8219 8216
f 8212 4047 2584
f 8213 8212 3885
f 8214 8213 3884
f 4038 8214 3883
f 4037 8217 8214
f 4036 8220 8217
f 2598 3967 8220
f 3967 3968 8219
f 3968 3969 8218
f 3969 2599 4045
f 8218 4045 4046
f 8215 4046 4047
f 8225 8224 8221
f 8226 8225 8222
f 8228 8227 8224
f 8229 8228 8225
f 8221 4050 2595
f 8222 8221 3918
f 8223 8222 3917
f 4041 8223 3916
f 4040 8226 8223
f 4039 8229 8226
f 2609 4000 8229
f 4000 4001 8228
f 4001 4002 8227
f 4002 2610 4048
f 8227 4048 4049
f 8224 4049 4050
f 8234 8233 8230
f 8235 8234 8231
f 8237 8236 8233
f 8238 8237 8234
f 8230 4006 2590
f 8231 8230 3903
f 8232 8231 3902
f 4044 8232 3901
f 4043 8235 8232
f 4042 8238 8235
f 2604 3985 8238
f 3985 3986 8237
f 3986 3987 8236
f 3987 2605 4008
f 8236 4008 4007
f 8233 4007 4006
f 8243 8242 8239
f 8244 8243 8240
f 8246 8245 8242
f 8247 8246 8243
f 8239 4012 2585
f 8240 8239 3888
f 8241 8240 3887
f 4047 8241 3886
f 4046 8244 8241
f 4045 8247 8244
f 2599 3970 8247
f 3970 3971 8246
f 3971 3972 8245
f 3972 2600 4014
f 8245 4014 4013
f 8242 4013 4012
f 8252 8251 8248
f 8253 8252 8249
f 8255 8254 8251
f 8256 8255 8252
f 8248 4018 2596
f 8249 8248 3921
f 8250 8249 3920
f 4050 8250 3919
f 4049 8253 8250
f 4048 8256 8253
f 2610 4003 8256
f 4003 4004 8255
f 4004 4005 8254
f 4005 2611 4020
f 8254 4020 4019
f 8251 4019 4018
f 8261 8260 8257
f 8262 8261 8258
f 8264 8263 8260
f 8265 8264 8261
f 8257 4095 2610
f 8258 8257 4002
f 8259 8258 4001
f 4090 8259 4000
f 4091 8262 8259
f 4092 8265 8262
f 2624 4087 8265
f 4087 4088 8264
f 4088 4089 8263
f 4089 2625 4093
f 8263 4093 4094
f 8260 4094 4095
f 8270 8269 8266
f 8271 8270 8267
f 8273 8272 8269
f 8274 8273 8270
f 8266 4101 2605
f 8267 8266 3987
f 8268 8267 3986
f 4096 8268 3985
f 4097 8271 8268
f 4098 8274 8271
f 2619 4072 8274
f 4072 4073 8273
f 4073 4074 8272
f 4074 2620 4099
f 8272 4099 4100
f 8269 4100 4101
f 8279 8278 8275
f 8280 8279 8276
f 8282 8281 8278
f 8283 8282 8279
f 8275 4107 2600
f 8276 8275 3972
f 8277 8276 3971
f 4102 8277 3970
f 4103 8280 8277
f 4104 8283 8280
f 2614 4057 8283
f 4057 4058 8282
f 4058 4059 8281
f 4059 2615 4105
f 8281 4105 4106
f 8278 4106 4107
f 8288 8287 8284
f 8289 8288 8285
f 8291 8290 8287
f 8292 8291 8288
f 8284 4110 2606
f 8285 8284 3990
f 8286 8285 3989
f 4101 8286 3988
f 4100 8289 8286
f 4099 8292 8289
f 2620 4075 8292
f 4075 4076 8291
f 4076 4077 8290
f 4077 2621 4108
f 8290 4108 4109
f 8287 4109 4110
f 8297 8296 8293
f 8298 8297 8294
f 8300 8299 8296
f 8301 8300 8297
f 8293 4113 2601
f 8294 8293 3975
f 8295 8294 3974
f 4107 8295 3973
f 4106 8298 8295
f 4105 8301 8298
f 2615 4060 8301
f 4060 4061 8300
f 4061 4062 8299
f 4062 2616 4111
f 8299 4111 4112
f 8296 4112 4113
f 8306 8305 8302
f 8307 8306 8303
f 8309 8308 8305
f 8310 8309 8306
f 8302 4116 2607
f 8303 8302 3993
f 8304 8303 3992
f 4110 8304 3991
f 4109 8307 8304
f 4108 8310 8307
f 2621 4078 8310
f 4078 4079 8309
f 4079 4080 8308
f 4080 2622 4114
f 8308 4114 4115
f 8305 4115 4116
f 8315 8314 8311
f 8316 8315 8312
f 8318 8317 8314
f 8319 8318 8315
f 8311 4119 2602
f 8312 8311 3978
f 8313 8312 3977
f 4113 8313 3976
f 4112 8316 8313
f 4111 8319 8316
f 2616 4063 8319
f 4063 4064 8318
f 4064 4065 8317
f 4065 2617 4117
f 8317 4117 4118
f 8314 4118 4119
f 8324 8323 8320
f 8325 8324 8321
f 8327 8326 8323
f 8328 8327 8324
f 8320 4125 2608
f 8321 8320 3996
f 8322 8321 3995
f 4116 8322 3994
f 4115 8325 8322
f 4114 8328 8325
f 2622 4081 8328
f 4081 4082 8327
f 4082 4083 8326
f 4083 2623 4123
f 8326 4123 4124
f 8323 4124 4125
f 8333 8332 8329
f 8334 8333 8330
f 8336 8335 8332
f 8337 8336 8333
f 8329 4128 2603
f 8330 8329 3981
f 8331 8330 3980
f 4119 8331 3979
f 4118 8334 8331
f 4117 8337 8334
f 2617 4066 8337
f 4066 4067 8336
f 4067 4068 8335
f 4068 2618 4126
f 8335 4126 4127
f 8332 4127 4128
f 8342 8341 8338
f 8343 8342 8339
f 8345 8344 8341
f 8346 8345 8342
f 8338 4131 2598
f 8339 8338 3966
f 8340 8339 3965
f 4122 8340 3964
f 4121 8343 8340
f 4120 8346 8343
f 2612 4051 8346
f 4051 4052 8345
f 4052 4053 8344
f 4053 2613 4129
f 8344 4129 4130
f 8341 4130 4131
f 8351 8350 8347
f 8352 8351 8348
f 8354 8353 8350
f 8355 8354 8351
f 8347 4090 2609
f 8348 8347 3999
f 8349 8348 3998
f 4125 8349 3997
f 4124 8352 8349
f 4123 8355 8352
f 2623 4084 8355
f 4084 4085 8354
f 4085 4086 8353
f 4086 2624 4092
f 8353 4092 4091
f 8350 4091 4090
f 8360 8359 8356
f 8361 8360 8357
f 8363 8362 8359
f 8364 8363 8360
f 8356 4096 2604
f 8357 8356 3984
f 8358 8357 3983
f 4128 8358 3982
f 4127 8361 8358
f 4126 8364 8361
f 2618 4069 8364
f 4069 4070 8363
f 4070 4071 8362
f 4071 2619 4098
f 8362 4098 4097
f 8359 4097 4096
f 8369 8368 8365
f 8370 8369 8366
f 8372 8371 8368
f 8373 8372 8369
f 8365 4102 2599
f 8366 8365 3969
f 8367 8366 3968
f 4131 8367 3967
f 4130 8370 8367
f 4129 8373 8370
f 2613 4054 8373
f 4054 4055 8372
f 4055 4056 8371
f 4056 2614 4104
f 8371 4104 4103
f 8368 4103 4102
f 8378 8377 8374
f 8379 8378 8375
f 8381 8380 8377
f 8382 8381 8378
f 8374 4179 2624
f 8375 8374 4086
f 8376 8375 4085
f 4174 8376 4084
f 4175 8379 8376
f 4176 8382 8379
f 2637 4165 8382
f 4165 4166 8381
f 4166 4167 8380
f 4167 2638 4177
f 8380 4177 4178
f 8377 4178 4179
f 8387 8386 8383
f 8388 8387 8384
f 8390 8389 8386
f 8391 8390 8387
f 8383 4185 2619
f 8384 8383 4071
f 8385 8384 4070
f 4180 8385 4069
f 4181 8388 8385
f 4182 8391 8388
f 2632 4150 8391
f 4150 4151 8390
f 4151 4152 8389
f 4152 2633 4183
f 8389 4183 4184
f 8386 4184 4185
f 8396 8395 8392
f 8397 8396 8393
f 8399 8398 8395
f 8400 8399 8396
f 8392 4191 2614
f 8393 8392 4056
f 8394 8393 4055
f 4186 8394 4054
f 4187 8397 8394
f 4188 8400 8397
f 2627 4135 8400
f 4135 4136 8399
f 4136 4137 8398
f 4137 2628 4189
f 8398 4189 4190
f 8395 4190 4191
f 8405 8404 8401
f 8406 8405 8402
f 8408 8407 8404
f 8409 8408 8405
f 8401 4194 2625
f 8402 8401 4089
f 8403 8402 4088
f 4179 8403 4087
f 4178 8406 8403
f 4177 8409 8406
f 2638 4168 8409
f 4168 4169 8408
f 4169 4170 8407
f 4170 2639 4192
f 8407 4192 4193
f 8404 4193 4194
f 8414 8413 8410
f 8415 8414 8411
f 8417 8416 8413
f 8418 8417 8414
f 8410 4197 2620
f 8411 8410 4074
f 8412 8411 4073
f 4185 8412 4072
f 4184 8415 8412
f 4183 8418 8415
f 2633 4153 8418
f 4153 4154 8417
f 4154 4155 8416
f 4155 2634 4195
f 8416 4195 4196
f 8413 4196 4197
f 8423 8422 8419
f 8424 8423 8420
f 8426 8425 8422
f 8427 8426 8423
f 8419 4200 2615
f 8420 8419 4059
f 8421 8420 4058
f 4191 8421 4057
f 4190 8424 8421
f 4189 8427 8424
f 2628 4138 8427
f 4138 4139 8426
f 4139 4140 8425
f 4140 2629 4198
f 8425 4198 4199
f 8422 4199 4200
f 8432 8431 8428
f 8433 8432 8429
f 8435 8434 8431
f 8436 8435 8432
f 8428 4203 2621
f 8429 8428 4077
f 8430 8429 4076
f 4197 8430 4075
f 4196 8433 8430
f 4195 8436 8433
f 2634 4156 8436
f 4156 4157 8435
f 4157 4158 8434
f 4158 2635 4201
f 8434 4201 4202
f 8431 4202 4203
f 8441 8440 8437
f 8442 8441 8438
f 8444 8443 8440
f 8445 8444 8441
f 8437 4206 2616
f 8438 8437 4062
f 8439 8438 4061
f 4200 8439 4060
f 4199 8442 8439
f 4198 8445 8442
f 2629 4141 8445
f 4141 4142 8444
f 4142 4143 8443
f 4143 2630 4204
f 8443 4204 4205
f 8440 4205 4206
f 8450 8449 8446
f 8451 8450 8447
f 8453 8452 8449
f 8454 8453 8450
f 8446 4209 2622
f 8447 8446 4080
f 8448 8447 4079
f 4203 8448 4078
f 4202 8451 8448
f 4201 8454 8451
f 2635 4159 8454
f 4159 4160 8453
f 4160 4161 8452
f 4161 2636 4207
f 8452 4207 4208
f 8449 4208 4209
f 8459 8458 8455
f 8460 8459 8456
f 8462 8461 8458
f 8463 8462 8459
f 8455 4212 2617
f 8456 8455 4065
f 8457 8456 4064
f 4206 8457 4063
f 4205 8460 8457
f 4204 8463 8460
f 2630 4144 8463
f 4144 4145 8462
f 4145 4146 8461
f 4146 2631 4210
f 8461 4210 4211
f 8458 4211 4212
f 8468 8467 8464
f 8469 8468 8465
f 8471 8470 8467
f 8472 8471 8468
f 8464 4174 2623
f 8465 8464 4083
f 8466 8465 4082
f 4209 8466 4081
f 4208 8469 8466
f 4207 8472 8469
f 2636 4162 8472
f 4162 4163 8471
f 4163 4164 8470
f 4164 2637 4176
f 8470 4176 4175
f 8467 4175 4174
f 8477 8476 8473
f 8478 8477 8474
f 8480 8479 8476
f 8481 8480 8477
f 8473 4180 2618
f 8474 8473 4068
f 8475 8474 4067
f 4212 8475 4066
f 4211 8478 8475
f 4210 8481 8478
f 2631 4147 8481
f 4147 4148 8480
f 4148 4149 8479
f 4149 2632 4182
f 8479 4182 4181
f 8476 4181 4180
f 8486 8485 8482
f 8487 8486 8483
f 8489 8488 8485
f 8490 8489 8486
f 8482 4186 2613
f 8483 8482 4053
f 8484 8483 4052
f 4215 8484 4051
f 4214 8487 8484
f 4213 8490 8487
f 2626 4132 8490
f 4132 4133 8489
f 4133 4134 8488
f 4134 2627 4188
f 8488 4188 4187
f 8485 4187 4186
f 8495 8494 8491
f 8496 8495 8492
f 8498 8497 8494
f 8499 8498 8495
f 8491 4266 2637
f 8492 8491 4164
f 8493 8492 4163
f 4261 8493 4162
f 4262 8496 8493
f 4263 8499 8496
f 2651 4246 8499
f 4246 4247 8498
f 4247 4248 8497
f 4248 2652 4264
f 8497 4264 4265
f 8494 4265 4266
f 8504 8503 8500
f 8505 8504 8501
f 8507 8506 8503
f 8508 8507 8504
f 8500 4272 2632
f 8501 8500 4149
f 8502 8501 4148
f 4267 8502 4147
f 4268 8505 8502
f 4269 8508 8505
f 2646 4231 8508
f 4231 4232 8507
f 4232 4233 8506
f 4233 2647 4270
f 8506 4270 4271
f 8503 4271 4272
f 8513 8512 8509
f 8514 8513 8510
f 8516 8515 8512
f 8517 8516 8513
f 8509 4275 2627
f 8510 8509 4134
f 8511 8510 4133
f 4260 8511 4132
f 4259 8514 8511
f 4258 8517 8514
f 2641 4216 8517
f 4216 4217 8516
f 4217 4218 8515
f 4218 2642 4273
f 8515 4273 4274
f 8512 4274 4275
f 8522 8521 8518
f 8523 8522 8519
f 8525 8524 8521
f 8526 8525 8522
f 8518 4278 2638
f 8519 8518 4167
f 8520 8519 4166
f 4266 8520 4165
f 4265 8523 8520
f 4264 8526 8523
f 2652 4249 8526
f 4249 4250 8525
f 4250 4251 8524
f 4251 2653 4276
f 8524 4276 4277
f 8521 4277 4278
f 8531 8530 8527
f 8532 8531 8528
f 8534 8533 8530
f 8535 8534 8531
f 8527 4281 2633
f 8528 8527 4152
f 8529 8528 4151
f 4272 8529 4150
f 4271 8532 8529
f 4270 8535 8532
f 2647 4234 8535
f 4234 4235 8534
f 4235 4236 8533
f 4236 2648 4279
f 8533 4279 4280
f 8530 4280 4281
f 8540 8539 8536
f 8541 8540 8537
f 8543 8542 8539
f 8544 8543 8540
f 8536 4284 2628
f 8537 8536 4137
f 8538 8537 4136
f 4275 8538 4135
f 4274 8541 8538
f 4273 8544 8541
f 2642 4219 8544
f 4219 4220 8543
f 4220 4221 8542
f 4221 2643 4282
f 8542 4282 4283
f 8539 4283 4284
f 8549 8548 8545
f 8550 8549 8546
f 8552 8551 8548
f 8553 8552 8549
f 8545 4287 2639
f 8546 8545 4170
f 8547 8546 4169
f 4278 8547 4168
f 4277 8550 8547
f 4276 8553 8550
f 2653 4252 8553
f 4252 4253 8552
f 4253 4254 8551
f 4254 2654 4285
f 8551 4285 4286
f 8548 4286 4287
f 8558 8557 8554
f 8559 8558 8555
f 8561 8560 8557
f 8562 8561 8558
f 8554 4290 2634
f 8555 8554 4155
f 8556 8555 4154
f 4281 8556 4153
f 4280 8559 8556
f 4279 8562 8559
f 2648 4237 8562
f 4237 4238 8561
f 4238 4239 8560
f 4239 2649 4288
f 8560 4288 4289
f 8557 4289 4290
f 8567 8566 8563
f 8568 8567 8564
f 8570 8569 8566
f 8571 8570 8567
f 8563 4293 2629
f 8564 8563 4140
f 8565 8564 4139
f 4284 8565 4138
f 4283 8568 8565
f 4282 8571 8568
f 2643 4222 8571
f 4222 4223 8570
f 4223 4224 8569
f 4224 2644 4291
f 8569 4291 4292
f 8566 4292 4293
f 8576 8575 8572
f 8577 8576 8573
f 8579 8578 8575
f 8580 8579 8576
f 8572 4296 2640
f 8573 8572 4173
f 8574 8573 4172
f 4287 8574 4171
f 4286 8577 8574
f 4285 8580 8577
f 2654 4255 8580
f 4255 4256 8579
f 4256 4257 8578
f 4257 2655 4294
f 8578 4294 4295
f 8575 4295 4296
f 8585 8584 8581
f 8586 8585 8582
f 8588 8587 8584
f 8589 8588 8585
f 8581 4299 2635
f 8582 8581 4158
f 8583 8582 4157
f 4290 8583 4156
f 4289 8586 8583
f 4288 8589 8586
f 2649 4240 8589
f 4240 4241 8588
f 4241 4242 8587
f 4242 2650 4297
f 8587 4297 4298
f 8584 4298 4299
f 8594 8593 8590
f 8595 8594 8591
f 8597 8596 8593
f 8598 8597 8594
f 8590 4302 2630
f 8591 8590 4143
f 8592 8591 4142
f 4293 8592 4141
f 4292 8595 8592
f 4291 8598 8595
f 2644 4225 8598
f 4225 4226 8597
f 4226 4227 8596
f 4227 2645 4300
f 8596 4300 4301
f 8593 4301 4302
f 8603 8602 8599
f 8604 8603 8600
f 8606 8605 8602
f 8607 8606 8603
f 8599 4261 2636
f 8600 8599 4161
f 8601 8600 4160
f 4299 8601 4159
f 4298 8604 8601
f 4297 8607 8604
f 2650 4243 8607
f 4243 4244 8606
f 4244 4245 8605
f 4245 2651 4263
f 8605 4263 4262
f 8602 4262 4261
f 8612 8611 8608
f 8613 8612 8609
f 8615 8614 8611
f 8616 8615 8612
f 8608 4267 2631
f 8609 8608 4146
f 8610 8609 4145
f 4302 8610 4144
f 4301 8613 8610
f 4300 8616 8613
f 2645 4228 8616
f 4228 4229 8615
f 4229 4230 8614
f 4230 2646 4269
f 8614 4269 4268
f 8611 4268 4267
f 8621 8620 8617
f 8622 8621 8618
f 8624 8623 8620
f 8625 8624 8621
f 8617 4350 2645
f 8618 8617 4227
f 8619 8618 4226
f 4345 8619 4225
f 4346 8622 8619
f 4347 8625 8622
f 2659 4312 8625
f 4312 4313 8624
f 4313 4314 8623
f 4314 2660 4348
f 8623 4348 4349
f 8620 4349 4350
f 8630 8629 8626
f 8631 8630 8627
f 8633 8632 8629
f 8634 8633 8630
f 8626 4359 2651
f 8627 8626 4245
f 8628 8627 4244
f 4354 8628 4243
f 4355 8631 8628
f 4356 8634 8631
f 2665 4330 8634
f 4330 4331 8633
f 4331 4332 8632
f 4332 2666 4357
f 8632 4357 4358
f 8629 4358 4359
f 8639 8638 8635
f 8640 8639 8636
f 8642 8641 8638
f 8643 8642 8639
f 8635 4362 2646
f 8636 8635 4230
f 8637 8636 4229
f 4350 8637 4228
f 4349 8640 8637
f 4348 8643 8640
f 2660 4315 8643
f 4315 4316 8642
f 4316 4317 8641
f 4317 2661 4360
f 8641 4360 4361
f 8638 4361 4362
f 8648 8647 8644
f 8649 8648 8645
f 8651 8650 8647
f 8652 8651 8648
f 8644 4368 2652
f 8645 8644 4248
f 8646 8645 4247
f 4359 8646 4246
f 4358 8649 8646
f 4357 8652 8649
f 2666 4333 8652
f 4333 4334 8651
f 4334 4335 8650
f 4335 2667 4366
f 8650 4366 4367
f 8647 4367 4368
f 8657 8656 8653
f 8658 8657 8654
f 8660 8659 8656
f 8661 8660 8657
f 8653 4371 2647
f 8654 8653 4233
f 8655 8654 4232
f 4362 8655 4231
f 4361 8658 8655
f 4360 8661 8658
f 2661 4318 8661
f 4318 4319 8660
f 4319 4320 8659
f 4320 2662 4369
f 8659 4369 4370
f 8656 4370 4371
f 8666 8665 8662
f 8667 8666 8663
f 8669 8668 8665
f 8670 8669 8666
f 8662 4374 2642
f 8663 8662 4218
f 8664 8663 4217
f 4365 8664 4216
f 4364 8667 8664
f 4363 8670 8667
f 2656 4303 8670
f 4303 4304 8669
f 4304 4305 8668
f 4305 2657 4372
f 8668 4372 4373
f 8665 4373 4374
f 8675 8674 8671
f 8676 8675 8672
f 8678 8677 8674
f 8679 8678 8675
f 8671 4377 2653
f 8672 8671 4251
f 8673 8672 4250
f 4368 8673 4249
f 4367 8676 8673
f 4366 8679 8676
f 2667 4336 8679
f 4336 4337 8678
f 4337 4338 8677
f 4338 2668 4375
f 8677 4375 4376
f 8674 4376 4377
f 8684 8683 8680
f 8685 8684 8681
f 8687 8686 8683
f 8688 8687 8684
f 8680 4380 2648
f 8681 8680 4236
f 8682 8681 4235
f 4371 8682 4234
f 4370 8685 8682
f 4369 8688 8685
f 2662 4321 8688
f 4321 4322 8687
f 4322 4323 8686
f 4323 2663 4378
f 8686 4378 4379
f 8683 4379 4380
f 8693 8692 8689
f 8694 8693 8690
f 8696 8695 8692
f 8697 8696 8693
f 8689 4383 2643
f 8690 8689 4221
f 8691 8690 4220
f 4374 8691 4219
f 4373 8694 8691
f 4372 8697 8694
f 2657 4306 8697
f 4306 4307 8696
f 4307 4308 8695
f 4308 2658 4381
f 8695 4381 4382
f 8692 4382 4383
f 8702 8701 8698
f 8703 8702 8699
f 8705 8704 8701
f 8706 8705 8702
f 8698 4386 2654
f 8699 8698 4254
f 8700 8699 4253
f 4377 8700 4252
f 4376 8703 8700
f 4375 8706 8703
f 2668 4339 8706
f 4339 4340 8705
f 4340 4341 8704
f 4341 2669 4384
f 8704 4384 4385
f 8701 4385 4386
f 8711 8710 8707
f 8712 8711 8708
f 8714 8713 8710
f 8715 8714 8711
f 8707 4389 2649
f 8708 8707 4239
f 8709 8708 4238
f 4380 8709 4237
f 4379 8712 8709
f 4378 8715 8712
f 2663 4324 8715
f 4324 4325 8714
f 4325 4326 8713
f 4326 2664 4387
f 8713 4387 4388
f 8710 4388 4389
f 8720 8719 8716
f 8721 8720 8717
f 8723 8722 8719
f 8724 8723 8720
f 8716 4345 2644
f 8717 8716 4224
f 8718 8717 4223
f 4383 8718 4222
f 4382 8721 8718
f 4381 8724 8721
f 2658 4309 8724
f 4309 4310 8723
f 4310 4311 8722
f 4311 2659 4347
f 8722 4347 4346
f 8719 4346 4345
f 8729 8728 8725
f 8730 8729 8726
f 8732 8731 8728
f 8733 8732 8729
f 8725 4351 2655
f 8726 8725 4257
f 8727 8726 4256
f 4386 8727 4255
f 4385 8730 8727
f 4384 8733 8730
f 2669 4342 8733
f 4342 4343 8732
f 4343 4344 8731
f 4344 2670 4353
f 8731 4353 4352
f 8728 4352 4351
f 8738 8737 8734
f 8739 8738 8735
f 8741 8740 8737
f 8742 8741 8738
f 8734 4354 2650
f 8735 8734 4242
f 8736 8735 4241
f 4389 8736 4240
f 4388 8739 8736
f 4387 8742 8739
f 2664 4327 8742
f 4327 4328 8741
f 4328 4329 8740
f 4329 2665 4356
f 8740 4356 4355
f 8737 4355 4354
f 8747 8746 8743
f 8748 8747 8744
f 8750 8749 8746
f 8751 8750 8747
f 8743 4434 2664
f 8744 8743 4326
f 8745 8744 4325
f 4429 8745 4324
f 4430 8748 8745
f 4431 8751 8748
f 2678 4411 8751
f 4411 4412 8750
f 4412 4413 8749
f 4413 2679 4432
f 8749 4432 4433
f 8746 4433 4434
f 8756 8755 8752
f 8757 8756 8753
f 8759 8758 8755
f 8760 8759 8756
f 8752 4440 2659
f 8753 8752 4311
f 8754 8753 4310
f 4435 8754 4309
f 4436 8757 8754
f 4437 8760 8757
f 2673 4396 8760
f 4396 4397 8759
f 4397 4398 8758
f 4398 2674 4438
f 8758 4438 4439
f 8755 4439 4440
f 8765 8764 8761
f 8766 8765 8762
f 8768 8767 8764
f 8769 8768 8765
f 8761 4446 2665
f 8762 8761 4329
f 8763 8762 4328
f 4434 8763 4327
f 4433 8766 8763
f 4432 8769 8766
f 2679 4414 8769
f 4414 4415 8768
f 4415 4416 8767
f 4416 2680 4444
f 8767 4444 4445
f 8764 4445 4446
f 8774 8773 8770
f 8775 8774 8771
f 8777 8776 8773
f 8778 8777 8774
f 8770 4449 2660
f 8771 8770 4314
f 8772 8771 4313
f 4440 8772 4312
f 4439 8775 8772
f 4438 8778 8775
f 2674 4399 8778
f 4399 4400 8777
f 4400 4401 8776
f 4401 2675 4447
f 8776 4447 4448
f 8773 4448 4449
f 8783 8782 8779
f 8784 8783 8780
f 8786 8785 8782
f 8787 8786 8783
f 8779 4452 2666
f 8780 8779 4332
f 8781 8780 4331
f 4446 8781 4330
f 4445 8784 8781
f 4444 8787 8784
f 2680 4417 8787
f 4417 4418 8786
f 4418 4419 8785
f 4419 2681 4450
f 8785 4450 4451
f 8782 4451 4452
f 8792 8791 8788
f 8793 8792 8789
f 8795 8794 8791
f 8796 8795 8792
f 8788 4455 2661
f 8789 8788 4317
f 8790 8789 4316
f 4449 8790 4315
f 4448 8793 8790
f 4447 8796 8793
f 2675 4402 8796
f 4402 4403 8795
f 4403 4404 8794
f 4404 2676 4453
f 8794 4453 4454
f 8791 4454 4455
f 8801 8800 8797
f 8802 8801 8798
f 8804 8803 8800
f 8805 8804 8801
f 8797 4461 2667
f 8798 8797 4335
f 8799 8798 4334
f 4452 8799 4333
f 4451 8802 8799
f 4450 8805 8802
f 2681 4420 8805
f 4420 4421 8804
f 4421 4422 8803
f 4422 2682 4459
f 8803 4459 4460
f 8800 4460 4461
f 8810 8809 8806
f 8811 8810 8807
f 8813 8812 8809
f 8814 8813 8810
f 8806 4464 2662
f 8807 8806 4320
f 8808 8807 4319
f 4455 8808 4318
f 4454 8811 8808
f 4453 8814 8811
f 2676 4405 8814
f 4405 4406 8813
f 4406 4407 8812
f 4407 2677 4462
f 8812 4462 4463
f 8809 4463 4464
f 8819 8818 8815
f 8820 8819 8816
f 8822 8821 8818
f 8823 8822 8819
f 8815 4467 2657
f 8816 8815 4305
f 8817 8816 4304
f 4458 8817 4303
f 4457 8820 8817
f 4456 8823 8820
f 2671 4390 8823
f 4390 4391 8822
f 4391 4392 8821
f 4392 2672 4465
f 8821 4465 4466
f 8818 4466 4467
f 8828 8827 8824
f 8829 8828 8825
f 8831 8830 8827
f 8832 8831 8828
f 8824 4470 2668
f 8825 8824 4338
f 8826 8825 4337
f 4461 8826 4336
f 4460 8829 8826
f 4459 8832 8829
f 2682 4423 8832
f 4423 4424 8831
f 4424 4425 8830
f 4425 2683 4468
f 8830 4468 4469
f 8827 4469 4470
f 8837 8836 8833
f 8838 8837 8834
f 8840 8839 8836
f 8841 8840 8837
f 8833 4429 2663
f 8834 8833 4323
f 8835 8834 4322
f 4464 8835 4321
f 4463 8838 8835
f 4462 8841 8838
f 2677 4408 8841
f 4408 4409 8840
f 4409 4410 8839
f 4410 2678 4431
f 8839 4431 4430
f 8836 4430 4429
f 8846 8845 8842
f 8847 8846 8843
f 8849 8848 8845
f 8850 8849 8846
f 8842 4435 2658
f 8843 8842 4308
f 8844 8843 4307
f 4467 8844 4306
f 4466 8847 8844
f 4465 8850 8847
f 2672 4393 8850
f 4393 4394 8849
f 4394 4395 8848
f 4395 2673 4437
f 8848 4437 4436
f 8845 4436 4435
f 8855 8854 8851
f 8856 8855 8852
f 8858 8857 8854
f 8859 8858 8855
f 8851 4441 2669
f 8852 8851 4341
f 8853 8852 4340
f 4470 8853 4339
f 4469 8856 8853
f 4468 8859 8856
f 2683 4426 8859
f 4426 4427 8858
f 4427 4428 8857
f 4428 2684 4443
f 8857 4443 4442
f 8854 4442 4441
f 8864 8863 8860
f 8865 8864 8861
f 8867 8866 8863
f 8868 8867 8864
f 8860 4518 2683
f 8861 8860 4425
f 8862 8861 4424
f 4513 8862 4423
f 4514 8865 8862
f 4515 8868 8865
f 2696 4504 8868
f 4504 4505 8867
f 4505 4506 8866
f 4506 2697 4516
f 8866 4516 4517
f 8863 4517 4518
f 8873 8872 8869
f 8874 8873 8870
f 8876 8875 8872
f 8877 8876 8873
f 8869 4524 2678
f 8870 8869 4410
f 8871 8870 4409
f 4519 8871 4408
f 4520 8874 8871
f 4521 8877 8874
f 2691 4489 8877
f 4489 4490 8876
f 4490 4491 8875
f 4491 2692 4522
f 8875 4522 4523
f 8872 4523 4524
f 8882 8881 8878
f 8883 8882 8879
f 8885 8884 8881
f 8886 8885 8882
f 8878 4530 2673
f 8879 8878 4395
f 8880 8879 4394
f 4525 8880 4393
f 4526 8883 8880
f 4527 8886 8883
f 2686 4474 8886
f 4474 4475 8885
f 4475 4476 8884
f 4476 2687 4528
f 8884 4528 4529
f 8881 4529 4530
f 8891 8890 8887
f 8892 8891 8888
f 8894 8893 8890
f 8895 8894 8891
f 8887 4533 2684
f 8888 8887 4428
f 8889 8888 4427
f 4518 8889 4426
f 4517 8892 8889
f 4516 8895 8892
f 2697 4507 8895
f 4507 4508 8894
f 4508 4509 8893
f 4509 2698 4531
f 8893 4531 4532
f 8890 4532 4533
f 8900 8899 8896
f 8901 8900 8897
f 8903 8902 8899
f 8904 8903 8900
f 8896 4536 2679
f 8897 8896 4413
f 8898 8897 4412
f 4524 8898 4411
f 4523 8901 8898
f 4522 8904 8901
f 2692 4492 8904
f 4492 4493 8903
f 4493 4494 8902
f 4494 2693 4534
f 8902 4534 4535
f 8899 4535 4536
f 8909 8908 8905
f 8910 8909 8906
f 8912 8911 8908
f 8913 8912 8909
f 8905 4539 2674
f 8906 8905 4398
f 8907 8906 4397
f 4530 8907 4396
f 4529 8910 8907
f 4528 8913 8910
f 2687 4477 8913
f 4477 4478 8912
f 4478 4479 8911
f 4479 2688 4537
f 8911 4537 4538
f 8908 4538 4539
f 8918 8917 8914
f 8919 8918 8915
f 8921 8920 8917
f 8922 8921 8918
f 8914 4542 2680
f 8915 8914 4416
f 8916 8915 4415
f 4536 8916 4414
f 4535 8919 8916
f 4534 8922 8919
f 2693 4495 8922
f 4495 4496 8921
f 4496 4497 8920
f 4497 2694 4540
f 8920 4540 4541
f 8917 4541 4542
f 8927 8926 8923
f 8928 8927 8924
f 8930 8929 8926
f 8931 8930 8927
f 8923 4545 2675
f 8924 8923 4401
f 8925 8924 4400
f 4539 8925 4399
f 4538 8928 8925
f 4537 8931 8928
f 2688 4480 8931
f 4480 4481 8930
f 4481 4482 8929
f 4482 2689 4543
f 8929 4543 4544
f 8926 4544 4545
f 8936 8935 8932
f 8937 8936 8933
f 8939 8938 8935
f 8940 8939 8936
f 8932 4548 2681
f 8933 8932 4419
f 8934 8933 4418
f 4542 8934 4417
f 4541 8937 8934
f 4540 8940 8937
f 2694 4498 8940
f 4498 4499 8939
f 4499 4500 8938
f 4500 2695 4546
f 8938 4546 4547
f 8935 4547 4548
f 8945 8944 8941
f 8946 8945 8942
f 8948 8947 8944
f 8949 8948 8945
f 8941 4551 2676
f 8942 8941 4404
f 8943 8942 4403
f 4545 8943 4402
f 4544 8946 8943
f 4543 8949 8946
f 2689 4483 8949
f 4483 4484 8948
f 4484 4485 8947
f 4485 2690 4549
f 8947 4549 4550
f 8944 4550 4551
f 8954 8953 8950
f 8955 8954 8951
f 8957 8956 8953
f 8958 8957 8954
f 8950 4513 2682
f 8951 8950 4422
f 8952 8951 4421
f 4548 8952 4420
f 4547 8955 8952
f 4546 8958 8955
f 2695 4501 8958
f 4501 4502 8957
f 4502 4503 8956
f 4503 2696 4515
f 8956 4515 4514
f 8953 4514 4513
f 8963 8962 8959
f 8964 8963 8960
f 8966 8965 8962
f 8967 8966 8963
f 8959 4519 2677
f 8960 8959 4407
f 8961 8960 4406
f 4551 8961 4405
f 4550 8964 8961
f 4549 8967 8964
f 2690 4486 8967
f 4486 4487 8966
f 4487 4488 8965
f 4488 2691 4521
f 8965 4521 4520
f 8962 4520 4519
f 8972 8971 8968
f 8973 8972 8969
f 8975 8974 8971
f 8976 8975 8972
f 8968 4525 2672
f 8969 8968 4392
f 8970 8969 4391
f 4554 8970 4390
f 4553 8973 8970
f 4552 8976 8973
f 2685 4471 8976
f 4471 4472 8975
f 4472 4473 8974
f 4473 2686 4527
f 8974 4527 4526
f 8971 4526 4525
f 8981 8980 8977
f 8982 8981 8978
f 8984 8983 8980
f 8985 8984 8981
f 8977 4605 2696
f 8978 8977 4503
f 8979 8978 4502
f 4600 8979 4501
f 4601 8982 8979
f 4602 8985 8982
f 2710 4585 8985
f 4585 4586 8984
f 4586 4587 8983
f 4587 2711 4603
f 8983 4603 4604
f 8980 4604 4605
f 8990 8989 8986
f 8991 8990 8987
f 8993 8992 8989
f 8994 8993 8990
f 8986 4611 2691
f 8987 8986 4488
f 8988 8987 4487
f 4606 8988 4486
f 4607 8991 8988
f 4608 8994 8991
f 2705 4570 8994
f 4570 4571 8993
f 4571 4572 8992
f 4572 2706 4609
f 8992 4609 4610
f 8989 4610 4611
f 8999 8998 8995
f 9000 8999 8996
f 9002 9001 8998
f 9003 9002 8999
f 8995 4614 2686
f 8996 8995 4473
f 8997 8996 4472
f 4599 8997 4471
f 4598 9000 8997
f 4597 9003 9000
f 2700 4555 9003
f 4555 4556 9002
f 4556 4557 9001
f 4557 2701 4612
f 9001 4612 4613
f 8998 4613 4614
f 9008 9007 9004
f 9009 9008 9005
f 9011 9010 9007
f 9012 9011 9008
f 9004 4617 2697
f 9005 9004 4506
f 9006 9005 4505
f 4605 9006 4504
f 4604 9009 9006
f 4603 9012 9009
f 2711 4588 9012
f 4588 4589 9011
f 4589 4590 9010
f 4590 2712 4615
f 9010 4615 4616
f 9007 4616 4617
f 9017 9016 9013
f 9018 9017 9014
f 9020 9019 9016
f 9021 9020 9017
f 9013 4620 2692
f 9014 9013 4491
f 9015 9014 4490
f 4611 9015 4489
f 4610 9018 9015
f 4609 9021 9018
f 2706 4573 9021
f 4573 4574 9020
f 4574 4575 9019
f 4575 2707 4618
f 9019 4618 4619
f 9016 4619 4620
f 9026 9025 9022
f 9027 9026 9023
f 9029 9028 9025
f 9030 9029 9026
f 9022 4623 2687
f 9023 9022 4476
f 9024 9023 4475
f 4614 9024 4474
f 4613 9027 9024
f 4612 9030 9027
f 2701 4558 9030
f 4558 4559 9029
f 4559 4560 9028
f 4560 2702 4621
f 9028 4621 4622
f 9025 4622 4623
f 9035 9034 9031
f 9036 9035 9032
f 9038 9037 9034
f 9039 9038 9035
f 9031 4626 2698
f 9032 9031 4509
f 9033 9032 4508
f 4617 9033 4507
f 4616 9036 9033
f 4615 9039 9036
f 2712 4591 9039
f 4591 4592 9038
f 4592 4593 9037
f 4593 2713 4624
f 9037 4624 4625
f 9034 4625 4626
f 9044 9043 9040
f 9045 9044 9041
f 9047 9046 9043
f 9048 9047 9044
f 9040 4629 2693
f 9041 9040 4494
f 9042 9041 4493
f 4620 9042 4492
f 4619 9045 9042
f 4618 9048 9045
f 2707 4576 9048
f 4576 4577 9047
f 4577 4578 9046
f 4578 2708 4627
f 9046 4627 4628
f 9043 4628 4629
f 9053 9052 9049
f 9054 9053 9050
f 9056 9055 9052
f 9057 9056 9053
f 9049 4632 2688
f 9050 9049 4479
f 9051 9050 4478
f 4623 9051 4477
f 4622 9054 9051
f 4621 9057 9054
f 2702 4561 9057
f 4561 4562 9056
f 4562 4563 9055
f 4563 2703 4630
f 9055 4630 4631
f 9052 4631 4632
f 9062 9061 9058
f 9063 9062 9059
f 9065 9064 9061
f 9066 9065 9062
f 9058 4635 2699
f 9059 9058 4512
f 9060 9059 4511
f 4626 9060 4510
f 4625 9063 9060
f 4624 9066 9063
f 2713 4594 9066
f 4594 4595 9065
f 4595 4596 9064
f 4596 2714 4633
f 9064 4633 4634
f 9061 4634 4635
f 9071 9070 9067
f 9072 9071 9068
f 9074 9073 9070
f 9075 9074 9071
f 9067 4638 2694
f 9068 9067 4497
f 9069 9068 4496
f 4629 9069 4495
f 4628 9072 9069
f 4627 9075 9072
f 2708 4579 9075
f 4579 4580 9074
f 4580 4581 9073
f 4581 2709 4636
f 9073 4636 4637
f 9070 4637 4638
f 9080 9079 9076
f 9081 9080 9077
f 9083 9082 9079
f 9084 9083 9080
f 9076 4641 2689
f 9077 9076 4482
f 9078 9077 4481
f 4632 9078 4480
f 4631 9081 9078
f 4630 9084 9081
f 2703 4564 9084
f 4564 4565 9083
f 4565 4566 9082
f 4566 2704 4639
f 9082 4639 4640
f 9079 4640 4641
f 9089 9088 9085
f 9090 9089 9086
f 9092 9091 9088
f 9093 9092 9089
f 9085 4600 2695
f 9086 9085 4500
f 9087 9086 4499
f 4638 9087 4498
f 4637 9090 9087
f 4636 9093 9090
f 2709 4582 9093
f 4582 4583 9092
f 4583 4584 9091
f 4584 2710 4602
f 9091 4602 4601
f 9088 4601 4600
f 9098 9097 9094
f 9099 9098 9095
f 9101 9100 9097
f 9102 9101 9098
f 9094 4606 2690
f 9095 9094 4485
f 9096 9095 4484
f 4641 9096 4483
f 4640 9099 9096
f 4639 9102 9099
f 2704 4567 9102
f 4567 4568 9101
f 4568 4569 9100
f 4569 2705 4608
f 9100 4608 4607
f 9097 4607 4606
f 9107 9106 9103
f 9108 9107 9104
f 9110 9109 9106
f 9111 9110 9107
f 9103 4686 2704
f 9104 9103 4566
f 9105 9104 4565
f 4681 9105 4564
f 4682 9108 9105
f 4683 9111 9108
f 2718 4651 9111
f 4651 4652 9110
f 4652 4653 9109
f 4653 2719 4684
f 9109 4684 4685
f 9106 4685 4686
f 9116 9115 9112
f 9117 9116 9113
f 9119 9118 9115
f 9120 9119 9116
f 9112 4692 2710
f 9113 9112 4584
f 9114 9113 4583
f 4687 9114 4582
f 4688 9117 9114
f 4689 9120 9117
f 2724 4669 9120
f 4669 4670 9119
f 4670 4671 9118
f 4671 2725 4690
f 9118 4690 4691
f 9115 4691 4692
f 9125 9124 9121
f 9126 9125 9122
f 9128 9127 9124
f 9129 9128 9125
f 9121 4695 2705
f 9122 9121 4569
f 9123 9122 4568
f 4686 9123 4567
f 4685 9126 9123
f 4684 9129 9126
f 2719 4654 9129
f 4654 4655 9128
f 4655 4656 9127
f 4656 2720 4693
f 9127 4693 4694
f 9124 4694 4695
f 9134 9133 9130
f 9135 9134 9131
f 9137 9136 9133
f 9138 9137 9134
f 9130 4701 2711
f 9131 9130 4587
f 9132 9131 4586
f 4692 9132 4585
f 4691 9135 9132
f 4690 9138 9135
f 2725 4672 9138
f 4672 4673 9137
f 4673 4674 9136
f 4674 2726 4699
f 9136 4699 4700
f 9133 4700 4701
f 9143 9142 9139
f 9144 9143 9140
f 9146 9145 9142
f 9147 9146 9143
f 9139 4704 2706
f 9140 9139 4572
f 9141 9140 4571
f 4695 9141 4570
f 4694 9144 9141
f 4693 9147 9144
f 2720 4657 9147
f 4657 4658 9146
f 4658 4659 9145
f 4659 2721 4702
f 9145 4702 4703
f 9142 4703 4704
f 9152 9151 9148
f 9153 9152 9149
f 9155 9154 9151
f 9156 9155 9152
f 9148 4707 2701
f 9149 9148 4557
f 9150 9149 4556
f 4698 9150 4555
f 4697 9153 9150
f 4696 9156 9153
f 2715 4642 9156
f 4642 4643 9155
f 4643 4644 9154
f 4644 2716 4705
f 9154 4705 4706
f 9151 4706 4707
f 9161 9160 9157
f 9162 9161 9158
f 9164 9163 9160
f 9165 9164 9161
f 9157 4710 2712
f 9158 9157 4590
f 9159 9158 4589
f 4701 9159 4588
f 4700 9162 9159
f 4699 9165 9162
f 2726 4675 9165
f 4675 4676 9164
f 4676 4677 9163
f 4677 2727 4708
f 9163 4708 4709
f 9160 4709 4710
f 9170 9169 9166
f 9171 9170 9167
f 9173 9172 9169
f 9174 9173 9170
f 9166 4713 2707
f 9167 9166 4575
f 9168 9167 4574
f 4704 9168 4573
f 4703 9171 9168
f 4702 9174 9171
f 2721 4660 9174
f 4660 4661 9173
f 4661 4662 9172
f 4662 2722 4711
f 9172 4711 4712
f 9169 4712 4713
f 9179 9178 9175
f 9180 9179 9176
f 9182 9181 9178
f 9183 9182 9179
f 9175 4716 2702
f 9176 9175 4560
f 9177 9176 4559
f 4707 9177 4558
f 4706 9180 9177
f 4705 9183 9180
f 2716 4645 9183
f 4645 4646 9182
f 4646 4647 9181
f 4647 2717 4714
f 9181 4714 4715
f 9178 4715 4716
f 9188 9187 9184
f 9189 9188 9185
f 9191 9190 9187
f 9192 9191 9188
f 9184 4719 2713
f 9185 9184 4593
f 9186 9185 4592
f 4710 9186 4591
f 4709 9189 9186
f 4708 9192 9189
f 2727 4678 9192
f 4678 4679 9191
f 4679 4680 9190
f 4680 2728 4717
f 9190 4717 4718
f 9187 4718 4719
f 9197 9196 9193
f 9198 9197 9194
f 9200 9199 9196
f 9201 9200 9197
f 9193 4722 2708
f 9194 9193 4578
f 9195 9194 4577
f 4713 9195 4576
f 4712 9198 9195
f 4711 9201 9198
f 2722 4663 9201
f 4663 4664 9200
f 4664 4665 9199
f 4665 2723 4720
f 9199 4720 4721
f 9196 4721 4722
f 9206 9205 9202
f 9207 9206 9203
f 9209 9208 9205
f 9210 9209 9206
f 9202 4681 2703
f 9203 9202 4563
f 9204 9203 4562
f 4716 9204 4561
f 4715 9207 9204
f 4714 9210 9207
f 2717 4648 9210
f 4648 4649 9209
f 4649 4650 9208
f 4650 2718 4683
f 9208 4683 4682
f 9205 4682 4681
f 9215 9214 9211
f 9216 9215 9212
f 9218 9217 9214
f 9219 9218 9215
f 9211 4687 2709
f 9212 9211 4581
f 9213 9212 4580
f 4722 9213 4579
f 4721 9216 9213
f 4720 9219 9216
f 2723 4666 9219
f 4666 4667 9218
f 4667 4668 9217
f 4668 2724 4689
f 9217 4689 4688
f 9214 4688 4687
f 9224 9223 9220
f 9225 9224 9221
f 9227 9226 9223
f 9228 9227 9224
f 9220 4767 2723
f 9221 9220 4665
f 9222 9221 4664
f 4762 9222 4663
f 4763 9225 9222
f 4764 9228 9225
f 2736 4744 9228
f 4744 4745 9227
f 4745 4746 9226
f 4746 2737 4765
f 9226 4765 4766
f 9223 4766 4767
f 9233 9232 9229
f 9234 9233 9230
f 9236 9235 9232
f 9237 9236 9233
f 9229 4773 2718
f 9230 9229 4650
f 9231 9230 4649
f 4768 9231 4648
f 4769 9234 9231
f 4770 9237 9234
f 2731 4729 9237
f 4729 4730 9236
f 4730 4731 9235
f 4731 2732 4771
f 9235 4771 4772
f 9232 4772 4773
f 9242 9241 9238
f 9243 9242 9239
f 9245 9244 9241
f 9246 9245 9242
f 9238 4779 2724
f 9239 9238 4668
f 9240 9239 4667
f 4767 9240 4666
f 4766 9243 9240
f 4765 9246 9243
f 2737 4747 9246
f 4747 4748 9245
f 4748 4749 9244
f 4749 2738 4777
f 9244 4777 4778
f 9241 4778 4779
f 9251 9250 9247
f 9252 9251 9248
f 9254 9253 9250
f 9255 9254 9251
f 9247 4782 2719
f 9248 9247 4653
f 9249 9248 4652
f 4773 9249 4651
f 4772 9252 9249
f 4771 9255 9252
f 2732 4732 9255
f 4732 4733 9254
f 4733 4734 9253
f 4734 2733 4780
f 9253 4780 4781
f 9250 4781 4782
f 9260 9259 9256
f 9261 9260 9257
f 9263 9262 9259
f 9264 9263 9260
f 9256 4785 2725
f 9257 9256 4671
f 9258 9257 4670
f 4779 9258 4669
f 4778 9261 9258
f 4777 9264 9261
f 2738 4750 9264
f 4750 4751 9263
f 4751 4752 9262
f 4752 2739 4783
f 9262 4783 4784
f 9259 4784 4785
f 9269 9268 9265
f 9270 9269 9266
f 9272 9271 9268
f 9273 9272 9269
f 9265 4788 2720
f 9266 9265 4656
f 9267 9266 4655
f 4782 9267 4654
f 4781 9270 9267
f 4780 9273 9270
f 2733 4735 9273
f 4735 4736 9272
f 4736 4737 9271
f 4737 2734 4786
f 9271 4786 4787
f 9268 4787 4788
f 9278 9277 9274
f 9279 9278 9275
f 9281 9280 9277
f 9282 9281 9278
f 9274 4794 2726
f 9275 9274 4674
f 9276 9275 4673
f 4785 9276 4672
f 4784 9279 9276
f 4783 9282 9279
f 2739 4753 9282
f 4753 4754 9281
f 4754 4755 9280
f 4755 2740 4792
f 9280 4792 4793
f 9277 4793 4794
f 9287 9286 9283
f 9288 9287 9284
f 9290 9289 9286
f 9291 9290 9287
f 9283 4797 2721
f 9284 9283 4659
f 9285 9284 4658
f 4788 9285 4657
f 4787 9288 9285
f 4786 9291 9288
f 2734 4738 9291
f 4738 4739 9290
f 4739 4740 9289
f 4740 2735 4795
f 9289 4795 4796
f 9286 4796 4797
f 9296 9295 9292
f 9297 9296 9293
f 9299 9298 9295
f 9300 9299 9296
f 9292 4800 2716
f 9293 9292 4644
f 9294 9293 4643
f 4791 9294 4642
f 4790 9297 9294
f 4789 9300 9297
f 2729 4723 9300
f 4723 4724 9299
f 4724 4725 9298
f 4725 2730 4798
f 9298 4798 4799
f 9295 4799 4800
f 9305 9304 9301
f 9306 9305 9302
f 9308 9307 9304
f 9309 9308 9305
f 9301 4803 2727
f 9302 9301 4677
f 9303 9302 4676
f 4794 9303 4675
f 4793 9306 9303
f 4792 9309 9306
f 2740 4756 9309
f 4756 4757 9308
f 4757 4758 9307
f 4758 2741 4801
f 9307 4801 4802
f 9304 4802 4803
f 9314 9313 9310
f 9315 9314 9311
f 9317 9316 9313
f 9318 9317 9314
f 9310 4762 2722
f 9311 9310 4662
f 9312 9311 4661
f 4797 9312 4660
f 4796 9315 9312
f 4795 9318 9315
f 2735 4741 9318
f 4741 4742 9317
f 4742 4743 9316
f 4743 2736 4764
f 9316 4764 4763
f 9313 4763 4762
f 9323 9322 9319
f 9324 9323 9320
f 9326 9325 9322
f 9327 9326 9323
f 9319 4768 2717
f 9320 9319 4647
f 9321 9320 4646
f 4800 9321 4645
f 4799 9324 9321
f 4798 9327 9324
f 2730 4726 9327
f 4726 4727 9326
f 4727 4728 9325
f 4728 2731 4770
f 9325 4770 4769
f 9322 4769 4768
f 9332 9331 9328
f 9333 9332 9329
f 9335 9334 9331
f 9336 9335 9332
f 9328 4774 2728
f 9329 9328 4680
f 9330 9329 4679
f 4803 9330 4678
f 4802 9333 9330
f 4801 9336 9333
f 2741 4759 9336
f 4759 4760 9335
f 4760 4761 9334
f 4761 2742 4776
f 9334 4776 4775
f 9331 4775 4774
f 9341 9340 9337
f 9342 9341 9338
f 9344 9343 9340
f 9345 9344 9341
f 9337 4851 2741
f 9338 9337 4758
f 9339 9338 4757
f 4846 9339 4756
f 4847 9342 9339
f 4848 9345 9342
f 2754 4837 9345
f 4837 4838 9344
f 4838 4839 9343
f 4839 2755 4849
f 9343 4849 4850
f 9340 4850 4851
f 9350 9349 9346
f 9351 9350 9347
f 9353 9352 9349
f 9354 9353 9350
f 9346 4857 2736
f 9347 9346 4743
f 9348 9347 4742
f 4852 9348 4741
f 4853 9351 9348
f 4854 9354 9351
f 2749 4822 9354
f 4822 4823 9353
f 4823 4824 9352
f 4824 2750 4855
f 9352 4855 4856
f 9349 4856 4857
f 9359 9358 9355
f 9360 9359 9356
f 9362 9361 9358
f 9363 9362 9359
f 9355 4863 2731
f 9356 9355 4728
f 9357 9356 4727
f 4858 9357 4726
f 4859 9360 9357
f 4860 9363 9360
f 2744 4807 9363
f 4807 4808 9362
f 4808 4809 9361
f 4809 2745 4861
f 9361 4861 4862
f 9358 4862 4863
f 9368 9367 9364
f 9369 9368 9365
f 9371 9370 9367
f 9372 9371 9368
f 9364 4866 2742
f 9365 9364 4761
f 9366 9365 4760
f 4851 9366 4759
f 4850 9369 9366
f 4849 9372 9369
f 2755 4840 9372
f 4840 4841 9371
f 4841 4842 9370
f 4842 2756 4864
f 9370 4864 4865
f 9367 4865 4866
f 9377 9376 9373
f 9378 9377 9374
f 9380 9379 9376
f 9381 9380 9377
f 9373 4869 2737
f 9374 9373 4746
f 9375 9374 4745
f 4857 9375 4744
f 4856 9378 9375
f 4855 9381 9378
f 2750 4825 9381
f 4825 4826 9380
f 4826 4827 9379
f 4827 2751 4867
f 9379 4867 4868
f 9376 4868 4869
f 9386 9385 9382
f 9387 9386 9383
f 9389 9388 9385
f 9390 9389 9386
f 9382 4872 2732
f 9383 9382 4731
f 9384 9383 4730
f 4863 9384 4729
f 4862 9387 9384
f 4861 9390 9387
f 2745 4810 9390
f 4810 4811 9389
f 4811 4812 9388
f 4812 2746 4870
f 9388 4870 4871
f 9385 4871 4872
f 9395 9394 9391
f 9396 9395 9392
f 9398 9397 9394
f 9399 9398 9395
f 9391 4875 2738
f 9392 9391 4749
f 9393 9392 4748
f 4869 9393 4747
f 4868 9396 9393
f 4867 9399 9396
f 2751 4828 9399
f 4828 4829 9398
f 4829 4830 9397
f 4830 2752 4873
f 9397 4873 4874
f 9394 4874 4875
f 9404 9403 9400
f 9405 9404 9401
f 9407 9406 9403
f 9408 9407 9404
f 9400 4878 2733
f 9401 9400 4734
f 9402 9401 4733
f 4872 9402 4732
f 4871 9405 9402
f 4870 9408 9405
f 2746 4813 9408
f 4813 4814 9407
f 4814 4815 9406
f 4815 2747 4876
f 9406 4876 4877
f 9403 4877 4878
f 9413 9412 9409
f 9414 9413 9410
f 9416 9415 9412
f 9417 9416 9413
f 9409 4881 2739
f 9410 9409 4752
f 9411 9410 4751
f 4875 9411 4750
f 4874 9414 9411
f 4873 9417 9414
f 2752 4831 9417
f 4831 4832 9416
f 4832 4833 9415
f 4833 2753 4879
f 9415 4879 4880
f 9412 4880 4881
f 9422 9421 9418
f 9423 9422 9419
f 9425 9424 9421
f 9426 9425 9422
f 9418 4884 2734
f 9419 9418 4737
f 9420 9419 4736
f 4878 9420 4735
f 4877 9423 9420
f 4876 9426 9423
f 2747 4816 9426
f 4816 4817 9425
f 4817 4818 9424
f 4818 2748 4882
f 9424 4882 4883
f 9421 4883 4884
f 9431 9430 9427
f 9432 9431 9428
f 9434 9433 9430
f 9435 9434 9431
f 9427 4846 2740
f 9428 9427 4755
f 9429 9428 4754
f 4881 9429 4753
f 4880 9432 9429
f 4879 9435 9432
f 2753 4834 9435
f 4834 4835 9434
f 4835 4836 9433
f 4836 2754 4848
f 9433 4848 4847
f 9430 4847 4846
f 9440 9439 9436
f 9441 9440 9437
f 9443 9442 9439
f 9444 9443 9440
f 9436 4852 2735
f 9437 9436 4740
f 9438 9437 4739
f 4884 9438 4738
f 4883 9441 9438
f 4882 9444 9441
f 2748 4819 9444
f 4819 4820 9443
f 4820 4821 9442
f 4821 2749 4854
f 9442 4854 4853
f 9439 4853 4852
f 9449 9448 9445
f 9450 9449 9446
f 9452 9451 9448
f 9453 9452 9449
f 9445 4858 2730
f 9446 9445 4725
f 9447 9446 4724
f 4887 9447 4723
f 4886 9450 9447
f 4885 9453 9450
f 2743 4804 9453
f 4804 4805 9452
f 4805 4806 9451
f 4806 2744 4860
f 9451 4860 4859
f 9448 4859 4858
f 9458 9457 9454
f 9459 9458 9455
f 9461 9460 9457
f 9462 9461 9458
f 9454 4935 2754
f 9455 9454 4836
f 9456 9455 4835
f 4930 9456 4834
f 4931 9459 9456
f 4932 9462 9459
f 2768 4918 9462
f 4918 4919 9461
f 4919 4920 9460
f 4920 2769 4933
f 9460 4933 4934
f 9457 4934 4935
f 9467 9466 9463
f 9468 9467 9464
f 9470 9469 9466
f 9471 9470 9467
f 9463 4941 2749
f 9464 9463 4821
f 9465 9464 4820
f 4936 9465 4819
f 4937 9468 9465
f 4938 9471 9468
f 2763 4903 9471
f 4903 4904 9470
f 4904 4905 9469
f 4905 2764 4939
f 9469 4939 4940
f 9466 4940 4941
f 9476 9475 9472
f 9477 9476 9473
f 9479 9478 9475
f 9480 9479 9476
f 9472 4947 2744
f 9473 9472 4806
f 9474 9473 4805
f 4942 9474 4804
f 4943 9477 9474
f 4944 9480 9477
f 2758 4888 9480
f 4888 4889 9479
f 4889 4890 9478
f 4890 2759 4945
f 9478 4945 4946
f 9475 4946 4947
f 9485 9484 9481
f 9486 9485 9482
f 9488 9487 9484
f 9489 9488 9485
f 9481 4950 2755
f 9482 9481 4839
f 9483 9482 4838
f 4935 9483 4837
f 4934 9486 9483
f 4933 9489 9486
f 2769 4921 9489
f 4921 4922 9488
f 4922 4923 9487
f 4923 2770 4948
f 9487 4948 4949
f 9484 4949 4950
f 9494 9493 9490
f 9495 9494 9491
f 9497 9496 9493
f 9498 9497 9494
f 9490 4953 2750
f 9491 9490 4824
f 9492 9491 4823
f 4941 9492 4822
f 4940 9495 9492
f 4939 9498 9495
f 2764 4906 9498
f 4906 4907 9497
f 4907 4908 9496
f 4908 2765 4951
f 9496 4951 4952
f 9493 4952 4953
f 9503 9502 9499
f 9504 9503 9500
f 9506 9505 9502
f 9507 9506 9503
f 9499 4956 2745
f 9500 9499 4809
f 9501 9500 4808
f 4947 9501 4807
f 4946 9504 9501
f 4945 9507 9504
f 2759 4891 9507
f 4891 4892 9506
f 4892 4893 9505
f 4893 2760 4954
f 9505 4954 4955
f 9502 4955 4956
f 9512 9511 9508
f 9513 9512 9509
f 9515 9514 9511
f 9516 9515 9512
f 9508 4959 2756
f 9509 9508 4842
f 9510 9509 4841
f 4950 9510 4840
f 4949 9513 9510
f 4948 9516 9513
f 2770 4924 9516
f 4924 4925 9515
f 4925 4926 9514
f 4926 2771 4957
f 9514 4957 4958
f 9511 4958 4959
f 9521 9520 9517
f 9522 9521 9518
f 9524 9523 9520
f 9525 9524 9521
f 9517 4962 2751
f 9518 9517 4827
f 9519 9518 4826
f 4953 9519 4825
f 4952 9522 9519
f 4951 9525 9522
f 2765 4909 9525
f 4909 4910 9524
f 4910 4911 9523
f 4911 2766 4960
f 9523 4960 4961
f 9520 4961 4962
f 9530 9529 9526
f 9531 9530 9527
f 9533 9532 9529
f 9534 9533 9530
f 9526 4965 2746
f 9527 9526 4812
f 9528 9527 4811
f 4956 9528 4810
f 4955 9531 9528
f 4954 9534 9531
f 2760 4894 9534
f 4894 4895 9533
f 4895 4896 9532
f 4896 2761 4963
f 9532 4963 4964
f 9529 4964 4965
f 9539 9538 9535
f 9540 9539 9536
f 9542 9541 9538
f 9543 9542 9539
f 9535 4968 2752
f 9536 9535 4830
f 9537 9536 4829
f 4962 9537 4828
f 4961 9540 9537
f 4960 9543 9540
f 2766 4912 9543
f 4912 4913 9542
f 4913 4914 9541
f 4914 2767 4966
f 9541 4966 4967
f 9538 4967 4968
f 9548 9547 9544
f 9549 9548 9545
f 9551 9550 9547
f 9552 9551 9548
f 9544 4971 2747
f 9545 9544 4815
f 9546 9545 4814
f 4965 9546 4813
f 4964 9549 9546
f 4963 9552 9549
f 2761 4897 9552
f 4897 4898 9551
f 4898 4899 9550
f 4899 2762 4969
f 9550 4969 4970
f 9547 4970 4971
f 9557 9556 9553
f 9558 9557 9554
f 9560 9559 9556
f 9561 9560 9557
f 9553 4930 2753
f 9554 9553 4833
f 9555 9554 4832
f 4968 9555 4831
f 4967 9558 9555
f 4966 9561 9558
f 2767 4915 9561
f 4915 4916 9560
f 4916 4917 9559
f 4917 2768 4932
f 9559 4932 4931
f 9556 4931 4930
f 9566 9565 9562
f 9567 9566 9563
f 9569 9568 9565
f 9570 9569 9566
f 9562 4936 2748
f 9563 9562 4818
f 9564 9563 4817
f 4971 9564 4816
f 4970 9567 9564
f 4969 9570 9567
f 2762 4900 9570
f 4900 4901 9569
f 4901 4902 9568
f 4902 2763 4938
f 9568 4938 4937
f 9565 4937 4936
f 9575 9574 9571
f 9576 9575 9572
f 9578 9577 9574
f 9579 9578 9575
f 9571 5022 2768
f 9572 9571 4917
f 9573 9572 4916
f 5017 9573 4915
f 5018 9576 9573
f 5019 9579 9576
f 2782 4999 9579
f 4999 5000 9578
f 5000 5001 9577
f 5001 2783 5020
f 9577 5020 5021
f 9574 5021 5022
f 9584 9583 9580
f 9585 9584 9581
f 9587 9586 9583
f 9588 9587 9584
f 9580 5028 2763
f 9581 9580 4902
f 9582 9581 4901
f 5023 9582 4900
f 5024 9585 9582
f 5025 9588 9585
f 2777 4984 9588
f 4984 4985 9587
f 4985 4986 9586
f 4986 2778 5026
f 9586 5026 5027
f 9583 5027 5028
f 9593 9592 9589
f 9594 9593 9590
f 9596 9595 9592
f 9597 9596 9593
f 9589 5034 2769
f 9590 9589 4920
f 9591 9590 4919
f 5022 9591 4918
f 5021 9594 9591
f 5020 9597 9594
f 2783 5002 9597
f 5002 5003 9596
f 5003 5004 9595
f 5004 2784 5032
f 9595 5032 5033
f 9592 5033 5034
f 9602 9601 9598
f 9603 9602 9599
f 9605 9604 9601
f 9606 9605 9602
f 9598 5037 2764
f 9599 9598 4905
f 9600 9599 4904
f 5028 9600 4903
f 5027 9603 9600
f 5026 9606 9603
f 2778 4987 9606
f 4987 4988 9605
f 4988 4989 9604
f 4989 2779 5035
f 9604 5035 5036
f 9601 5036 5037
f 9611 9610 9607
f 9612 9611 9608
f 9614 9613 9610
f 9615 9614 9611
f 9607 5040 2759
f 9608 9607 4890
f 9609 9608 4889
f 5031 9609 4888
f 5030 9612 9609
f 5029 9615 9612
f 2773 4972 9615
f 4972 4973 9614
f 4973 4974 9613
f 4974 2774 5038
f 9613 5038 5039
f 9610 5039 5040
f 9620 9619 9616
f 9621 9620 9617
f 9623 9622 9619
f 9624 9623 9620
f 9616 5043 2770
f 9617 9616 4923
f 9618 9617 4922
f 5034 9618 4921
f 5033 9621 9618
f 5032 9624 9621
f 2784 5005 9624
f 5005 5006 9623
f 5006 5007 9622
f 5007 2785 5041
f 9622 5041 5042
f 9619 5042 5043
f 9629 9628 9625
f 9630 9629 9626
f 9632 9631 9628
f 9633 9632 9629
f 9625 5046 2765
f 9626 9625 4908
f 9627 9626 4907
f 5037 9627 4906
f 5036 9630 9627
f 5035 9633 9630
f 2779 4990 9633
f 4990 4991 9632
f 4991 4992 9631
f 4992 2780 5044
f 9631 5044 5045
f 9628 5045 5046
f 9638 9637 9634
f 9639 9638 9635
f 9641 9640 9637
f 9642 9641 9638
f 9634 5049 2760
f 9635 9634 4893
f 9636 9635 4892
f 5040 9636 4891
f 5039 9639 9636
f 5038 9642 9639
f 2774 4975 9642
f 4975 4976 9641
f 4976 4977 9640
f 4977 2775 5047
f 9640 5047 5048
f 9637 5048 5049
f 9647 9646 9643
f 9648 9647 9644
f 9650 9649 9646
f 9651 9650 9647
f 9643 5052 2771
f 9644 9643 4926
f 9645 9644 4925
f 5043 9645 4924
f 5042 9648 9645
f 5041 9651 9648
f 2785 5008 9651
f 5008 5009 9650
f 5009 5010 9649
f 5010 2786 5050
f 9649 5050 5051
f 9646 5051 5052
f 9656 9655 9652
f 9657 9656 9653
f 9659 9658 9655
f 9660 9659 9656
f 9652 5055 2766
f 9653 9652 4911
f 9654 9653 4910
f 5046 9654 4909
f 5045 9657 9654
f 5044 9660 9657
f 2780 4993 9660
f 4993 4994 9659
f 4994 4995 9658
f 4995 2781 5053
f 9658 5053 5054
f 9655 5054 5055
f 9665 9664 9661
f 9666 9665 9662
f 9668 9667 9664
f 9669 9668 9665
f 9661 5058 2761
f 9662 9661 4896
f 9663 9662 4895
f 5049 9663 4894
f 5048 9666 9663
f 5047 9669 9666
f 2775 4978 9669
f 4978 4979 9668
f 4979 4980 9667
f 4980 2776 5056
f 9667 5056 5057
f 9664 5057 5058
f 9674 9673 9670
f 9675 9674 9671
f 9677 9676 9673
f 9678 9677 9674
f 9670 5014 2772
f 9671 9670 4929
f 9672 9671 4928
f 5052 9672 4927
f 5051 9675 9672
f 5050 9678 9675
f 2786 5011 9678
f 5011 5012 9677
f 5012 5013 9676
f 5013 2787 5016
f 9676 5016 5015
f 9673 5015 5014
f 9683 9682 9679
f 9684 9683 9680
f 9686 9685 9682
f 9687 9686 9683
f 9679 5017 2767
f 9680 9679 4914
f 9681 9680 4913
f 5055 9681 4912
f 5054 9684 9681
f 5053 9687 9684
f 2781 4996 9687
f 4996 4997 9686
f 4997 4998 9685
f 4998 2782 5019
f 9685 5019 5018
f 9682 5018 5017
f 9692 9691 9688
f 9693 9692 9689
f 9695 9694 9691
f 9696 9695 9692
f 9688 5023 2762
f 9689 9688 4899
f 9690 9689 4898
f 5058 9690 4897
f 5057 9693 9690
f 5056 9696 9693
f 2776 4981 9696
f 4981 4982 9695
f 4982 4983 9694
f 4983 2777 5025
f 9694 5025 5024
f 9691 5024 5023
f 9701 9700 9697
f 9702 9701 9698
f 9704 9703 9700
f 9705 9704 9701
f 9697 5103 2776
f 9698 9697 4980
f 9699 9698 4979
f 5098 9699 4978
f 5099 9702 9699
f 5100 9705 9702
f 2790 5065 9705
f 5065 5066 9704
f 5066 5067 9703
f 5067 2791 5101
f 9703 5101 5102
f 9700 5102 5103
f 9710 9709 9706
f 9711 9710 9707
f 9713 9712 9709
f 9714 9713 9710
f 9706 5112 2782
f 9707 9706 4998
f 9708 9707 4997
f 5107 9708 4996
f 5108 9711 9708
f 5109 9714 9711
f 2796 5083 9714
f 5083 5084 9713
f 5084 5085 9712
f 5085 2797 5110
f 9712 5110 5111
f 9709 5111 5112
f 9719 9718 9715
f 9720 9719 9716
f 9722 9721 9718
f 9723 9722 9719
f 9715 5115 2777
f 9716 9715 4983
f 9717 9716 4982
f 5103 9717 4981
f 5102 9720 9717
f 5101 9723 9720
f 2791 5068 9723
f 5068 5069 9722
f 5069 5070 9721
f 5070 2792 5113
f 9721 5113 5114
f 9718 5114 5115
f 9728 9727 9724
f 9729 9728 9725
f 9731 9730 9727
f 9732 9731 9728
f 9724 5118 2783
f 9725 9724 5001
f 9726 9725 5000
f 5112 9726 4999
f 5111 9729 9726
f 5110 9732 9729
f 2797 5086 9732
f 5086 5087 9731
f 5087 5088 9730
f 5088 2798 5116
f 9730 5116 5117
f 9727 5117 5118
f 9737 9736 9733
f 9738 9737 9734
f 9740 9739 9736
f 9741 9740 9737
f 9733 5121 2778
f 9734 9733 4986
f 9735 9734 4985
f 5115 9735 4984
f 5114 9738 9735
f 5113 9741 9738
f 2792 5071 9741
f 5071 5072 9740
f 5072 5073 9739
f 5073 2793 5119
f 9739 5119 5120
f 9736 5120 5121
f 9746 9745 9742
f 9747 9746 9743
f 9749 9748 9745
f 9750 9749 9746
f 9742 5127 2784
f 9743 9742 5004
f 9744 9743 5003
f 5118 9744 5002
f 5117 9747 9744
f 5116 9750 9747
f 2798 5089 9750
f 5089 5090 9749
f 5090 5091 9748
f 5091 2799 5125
f 9748 5125 5126
f 9745 5126 5127
f 9755 9754 9751
f 9756 9755 9752
f 9758 9757 9754
f 9759 9758 9755
f 9751 5130 2779
f 9752 9751 4989
f 9753 9752 4988
f 5121 9753 4987
f 5120 9756 9753
f 5119 9759 9756
f 2793 5074 9759
f 5074 5075 9758
f 5075 5076 9757
f 5076 2794 5128
f 9757 5128 5129
f 9754 5129 5130
f 9764 9763 9760
f 9765 9764 9761
f 9767 9766 9763
f 9768 9767 9764
f 9760 5133 2774
f 9761 9760 4974
f 9762 9761 4973
f 5124 9762 4972
f 5123 9765 9762
f 5122 9768 9765
f 2788 5059 9768
f 5059 5060 9767
f 5060 5061 9766
f 5061 2789 5131
f 9766 5131 5132
f 9763 5132 5133
f 9773 9772 9769
f 9774 9773 9770
f 9776 9775 9772
f 9777 9776 9773
f 9769 5136 2785
f 9770 9769 5007
f 9771 9770 5006
f 5127 9771 5005
f 5126 9774 9771
f 5125 9777 9774
f 2799 5092 9777
f 5092 5093 9776
f 5093 5094 9775
f 5094 2800 5134
f 9775 5134 5135
f 9772 5135 5136
f 9782 9781 9778
f 9783 9782 9779
f 9785 9784 9781
f 9786 9785 9782
f 9778 5139 2780
f 9779 9778 4992
f 9780 9779 4991
f 5130 9780 4990
f 5129 9783 9780
f 5128 9786 9783
f 2794 5077 9786
f 5077 5078 9785
f 5078 5079 9784
f 5079 2795 5137
f 9784 5137 5138
f 9781 5138 5139
f 9791 9790 9787
f 9792 9791 9788
f 9794 9793 9790
f 9795 9794 9791
f 9787 5098 2775
f 9788 9787 4977
f 9789 9788 4976
f 5133 9789 4975
f 5132 9792 9789
f 5131 9795 9792
f 2789 5062 9795
f 5062 5063 9794
f 5063 5064 9793
f 5064 2790 5100
f 9793 5100 5099
f 9790 5099 5098
f 9800 9799 9796
f 9801 9800 9797
f 9803 9802 9799
f 9804 9803 9800
f 9796 5104 2786
f 9797 9796 5010
f 9798 9797 5009
f 5136 9798 5008
f 5135 9801 9798
f 5134 9804 9801
f 2800 5095 9804
f 5095 5096 9803
f 5096 5097 9802
f 5097 2801 5106
f 9802 5106 5105
f 9799 5105 5104
f 9809 9808 9805
f 9810 9809 9806
f 9812 9811 9808
f 9813 9812 9809
f 9805 5107 2781
f 9806 9805 4995
f 9807 9806 4994
f 5139 9807 4993
f 5138 9810 9807
f 5137 9813 9810
f 2795 5080 9813
f 5080 5081 9812
f 5081 5082 9811
f 5082 2796 5109
f 9811 5109 5108
f 9808 5108 5107
f 9818 9817 9814
f 9819 9818 9815
f 9821 9820 9817
f 9822 9821 9818
f 9814 5187 2795
f 9815 9814 5079
f 9816 9815 5078
f 5182 9816 5077
f 5183 9819 9816
f 5184 9822 9819
f 2808 5158 9822
f 5158 5159 9821
f 5159 5160 9820
f 5160 2809 5185
f 9820 5185 5186
f 9817 5186 5187
f 9827 9826 9823
f 9828 9827 9824
f 9830 9829 9826
f 9831 9830 9827
f 9823 5193 2790
f 9824 9823 5064
f 9825 9824 5063
f 5188 9825 5062
f 5189 9828 9825
f 5190 9831 9828
f 2803 5143 9831
f 5143 5144 9830
f 5144 5145 9829
f 5145 2804 5191
f 9829 5191 5192
f 9826 5192 5193
f 9836 9835 9832
f 9837 9836 9833
f 9839 9838 9835
f 9840 9839 9836
f 9832 5199 2801
f 9833 9832 5097
f 9834 9833 5096
f 5194 9834 5095
f 5195 9837 9834
f 5196 9840 9837
f 2814 5176 9840
f 5176 5177 9839
f 5177 5178 9838
f 5178 2815 5197
f 9838 5197 5198
f 9835 5198 5199
f 9845 9844 9841
f 9846 9845 9842
f 9848 9847 9844
f 9849 9848 9845
f 9841 5202 2796
f 9842 9841 5082
f 9843 9842 5081
f 5187 9843 5080
f 5186 9846 9843
f 5185 9849 9846
f 2809 5161 9849
f 5161 5162 9848
f 5162 5163 9847
f 5163 2810 5200
f 9847 5200 5201
f 9844 5201 5202
f 9854 9853 9850
f 9855 9854 9851
f 9857 9856 9853
f 9858 9857 9854
f 9850 5205 2791
f 9851 9850 5067
f 9852 9851 5066
f 5193 9852 5065
f 5192 9855 9852
f 5191 9858 9855
f 2804 5146 9858
f 5146 5147 9857
f 5147 5148 9856
f 5148 2805 5203
f 9856 5203 5204
f 9853 5204 5205
f 9863 9862 9859
f 9864 9863 9860
f 9866 9865 9862
f 9867 9866 9863
f 9859 5208 2797
f 9860 9859 5085
f 9861 9860 5084
f 5202 9861 5083
f 5201 9864 9861
f 5200 9867 9864
f 2810 5164 9867
f 5164 5165 9866
f 5165 5166 9865
f 5166 2811 5206
f 9865 5206 5207
f 9862 5207 5208
f 9872 9871 9868
f 9873 9872 9869
f 9875 9874 9871
f 9876 9875 9872
f 9868 5211 2792
f 9869 9868 5070
f 9870 9869 5069
f 5205 9870 5068
f 5204 9873 9870
f 5203 9876 9873
f 2805 5149 9876
f 5149 5150 9875
f 5150 5151 9874
f 5151 2806 5209
f 9874 5209 5210
f 9871 5210 5211
f 9881 9880 9877
f 9882 9881 9878
f 9884 9883 9880
f 9885 9884 9881
f 9877 5214 2798
f 9878 9877 5088
f 9879 9878 5087
f 5208 9879 5086
f 5207 9882 9879
f 5206 9885 9882
f 2811 5167 9885
f 5167 5168 9884
f 5168 5169 9883
f 5169 2812 5212
f 9883 5212 5213
f 9880 5213 5214
f 9890 9889 9886
f 9891 9890 9887
f 9893 9892 9889
f 9894 9893 9890
f 9886 5217 2793
f 9887 9886 5073
f 9888 9887 5072
f 5211 9888 5071
f 5210 9891 9888
f 5209 9894 9891
f 2806 5152 9894
f 5152 5153 9893
f 5153 5154 9892
f 5154 2807 5215
f 9892 5215 5216
f 9889 5216 5217
f 9899 9898 9895
f 9900 9899 9896
f 9902 9901 9898
f 9903 9902 9899
f 9895 5223 2799
f 9896 9895 5091
f 9897 9896 5090
f 5214 9897 5089
f 5213 9900 9897
f 5212 9903 9900
f 2812 5170 9903
f 5170 5171 9902
f 5171 5172 9901
f 5172 2813 5221
f 9901 5221 5222
f 9898 5222 5223
f 9908 9907 9904
f 9909 9908 9905
f 9911 9910 9907
f 9912 9911 9908
f 9904 5182 2794
f 9905 9904 5076
f 9906 9905 5075
f 5217 9906 5074
f 5216 9909 9906
f 5215 9912 9909
f 2807 5155 9912
f 5155 5156 9911
f 5156 5157 9910
f 5157 2808 5184
f 9910 5184 5183
f 9907 5183 5182
f 9917 9916 9913
f 9918 9917 9914
f 9920 9919 9916
f 9921 9920 9917
f 9913 5188 2789
f 9914 9913 5061
f 9915 9914 5060
f 5220 9915 5059
f 5219 9918 9915
f 5218 9921 9918
f 2802 5140 9921
f 5140 5141 9920
f 5141 5142 9919
f 5142 2803 5190
f 9919 5190 5189
f 9916 5189 5188
f 9926 9925 9922
f 9927 9926 9923
f 9929 9928 9925
f 9930 9929 9926
f 9922 5194 2800
f 9923 9922 5094
f 9924 9923 5093
f 5223 9924 5092
f 5222 9927 9924
f 5221 9930 9927
f 2813 5173 9930
f 5173 5174 9929
f 5174 5175 9928
f 5175 2814 5196
f 9928 5196 5195
f 9925 5195 5194
f 9935 9934 9931
f 9936 9935 9932
f 9938 9937 9934
f 9939 9938 9935
f 9931 5268 2813
f 9932 9931 5172
f 9933 9932 5171
f 5263 9933 5170
f 5264 9936 9933
f 5265 9939 9936
f 2827 5254 9939
f 5254 5255 9938
f 5255 5256 9937
f 5256 2828 5266
f 9937 5266 5267
f 9934 5267 5268
f 9944 9943 9940
f 9945 9944 9941
f 9947 9946 9943
f 9948 9947 9944
f 9940 5274 2808
f 9941 9940 5157
f 9942 9941 5156
f 5269 9942 5155
f 5270 9945 9942
f 5271 9948 9945
f 2822 5239 9948
f 5239 5240 9947
f 5240 5241 9946
f 5241 2823 5272
f 9946 5272 5273
f 9943 5273 5274
f 9953 9952 9949
f 9954 9953 9950
f 9956 9955 9952
f 9957 9956 9953
f 9949 5280 2803
f 9950 9949 5142
f 9951 9950 5141
f 5275 9951 5140
f 5276 9954 9951
f 5277 9957 9954
f 2817 5224 9957
f 5224 5225 9956
f 5225 5226 9955
f 5226 2818 5278
f 9955 5278 5279
f 9952 5279 5280
f 9962 9961 9958
f 9963 9962 9959
f 9965 9964 9961
f 9966 9965 9962
f 9958 5283 2814
f 9959 9958 5175
f 9960 9959 5174
f 5268 9960 5173
f 5267 9963 9960
f 5266 9966 9963
f 2828 5257 9966
f 5257 5258 9965
f 5258 5259 9964
f 5259 2829 5281
f 9964 5281 5282
f 9961 5282 5283
f 9971 9970 9967
f 9972 9971 9968
f 9974 9973 9970
f 9975 9974 9971
f 9967 5286 2809
f 9968 9967 5160
f 9969 9968 5159
f 5274 9969 5158
f 5273 9972 9969
f 5272 9975 9972
f 2823 5242 9975
f 5242 5243 9974
f 5243 5244 9973
f 5244 2824 5284
f 9973 5284 5285
f 9970 5285 5286
f 9980 9979 9976
f 9981 9980 9977
f 9983 9982 9979
f 9984 9983 9980
f 9976 5289 2804
f 9977 9976 5145
f 9978 9977 5144
f 5280 9978 5143
f 5279 9981 9978
f 5278 9984 9981
f 2818 5227 9984
f 5227 5228 9983
f 5228 5229 9982
f 5229 2819 5287
f 9982 5287 5288
f 9979 5288 5289
f 9989 9988 9985
f 9990 9989 9986
f 9992 9991 9988
f 9993 9992 9989
f 9985 5292 2815
f 9986 9985 5178
f 9987 9986 5177
f 5283 9987 5176
f 5282 9990 9987
f 5281 9993 9990
f 2829 5260 9993
f 5260 5261 9992
f 5261 5262 9991
f 5262 2830 5290
f 9991 5290 5291
f 9988 5291 5292
f 9998 9997 9994
f 9999 9998 9995
f 10001 10000 9997
f 10002 10001 9998
f 9994 5295 2810
f 9995 9994 5163
f 9996 9995 5162
f 5286 9996 5161
f 5285 9999 9996
f 5284 10002 9999
f 2824 5245 10002
f 5245 5246 10001
f 5246 5247 10000
f 5247 2825 5293
f 10000 5293 5294
f 9997 5294 5295
f 10007 10006 10003
f 10008 10007 10004
f 10010 10009 10006
f 10011 10010 10007
f 10003 5298 2805
f 10004 10003 5148
f 10005 10004 5147
f 5289 10005 5146
f 5288 10008 10005
f 5287 10011 10008
f 2819 5230 10011
f 5230 5231 10010
f 5231 5232 10009
f 5232 2820 5296
f 10009 5296 5297
f 10006 5297 5298
f 10016 10015 10012
f 10017 10016 10013
f 10019 10018 10015
f 10020 10019 10016
f 10012 5301 2811
f 10013 10012 5166
f 10014 10013 5165
f 5295 10014 5164
f 5294 10017 10014
f 5293 10020 10017
f 2825 5248 10020
f 5248 5249 10019
f 5249 5250 10018
f 5250 2826 5299
f 10018 5299 5300
f 10015 5300 5301
f 10025 10024 10021
f 10026 10025 10022
f 10028 10027 10024
f 10029 10028 10025
f 10021 5304 2806
f 10022 10021 5151
f 10023 10022 5150
f 5298 10023 5149
f 5297 10026 10023
f 5296 10029 10026
f 2820 5233 10029
f 5233 5234 10028
f 5234 5235 10027
f 5235 2821 5302
f 10027 5302 5303
f 10024 5303 5304
f 10034 10033 10030
f 10035 10034 10031
f 10037 10036 10033
f 10038 10037 10034
f 10030 5263 2812
f 10031 10030 5169
f 10032 10031 5168
f 5301 10032 5167
f 5300 10035 10032
f 5299 10038 10035
f 2826 5251 10038
f 5251 5252 10037
f 5252 5253 10036
f 5253 2827 5265
f 10036 5265 5264
f 10033 5264 5263
f 10043 10042 10039
f 10044 10043 10040
f 10046 10045 10042
f 10047 10046 10043
f 10039 5269 2807
f 10040 10039 5154
f 10041 10040 5153
f 5304 10041 5152
f 5303 10044 10041
f 5302 10047 10044
f 2821 5236 10047
f 5236 5237 10046
f 5237 5238 10045
f 5238 2822 5271
f 10045 5271 5270
f 10042 5270 5269
f 10052 10051 10048
f 10053 10052 10049
f 10055 10054 10051
f 10056 10055 10052
f 10048 5349 2827
f 10049 10048 5253
f 10050 10049 5252
f 5344 10050 5251
f 5345 10053 10050
f 5346 10056 10053
f 2840 5332 10056
f 5332 5333 10055
f 5333 5334 10054
f 5334 2841 5347
f 10054 5347 5348
f 10051 5348 5349
f 10061 10060 10057
f 10062 10061 10058
f 10064 10063 10060
f 10065 10064 10061
f 10057 5355 2822
f 10058 10057 5238
f 10059 10058 5237
f 5350 10059 5236
f 5351 10062 10059
f 5352 10065 10062
f 2835 5317 10065
f 5317 5318 10064
f 5318 5319 10063
f 5319 2836 5353
f 10063 5353 5354
f 10060 5354 5355
f 10070 10069 10066
f 10071 10070 10067
f 10073 10072 10069
f 10074 10073 10070
f 10066 5361 2828
f 10067 10066 5256
f 10068 10067 5255
f 5349 10068 5254
f 5348 10071 10068
f 5347 10074 10071
f 2841 5335 10074
f 5335 5336 10073
f 5336 5337 10072
f 5337 2842 5359
f 10072 5359 5360
f 10069 5360 5361
f 10079 10078 10075
f 10080 10079 10076
f 10082 10081 10078
f 10083 10082 10079
f 10075 5364 2823
f 10076 10075 5241
f 10077 10076 5240
f 5355 10077 5239
f 5354 10080 10077
f 5353 10083 10080
f 2836 5320 10083
f 5320 5321 10082
f 5321 5322 10081
f 5322 2837 5362
f 10081 5362 5363
f 10078 5363 5364
f 10088 10087 10084
f 10089 10088 10085
f 10091 10090 10087
f 10092 10091 10088
f 10084 5367 2818
f 10085 10084 5226
f 10086 10085 5225
f 5358 10086 5224
f 5357 10089 10086
f 5356 10092 10089
f 2831 5305 10092
f 5305 5306 10091
f 5306 5307 10090
f 5307 2832 5365
f 10090 5365 5366
f 10087 5366 5367
f 10097 10096 10093
f 10098 10097 10094
f 10100 10099 10096
f 10101 10100 10097
f 10093 5370 2829
f 10094 10093 5259
f 10095 10094 5258
f 5361 10095 5257
f 5360 10098 10095
f 5359 10101 10098
f 2842 5338 10101
f 5338 5339 10100
f 5339 5340 10099
f 5340 2843 5368
f 10099 5368 5369
f 10096 5369 5370
f 10106 10105 10102
f 10107 10106 10103
f 10109 10108 10105
f 10110 10109 10106
f 10102 5373 2824
f 10103 10102 5244
f 10104 10103 5243
f 5364 10104 5242
f 5363 10107 10104
f 5362 10110 10107
f 2837 5323 10110
f 5323 5324 10109
f 5324 5325 10108
f 5325 2838 5371
f 10108 5371 5372
f 10105 5372 5373
f 10115 10114 10111
f 10116 10115 10112
f 10118 10117 10114
f 10119 10118 10115
f 10111 5376 2819
f 10112 10111 5229
f 10113 10112 5228
f 5367 10113 5227
f 5366 10116 10113
f 5365 10119 10116
f 2832 5308 10119
f 5308 5309 10118
f 5309 5310 10117
f 5310 2833 5374
f 10117 5374 5375
f 10114 5375 5376
f 10124 10123 10120
f 10125 10124 10121
f 10127 10126 10123
f 10128 10127 10124
f 10120 5379 2830
f 10121 10120 5262
f 10122 10121 5261
f 5370 10122 5260
f 5369 10125 10122
f 5368 10128 10125
f 2843 5341 10128
f 5341 5342 10127
f 5342 5343 10126
f 5343 2844 5377
f 10126 5377 5378
f 10123 5378 5379
f 10133 10132 10129
f 10134 10133 10130
f 10136 10135 10132
f 10137 10136 10133
f 10129 5382 2825
f 10130 10129 5247
f 10131 10130 5246
f 5373 10131 5245
f 5372 10134 10131
f 5371 10137 10134
f 2838 5326 10137
f 5326 5327 10136
f 5327 5328 10135
f 5328 2839 5380
f 10135 5380 5381
f 10132 5381 5382
f 10142 10141 10138
f 10143 10142 10139
f 10145 10144 10141
f 10146 10145 10142
f 10138 5385 2820
f 10139 10138 5232
f 10140 10139 5231
f 5376 10140 5230
f 5375 10143 10140
f 5374 10146 10143
f 2833 5311 10146
f 5311 5312 10145
f 5312 5313 10144
f 5313 2834 5383
f 10144 5383 5384
f 10141 5384 5385
f 10151 10150 10147
f 10152 10151 10148
f 10154 10153 10150
f 10155 10154 10151
f 10147 5344 2826
f 10148 10147 5250
f 10149 10148 5249
f 5382 10149 5248
f 5381 10152 10149
f 5380 10155 10152
f 2839 5329 10155
f 5329 5330 10154
f 5330 5331 10153
f 5331 2840 5346
f 10153 5346 5345
f 10150 5345 5344
f 10160 10159 10156
f 10161 10160 10157
f 10163 10162 10159
f 10164 10163 10160
f 10156 5350 2821
f 10157 10156 5235
f 10158 10157 5234
f 5385 10158 5233
f 5384 10161 10158
f 5383 10164 10161
f 2834 5314 10164
f 5314 5315 10163
f 5315 5316 10162
f 5316 2835 5352
f 10162 5352 5351
f 10159 5351 5350
f 10169 10168 10165
f 10170 10169 10166
f 10172 10171 10168
f 10173 10172 10169
f 10165 5430 2834
f 10166 10165 5313
f 10167 10166 5312
f 5425 10167 5311
f 5426 10170 10167
f 5427 10173 10170
f 2847 5392 10173
f 5392 5393 10172
f 5393 5394 10171
f 5394 2848 5428
f 10171 5428 5429
f 10168 5429 5430
f 10178 10177 10174
f 10179 10178 10175
f 10181 10180 10177
f 10182 10181 10178
f 10174 5439 2840
f 10175 10174 5331
f 10176 10175 5330
f 5434 10176 5329
f 5435 10179 10176
f 5436 10182 10179
f 2853 5410 10182
f 5410 5411 10181
f 5411 5412 10180
f 5412 2854 5437
f 10180 5437 5438
f 10177 5438 5439
f 10187 10186 10183
f 10188 10187 10184
f 10190 10189 10186
f 10191 10190 10187
f 10183 5442 2835
f 10184 10183 5316
f 10185 10184 5315
f 5430 10185 5314
f 5429 10188 10185
f 5428 10191 10188
f 2848 5395 10191
f 5395 5396 10190
f 5396 5397 10189
f 5397 2849 5440
f 10189 5440 5441
f 10186 5441 5442
f 10196 10195 10192
f 10197 10196 10193
f 10199 10198 10195
f 10200 10199 10196
f 10192 5445 2841
f 10193 10192 5334
f 10194 10193 5333
f 5439 10194 5332
f 5438 10197 10194
f 5437 10200 10197
f 2854 5413 10200
f 5413 5414 10199
f 5414 5415 10198
f 5415 2855 5443
f 10198 5443 5444
f 10195 5444 5445
f 10205 10204 10201
f 10206 10205 10202
f 10208 10207 10204
f 10209 10208 10205
f 10201 5448 2836
f 10202 10201 5319
f 10203 10202 5318
f 5442 10203 5317
f 5441 10206 10203
f 5440 10209 10206
f 2849 5398 10209
f 5398 5399 10208
f 5399 5400 10207
f 5400 2850 5446
f 10207 5446 5447
f 10204 5447 5448
f 10214 10213 10210
f 10215 10214 10211
f 10217 10216 10213
f 10218 10217 10214
f 10210 5454 2842
f 10211 10210 5337
f 10212 10211 5336
f 5445 10212 5335
f 5444 10215 10212
f 5443 10218 10215
f 2855 5416 10218
f 5416 5417 10217
f 5417 5418 10216
f 5418 2856 5452
f 10216 5452 5453
f 10213 5453 5454
f 10223 10222 10219
f 10224 10223 10220
f 10226 10225 10222
f 10227 10226 10223
f 10219 5457 2837
f 10220 10219 5322
f 10221 10220 5321
f 5448 10221 5320
f 5447 10224 10221
f 5446 10227 10224
f 2850 5401 10227
f 5401 5402 10226
f 5402 5403 10225
f 5403 2851 5455
f 10225 5455 5456
f 10222 5456 5457
f 10232 10231 10228
f 10233 10232 10229
f 10235 10234 10231
f 10236 10235 10232
f 10228 5460 2832
f 10229 10228 5307
f 10230 10229 5306
f 5451 10230 5305
f 5450 10233 10230
f 5449 10236 10233
f 2845 5386 10236
f 5386 5387 10235
f 5387 5388 10234
f 5388 2846 5458
f 10234 5458 5459
f 10231 5459 5460
f 10241 10240 10237
f 10242 10241 10238
f 10244 10243 10240
f 10245 10244 10241
f 10237 5463 2843
f 10238 10237 5340
f 10239 10238 5339
f 5454 10239 5338
f 5453 10242 10239
f 5452 10245 10242
f 2856 5419 10245
f 5419 5420 10244
f 5420 5421 10243
f 5421 2857 5461
f 10243 5461 5462
f 10240 5462 5463
f 10250 10249 10246
f 10251 10250 10247
f 10253 10252 10249
f 10254 10253 10250
f 10246 5466 2838
f 10247 10246 5325
f 10248 10247 5324
f 5457 10248 5323
f 5456 10251 10248
f 5455 10254 10251
f 2851 5404 10254
f 5404 5405 10253
f 5405 5406 10252
f 5406 2852 5464
f 10252 5464 5465
f 10249 5465 5466
f 10259 10258 10255
f 10260 10259 10256
f 10262 10261 10258
f 10263 10262 10259
f 10255 5425 2833
f 10256 10255 5310
f 10257 10256 5309
f 5460 10257 5308
f 5459 10260 10257
f 5458 10263 10260
f 2846 5389 10263
f 5389 5390 10262
f 5390 5391 10261
f 5391 2847 5427
f 10261 5427 5426
f 10258 5426 5425
f 10268 10267 10264
f 10269 10268 10265
f 10271 10270 10267
f 10272 10271 10268
f 10264 5431 2844
f 10265 10264 5343
f 10266 10265 5342
f 5463 10266 5341
f 5462 10269 10266
f 5461 10272 10269
f 2857 5422 10272
f 5422 5423 10271
f 5423 5424 10270
f 5424 2858 5433
f 10270 5433 5432
f 10267 5432 5431
f 10277 10276 10273
f 10278 10277 10274
f 10280 10279 10276
f 10281 10280 10277
f 10273 5434 2839
f 10274 10273 5328
f 10275 10274 5327
f 5466 10275 5326
f 5465 10278 10275
f 5464 10281 10278
f 2852 5407 10281
f 5407 5408 10280
f 5408 5409 10279
f 5409 2853 5436
f 10279 5436 5435
f 10276 5435 5434
f 10286 10285 10282
f 10287 10286 10283
f 10289 10288 10285
f 10290 10289 10286
f 10282 5514 2852
f 10283 10282 5406
f 10284 10283 5405
f 5509 10284 5404
f 5510 10287 10284
f 5511 10290 10287
f 2865 5485 10290
f 5485 5486 10289
f 5486 5487 10288
f 5487 2866 5512
f 10288 5512 5513
f 10285 5513 5514
f 10295 10294 10291
f 10296 10295 10292
f 10298 10297 10294
f 10299 10298 10295
f 10291 5520 2847
f 10292 10291 5391
f 10293 10292 5390
f 5515 10293 5389
f 5516 10296 10293
f 5517 10299 10296
f 2860 5470 10299
f 5470 5471 10298
f 5471 5472 10297
f 5472 2861 5518
f 10297 5518 5519
f 10294 5519 5520
f 10304 10303 10300
f 10305 10304 10301
f 10307 10306 10303
f 10308 10307 10304
f 10300 5526 2858
f 10301 10300 5424
f 10302 10301 5423
f 5521 10302 5422
f 5522 10305 10302
f 5523 10308 10305
f 2871 5503 10308
f 5503 5504 10307
f 5504 5505 10306
f 5505 2872 5524
f 10306 5524 5525
f 10303 5525 5526
f 10313 10312 10309
f 10314 10313 10310
f 10316 10315 10312
f 10317 10316 10313
f 10309 5529 2853
f 10310 10309 5409
f 10311 10310 5408
f 5514 10311 5407
f 5513 10314 10311
f 5512 10317 10314
f 2866 5488 10317
f 5488 5489 10316
f 5489 5490 10315
f 5490 2867 5527
f 10315 5527 5528
f 10312 5528 5529
f 10322 10321 10318
f 10323 10322 10319
f 10325 10324 10321
f 10326 10325 10322
f 10318 5532 2848
f 10319 10318 5394
f 10320 10319 5393
f 5520 10320 5392
f 5519 10323 10320
f 5518 10326 10323
f 2861 5473 10326
f 5473 5474 10325
f 5474 5475 10324
f 5475 2862 5530
f 10324 5530 5531
f 10321 5531 5532
f 10331 10330 10327
f 10332 10331 10328
f 10334 10333 10330
f 10335 10334 10331
f 10327 5535 2854
f 10328 10327 5412
f 10329 10328 5411
f 5529 10329 5410
f 5528 10332 10329
f 5527 10335 10332
f 2867 5491 10335
f 5491 5492 10334
f 5492 5493 10333
f 5493 2868 5533
f 10333 5533 5534
f 10330 5534 5535
f 10340 10339 10336
f 10341 10340 10337
f 10343 10342 10339
f 10344 10343 10340
f 10336 5538 2849
f 10337 10336 5397
f 10338 10337 5396
f 5532 10338 5395
f 5531 10341 10338
f 5530 10344 10341
f 2862 5476 10344
f 5476 5477 10343
f 5477 5478 10342
f 5478 2863 5536
f 10342 5536 5537
f 10339 5537 5538
f 10349 10348 10345
f 10350 10349 10346
f 10352 10351 10348
f 10353 10352 10349
f 10345 5541 2855
f 10346 10345 5415
f 10347 10346 5414
f 5535 10347 5413
f 5534 10350 10347
f 5533 10353 10350
f 2868 5494 10353
f 5494 5495 10352
f 5495 5496 10351
f 5496 2869 5539
f 10351 5539 5540
f 10348 5540 5541
f 10358 10357 10354
f 10359 10358 10355
f 10361 10360 10357
f 10362 10361 10358
f 10354 5544 2850
f 10355 10354 5400
f 10356 10355 5399
f 5538 10356 5398
f 5537 10359 10356
f 5536 10362 10359
f 2863 5479 10362
f 5479 5480 10361
f 5480 5481 10360
f 5481 2864 5542
f 10360 5542 5543
f 10357 5543 5544
f 10367 10366 10363
f 10368 10367 10364
f 10370 10369 10366
f 10371 10370 10367
f 10363 5550 2856
f 10364 10363 5418
f 10365 10364 5417
f 5541 10365 5416
f 5540 10368 10365
f 5539 10371 10368
f 2869 5497 10371
f 5497 5498 10370
f 5498 5499 10369
f 5499 2870 5548
f 10369 5548 5549
f 10366 5549 5550
f 10376 10375 10372
f 10377 10376 10373
f 10379 10378 10375
f 10380 10379 10376
f 10372 5509 2851
f 10373 10372 5403
f 10374 10373 5402
f 5544 10374 5401
f 5543 10377 10374
f 5542 10380 10377
f 2864 5482 10380
f 5482 5483 10379
f 5483 5484 10378
f 5484 2865 5511
f 10378 5511 5510
f 10375 5510 5509
f 10385 10384 10381
f 10386 10385 10382
f 10388 10387 10384
f 10389 10388 10385
f 10381 5515 2846
f 10382 10381 5388
f 10383 10382 5387
f 5547 10383 5386
f 5546 10386 10383
f 5545 10389 10386
f 2859 5467 10389
f 5467 5468 10388
f 5468 5469 10387
f 5469 2860 5517
f 10387 5517 5516
f 10384 5516 5515
f 10394 10393 10390
f 10395 10394 10391
f 10397 10396 10393
f 10398 10397 10394
f 10390 5521 2857
f 10391 10390 5421
f 10392 10391 5420
f 5550 10392 5419
f 5549 10395 10392
f 5548 10398 10395
f 2870 5500 10398
f 5500 5501 10397
f 5501 5502 10396
f 5502 2871 5523
f 10396 5523 5522
f 10393 5522 5521
f 10403 10402 10399
f 10404 10403 10400
f 10406 10405 10402
f 10407 10406 10403
f 10399 5598 2870
f 10400 10399 5499
f 10401 10400 5498
f 5593 10401 5497
f 5594 10404 10401
f 5595 10407 10404
f 2885 5584 10407
f 5584 5585 10406
f 5585 5586 10405
f 5586 2886 5596
f 10405 5596 5597
f 10402 5597 5598
f 10412 10411 10408
f 10413 10412 10409
f 10415 10414 10411
f 10416 10415 10412
f 10408 5604 2865
f 10409 10408 5484
f 10410 10409 5483
f 5599 10410 5482
f 5600 10413 10410
f 5601 10416 10413
f 2880 5569 10416
f 5569 5570 10415
f 5570 5571 10414
f 5571 2881 5602
f 10414 5602 5603
f 10411 5603 5604
f 10421 10420 10417
f 10422 10421 10418
f 10424 10423 10420
f 10425 10424 10421
f 10417 5610 2860
f 10418 10417 5469
f 10419 10418 5468
f 5605 10419 5467
f 5606 10422 10419
f 5607 10425 10422
f 2875 5554 10425
f 5554 5555 10424
f 5555 5556 10423
f 5556 2876 5608
f 10423 5608 5609
f 10420 5609 5610
f 10430 10429 10426
f 10431 10430 10427
f 10433 10432 10429
f 10434 10433 10430
f 10426 5613 2871
f 10427 10426 5502
f 10428 10427 5501
f 5598 10428 5500
f 5597 10431 10428
f 5596 10434 10431
f 2886 5587 10434
f 5587 5588 10433
f 5588 5589 10432
f 5589 2887 5611
f 10432 5611 5612
f 10429 5612 5613
f 10439 10438 10435
f 10440 10439 10436
f 10442 10441 10438
f 10443 10442 10439
f 10435 5616 2866
f 10436 10435 5487
f 10437 10436 5486
f 5604 10437 5485
f 5603 10440 10437
f 5602 10443 10440
f 2881 5572 10443
f 5572 5573 10442
f 5573 5574 10441
f 5574 2882 5614
f 10441 5614 5615
f 10438 5615 5616
f 10448 10447 10444
f 10449 10448 10445
f 10451 10450 10447
f 10452 10451 10448
f 10444 5619 2861
f 10445 10444 5472
f 10446 10445 5471
f 5610 10446 5470
f 5609 10449 10446
f 5608 10452 10449
f 2876 5557 10452
f 5557 5558 10451
f 5558 5559 10450
f 5559 2877 5617
f 10450 5617 5618
f 10447 5618 5619
f 10457 10456 10453
f 10458 10457 10454
f 10460 10459 10456
f 10461 10460 10457
f 10453 5622 2872
f 10454 10453 5505
f 10455 10454 5504
f 5613 10455 5503
f 5612 10458 10455
f 5611 10461 10458
f 2887 5590 10461
f 5590 5591 10460
f 5591 5592 10459
f 5592 2888 5620
f 10459 5620 5621
f 10456 5621 5622
f 10466 10465 10462
f 10467 10466 10463
f 10469 10468 10465
f 10470 10469 10466
f 10462 5625 2867
f 10463 10462 5490
f 10464 10463 5489
f 5616 10464 5488
f 5615 10467 10464
f 5614 10470 10467
f 2882 5575 10470
f 5575 5576 10469
f 5576 5577 10468
f 5577 2883 5623
f 10468 5623 5624
f 10465 5624 5625
f 10475 10474 10471
f 10476 10475 10472
f 10478 10477 10474
f 10479 10478 10475
f 10471 5628 2862
f 10472 10471 5475
f 10473 10472 5474
f 5619 10473 5473
f 5618 10476 10473
f 5617 10479 10476
f 2877 5560 10479
f 5560 5561 10478
f 5561 5562 10477
f 5562 2878 5626
f 10477 5626 5627
f 10474 5627 5628
f 10484 10483 10480
f 10485 10484 10481
f 10487 10486 10483
f 10488 10487 10484
f 10480 5631 2868
f 10481 10480 5493
f 10482 10481 5492
f 5625 10482 5491
f 5624 10485 10482
f 5623 10488 10485
f 2883 5578 10488
f 5578 5579 10487
f 5579 5580 10486
f 5580 2884 5629
f 10486 5629 5630
f 10483 5630 5631
f 10493 10492 10489
f 10494 10493 10490
f 10496 10495 10492
f 10497 10496 10493
f 10489 5634 2863
f 10490 10489 5478
f 10491 10490 5477
f 5628 10491 5476
f 5627 10494 10491
f 5626 10497 10494
f 2878 5563 10497
f 5563 5564 10496
f 5564 5565 10495
f 5565 2879 5632
f 10495 5632 5633
f 10492 5633 5634
f 10502 10501 10498
f 10503 10502 10499
f 10505 10504 10501
f 10506 10505 10502
f 10498 5593 2869
f 10499 10498 5496
f 10500 10499 5495
f 5631 10500 5494
f 5630 10503 10500
f 5629 10506 10503
f 2884 5581 10506
f 5581 5582 10505
f 5582 5583 10504
f 5583 2885 5595
f 10504 5595 5594
f 10501 5594 5593
f 10511 10510 10507
f 10512 10511 10508
f 10514 10513 10510
f 10515 10514 10511
f 10507 5599 2864
f 10508 10507 5481
f 10509 10508 5480
f 5634 10509 5479
f 5633 10512 10509
f 5632 10515 10512
f 2879 5566 10515
f 5566 5567 10514
f 5567 5568 10513
f 5568 2880 5601
f 10513 5601 5600
f 10510 5600 5599
f 10520 10519 10516
f 10521 10520 10517
f 10523 10522 10519
f 10524 10523 10520
f 10516 5679 2885
f 10517 10516 5583
f 10518 10517 5582
f 5674 10518 5581
f 5675 10521 10518
f 5676 10524 10521
f 2898 5662 10524
f 5662 5663 10523
f 5663 5664 10522
f 5664 2899 5677
f 10522 5677 5678
f 10519 5678 5679
f 10529 10528 10525
f 10530 10529 10526
f 10532 10531 10528
f 10533 10532 10529
f 10525 5685 2880
f 10526 10525 5568
f 10527 10526 5567
f 5680 10527 5566
f 5681 10530 10527
f 5682 10533 10530
f 2893 5647 10533
f 5647 5648 10532
f 5648 5649 10531
f 5649 2894 5683
f 10531 5683 5684
f 10528 5684 5685
f 10538 10537 10534
f 10539 10538 10535
f 10541 10540 10537
f 10542 10541 10538
f 10534 5691 2886
f 10535 10534 5586
f 10536 10535 5585
f 5679 10536 5584
f 5678 10539 10536
f 5677 10542 10539
f 2899 5665 10542
f 5665 5666 10541
f 5666 5667 10540
f 5667 2900 5689
f 10540 5689 5690
f 10537 5690 5691
f 10547 10546 10543
f 10548 10547 10544
f 10550 10549 10546
f 10551 10550 10547
f 10543 5694 2881
f 10544 10543 5571
f 10545 10544 5570
f 5685 10545 5569
f 5684 10548 10545
f 5683 10551 10548
f 2894 5650 10551
f 5650 5651 10550
f 5651 5652 10549
f 5652 2895 5692
f 10549 5692 5693
f 10546 5693 5694
f 10556 10555 10552
f 10557 10556 10553
f 10559 10558 10555
f 10560 10559 10556
f 10552 5697 2876
f 10553 10552 5556
f 10554 10553 5555
f 5688 10554 5554
f 5687 10557 10554
f 5686 10560 10557
f 2889 5635 10560
f 5635 5636 10559
f 5636 5637 10558
f 5637 2890 5695
f 10558 5695 5696
f 10555 5696 5697
f 10565 10564 10561
f 10566 10565 10562
f 10568 10567 10564
f 10569 10568 10565
f 10561 5700 2887
f 10562 10561 5589
f 10563 10562 5588
f 5691 10563 5587
f 5690 10566 10563
f 5689 10569 10566
f 2900 5668 10569
f 5668 5669 10568
f 5669 5670 10567
f 5670 2901 5698
f 10567 5698 5699
f 10564 5699 5700
f 10574 10573 10570
f 10575 10574 10571
f 10577 10576 10573
f 10578 10577 10574
f 10570 5703 2882
f 10571 10570 5574
f 10572 10571 5573
f 5694 10572 5572
f 5693 10575 10572
f 5692 10578 10575
f 2895 5653 10578
f 5653 5654 10577
f 5654 5655 10576
f 5655 2896 5701
f 10576 5701 5702
f 10573 5702 5703
f 10583 10582 10579
f 10584 10583 10580
f 10586 10585 10582
f 10587 10586 10583
f 10579 5706 2877
f 10580 10579 5559
f 10581 10580 5558
f 5697 10581 5557
f 5696 10584 10581
f 5695 10587 10584
f 2890 5638 10587
f 5638 5639 10586
f 5639 5640 10585
f 5640 2891 5704
f 10585 5704 5705
f 10582 5705 5706
f 10592 10591 10588
f 10593 10592 10589
f 10595 10594 10591
f 10596 10595 10592
f 10588 5709 2888
f 10589 10588 5592
f 10590 10589 5591
f 5700 10590 5590
f 5699 10593 10590
f 5698 10596 10593
f 2901 5671 10596
f 5671 5672 10595
f 5672 5673 10594
f 5673 2902 5707
f 10594 5707 5708
f 10591 5708 5709
f 10601 10600 10597
f 10602 10601 10598
f 10604 10603 10600
f 10605 10604 10601
f 10597 5712 2883
f 10598 10597 5577
f 10599 10598 5576
f 5703 10599 5575
f 5702 10602 10599
f 5701 10605 10602
f 2896 5656 10605
f 5656 5657 10604
f 5657 5658 10603
f 5658 2897 5710
f 10603 5710 5711
f 10600 5711 5712
f 10610 10609 10606
f 10611 10610 10607
f 10613 10612 10609
f 10614 10613 10610
f 10606 5715 2878
f 10607 10606 5562
f 10608 10607 5561
f 5706 10608 5560
f 5705 10611 10608
f 5704 10614 10611
f 2891 5641 10614
f 5641 5642 10613
f 5642 5643 10612
f 5643 2892 5713
f 10612 5713 5714
f 10609 5714 5715
f 10619 10618 10615
f 10620 10619 10616
f 10622 10621 10618
f 10623 10622 10619
f 10615 5674 2884
f 10616 10615 5580
f 10617 10616 5579
f 5712 10617 5578
f 5711 10620 10617
f 5710 10623 10620
f 2897 5659 10623
f 5659 5660 10622
f 5660 5661 10621
f 5661 2898 5676
f 10621 5676 5675
f 10618 5675 5674
f 10628 10627 10624
f 10629 10628 10625
f 10631 10630 10627
f 10632 10631 10628
f 10624 5680 2879
f 10625 10624 5565
f 10626 10625 5564
f 5715 10626 5563
f 5714 10629 10626
f 5713 10632 10629
f 2892 5644 10632
f 5644 5645 10631
f 5645 5646 10630
f 5646 2893 5682
f 10630 5682 5681
f 10627 5681 5680
f 10637 10636 10633
f 10638 10637 10634
f 10640 10639 10636
f 10641 10640 10637
f 10633 6025 2845
f 10634 10633 5449
f 10635 10634 5450
f 5979 10635 5451
f 5978 10638 10635
f 5977 10641 10638
f 2929 5736 10641
f 5736 5735 10640
f 5735 5734 10639
f 5734 2930 6027
f 10639 6027 6026
f 10636 6026 6025
f 10646 10645 10642
f 10647 10646 10643
f 10649 10648 10645
f 10650 10649 10646
f 10642 6037 2700
f 10643 10642 4597
f 10644 10643 4598
f 5955 10644 4599
f 5954 10647 10644
f 5953 10650 10647
f 2919 5796 10650
f 5796 5795 10649
f 5795 5794 10648
f 5794 2920 6039
f 10648 6039 6038
f 10645 6038 6037
f 10655 10654 10651
f 10656 10655 10652
f 10658 10657 10654
f 10659 10658 10655
f 10651 6019 2715
f 10652 10651 4696
f 10653 10652 4697
f 6037 10653 4698
f 6038 10656 10653
f 6039 10659 10656
f 2920 5790 10659
f 5790 5789 10658
f 5789 5788 10657
f 5788 2921 6021
f 10657 6021 6020
f 10654 6020 6019
f 10664 10663 10660
f 10665 10664 10661
f 10667 10666 10663
f 10668 10667 10664
f 10660 5986 2743
f 10661 10660 4885
f 10662 10661 4886
f 6024 10662 4887
f 6023 10665 10662
f 6022 10668 10665
f 2922 5778 10668
f 5778 5777 10667
f 5777 5776 10666
f 5776 2923 5988
f 10666 5988 5987
f 10663 5987 5986
f 10673 10672 10669
f 10674 10673 10670
f 10676 10675 10672
f 10677 10676 10673
f 10669 6031 2626
f 10670 10669 4213
f 10671 10670 4214
f 6036 10671 4215
f 6035 10674 10671
f 6034 10677 10674
f 2914 5826 10677
f 5826 5825 10676
f 5825 5824 10675
f 5824 2915 6033
f 10675 6033 6032
f 10672 6032 6031
f 10682 10681 10678
f 10683 10682 10679
f 10685 10684 10681
f 10686 10685 10682
f 10678 5968 2582
f 10679 10678 3928
f 10680 10679 3929
f 6018 10680 3930
f 6017 10683 10680
f 6016 10686 10683
f 2911 5844 10686
f 5844 5843 10685
f 5843 5842 10684
f 5842 2912 5970
f 10684 5970 5969
f 10681 5969 5968
f 10691 10690 10687
f 10692 10691 10688
f 10694 10693 10690
f 10695 10694 10691
f 10687 6067 3010
f 10688 10687 6126
f 10689 10688 6125
f 6115 10689 6124
f 6116 10692 10689
f 6117 10695 10692
f 2964 5721 10695
f 5721 5720 10694
f 5720 5719 10693
f 5719 2963 6069
f 10693 6069 6068
f 10690 6068 6067
f 10700 10699 10696
f 10701 10700 10697
f 10703 10702 10699
f 10704 10703 10700
f 10696 6036 2612
f 10697 10696 4120
f 10698 10697 4121
f 5973 10698 4122
f 5972 10701 10698
f 5971 10704 10701
f 2913 5832 10704
f 5832 5831 10703
f 5831 5830 10702
f 5830 2914 6034
f 10702 6034 6035
f 10699 6035 6036
f 10709 10708 10705
f 10710 10709 10706
f 10712 10711 10708
f 10713 10712 10709
f 10705 6007 2464
f 10706 10705 3253
f 10707 10706 3254
f 6006 10707 3255
f 6005 10710 10707
f 6004 10713 10710
f 2903 5889 10713
f 5889 5888 10712
f 5888 5887 10711
f 5887 2904 6009
f 10711 6009 6008
f 10708 6008 6007
f 10718 10717 10714
f 10719 10718 10715
f 10721 10720 10717
f 10722 10721 10718
f 10714 5995 2788
f 10715 10714 5122
f 10716 10715 5123
f 5961 10716 5124
f 5960 10719 10716
f 5959 10722 10719
f 2925 5760 10722
f 5760 5759 10721
f 5759 5758 10720
f 5758 2926 5997
f 10720 5997 5996
f 10717 5996 5995
f 10727 10726 10723
f 10728 10727 10724
f 10730 10729 10726
f 10731 10730 10727
f 10723 6028 2641
f 10724 10723 4258
f 10725 10724 4259
f 6031 10725 4260
f 6032 10728 10725
f 6033 10731 10728
f 2915 5820 10731
f 5820 5819 10730
f 5819 5818 10729
f 5818 2916 6030
f 10729 6030 6029
f 10726 6029 6028
f 10736 10735 10732
f 10737 10736 10733
f 10739 10738 10735
f 10740 10739 10736
f 10732 5992 2656
f 10733 10732 4363
f 10734 10733 4364
f 6028 10734 4365
f 6029 10737 10734
f 6030 10740 10737
f 2916 5814 10740
f 5814 5813 10739
f 5813 5812 10738
f 5812 2917 5994
f 10738 5994 5993
f 10735 5993 5992
f 10745 10744 10741
f 10746 10745 10742
f 10748 10747 10744
f 10749 10748 10745
f 10741 5944 2523
f 10742 10741 3586
f 10743 10742 3587
f 5985 10743 3588
f 5984 10746 10743
f 5983 10749 10746
f 2907 5865 10749
f 5865 5864 10748
f 5864 5863 10747
f 5863 2908 5946
f 10747 5946 5945
f 10744 5945 5944
f 10754 10753 10750
f 10755 10754 10751
f 10757 10756 10753
f 10758 10757 10754
f 10750 6013 2553
f 10751 10750 3787
f 10752 10751 3788
f 5949 10752 3789
f 5948 10755 10752
f 5947 10758 10755
f 2909 5853 10758
f 5853 5852 10757
f 5852 5851 10756
f 5851 2910 6015
f 10756 6015 6014
f 10753 6014 6013
f 10763 10762 10759
f 10764 10763 10760
f 10766 10765 10762
f 10767 10766 10763
f 10759 6001 2435
f 10760 10759 5923
f 10761 10760 5924
f 5967 10761 5925
f 5966 10764 10761
f 5965 10767 10764
f 2933 5553 10767
f 5553 5552 10766
f 5552 5551 10765
f 5551 2874 6003
f 10765 6003 6002
f 10762 6002 6001
f 10772 10771 10768
f 10773 10772 10769
f 10775 10774 10771
f 10776 10775 10772
f 10768 6058 3007
f 10769 10768 6129
f 10770 10769 6128
f 6064 10770 6127
f 6065 10773 10770
f 6066 10776 10773
f 2954 5779 10776
f 5779 5780 10775
f 5780 5781 10774
f 5781 2953 6060
f 10774 6060 6059
f 10771 6059 6058
f 10781 10780 10777
f 10782 10781 10778
f 10784 10783 10780
f 10785 10784 10781
f 10777 5989 2859
f 10778 10777 5545
f 10779 10778 5546
f 6025 10779 5547
f 6026 10782 10779
f 6027 10785 10782
f 2930 5730 10785
f 5730 5729 10784
f 5729 5728 10783
f 5728 2931 5991
f 10783 5991 5990
f 10780 5990 5989
f 10790 10789 10786
f 10791 10790 10787
f 10793 10792 10789
f 10794 10793 10790
f 10786 6024 2729
f 10787 10786 4789
f 10788 10787 4790
f 6019 10788 4791
f 6020 10791 10788
f 6021 10794 10791
f 2921 5784 10794
f 5784 5783 10793
f 5783 5782 10792
f 5782 2922 6022
f 10792 6022 6023
f 10789 6023 6024
f 10799 10798 10795
f 10800 10799 10796
f 10802 10801 10798
f 10803 10802 10799
f 10795 5974 2817
f 10796 10795 5277
f 10797 10796 5276
f 6000 10797 5275
f 5999 10800 10797
f 5998 10803 10800
f 2927 5746 10803
f 5746 5747 10802
f 5747 5748 10801
f 5748 2928 5976
f 10801 5976 5975
f 10798 5975 5974
f 10808 10807 10804
f 10809 10808 10805
f 10811 10810 10807
f 10812 10811 10808
f 10804 6018 2568
f 10805 10804 3840
f 10806 10805 3839
f 6013 10806 3838
f 6014 10809 10806
f 6015 10812 10809
f 2910 5845 10812
f 5845 5846 10811
f 5846 5847 10810
f 5847 2911 6016
f 10810 6016 6017
f 10807 6017 6018
f 10817 10816 10813
f 10818 10817 10814
f 10820 10819 10816
f 10821 10820 10817
f 10813 5980 2493
f 10814 10813 3439
f 10815 10814 3440
f 6012 10815 3441
f 6011 10818 10815
f 6010 10821 10818
f 2905 5877 10821
f 5877 5876 10820
f 5876 5875 10819
f 5875 2906 5982
f 10819 5982 5981
f 10816 5981 5980
f 10826 10825 10822
f 10827 10826 10823
f 10829 10828 10825
f 10830 10829 10826
f 10822 6055 3006
f 10823 10822 6132
f 10824 10823 6131
f 6058 10824 6130
f 6059 10827 10824
f 6060 10830 10827
f 2953 5785 10830
f 5785 5786 10829
f 5786 5787 10828
f 5787 2952 6057
f 10828 6057 6056
f 10825 6056 6055
f 10835 10834 10831
f 10836 10835 10832
f 10838 10837 10834
f 10839 10838 10835
f 10831 6012 2479
f 10832 10831 3346
f 10833 10832 3347
f 6007 10833 3348
f 6008 10836 10833
f 6009 10839 10836
f 2904 5883 10839
f 5883 5882 10838
f 5882 5881 10837
f 5881 2905 6010
f 10837 6010 6011
f 10834 6011 6012
f 10844 10843 10840
f 10845 10844 10841
f 10847 10846 10843
f 10848 10847 10844
f 10840 6006 2449
f 10841 10840 3163
f 10842 10841 3164
f 6001 10842 3165
f 6002 10845 10842
f 6003 10848 10845
f 2874 5898 10848
f 5898 5897 10847
f 5897 5896 10846
f 5896 2903 6004
f 10846 6004 6005
f 10843 6005 6006
f 10853 10852 10849
f 10854 10853 10850
f 10856 10855 10852
f 10857 10856 10853
f 10849 6000 2802
f 10850 10849 5218
f 10851 10850 5219
f 5995 10851 5220
f 5996 10854 10851
f 5997 10857 10854
f 2926 5754 10857
f 5754 5753 10856
f 5753 5752 10855
f 5752 2927 5998
f 10855 5998 5999
f 10852 5999 6000
f 10862 10861 10858
f 10863 10862 10859
f 10865 10864 10861
f 10866 10865 10862
f 10858 5950 2671
f 10859 10858 4456
f 10860 10859 4457
f 5992 10860 4458
f 5993 10863 10860
f 5994 10866 10863
f 2917 5808 10866
f 5808 5807 10865
f 5807 5806 10864
f 5806 2918 5952
f 10864 5952 5951
f 10861 5951 5950
f 10871 10870 10867
f 10872 10871 10868
f 10874 10873 10870
f 10875 10874 10871
f 10867 5962 2875
f 10868 10867 5607
f 10869 10868 5606
f 5989 10869 5605
f 5990 10872 10869
f 5991 10875 10872
f 2931 5722 10875
f 5722 5723 10874
f 5723 5724 10873
f 5724 2932 5964
f 10873 5964 5963
f 10870 5963 5962
f 10880 10879 10876
f 10881 10880 10877
f 10883 10882 10879
f 10884 10883 10880
f 10876 5956 2758
f 10877 10876 4944
f 10878 10877 4943
f 5986 10878 4942
f 5987 10881 10878
f 5988 10884 10881
f 2923 5770 10884
f 5770 5771 10883
f 5771 5772 10882
f 5772 2924 5958
f 10882 5958 5957
f 10879 5957 5956
f 10889 10888 10885
f 10890 10889 10886
f 10892 10891 10888
f 10893 10892 10889
f 10885 5985 2508
f 10886 10885 3495
f 10887 10886 3494
f 5980 10887 3493
f 5981 10890 10887
f 5982 10893 10890
f 2906 5869 10893
f 5869 5870 10892
f 5870 5871 10891
f 5871 2907 5983
f 10891 5983 5984
f 10888 5984 5985
f 10898 10897 10894
f 10899 10898 10895
f 10901 10900 10897
f 10902 10901 10898
f 10894 5979 2831
f 10895 10894 5356
f 10896 10895 5357
f 5974 10896 5358
f 5975 10899 10896
f 5976 10902 10899
f 2928 5742 10902
f 5742 5741 10901
f 5741 5740 10900
f 5740 2929 5977
f 10900 5977 5978
f 10897 5978 5979
f 10907 10906 10903
f 10908 10907 10904
f 10910 10909 10906
f 10911 10910 10907
f 10903 5973 2597
f 10904 10903 4027
f 10905 10904 4028
f 5968 10905 4029
f 5969 10908 10905
f 5970 10911 10908
f 2912 5838 10911
f 5838 5837 10910
f 5837 5836 10909
f 5836 2913 5971
f 10909 5971 5972
f 10906 5972 5973
f 10916 10915 10912
f 10917 10916 10913
f 10919 10918 10915
f 10920 10919 10916
f 10912 5967 2889
f 10913 10912 5686
f 10914 10913 5687
f 5962 10914 5688
f 5963 10917 10914
f 5964 10920 10917
f 2932 5718 10920
f 5718 5717 10919
f 5717 5716 10918
f 5716 2933 5965
f 10918 5965 5966
f 10915 5966 5967
f 10925 10924 10921
f 10926 10925 10922
f 10928 10927 10924
f 10929 10928 10925
f 10921 6115 3001
f 10922 10921 6135
f 10923 10922 6134
f 6046 10923 6133
f 6047 10926 10923
f 6048 10929 10926
f 2757 4843 10929
f 4843 4844 10928
f 4844 4845 10927
f 4845 2964 6117
f 10927 6117 6116
f 10924 6116 6115
f 10934 10933 10930
f 10935 10934 10931
f 10937 10936 10933
f 10938 10937 10934
f 10930 5961 2773
f 10931 10930 5029
f 10932 10931 5030
f 5956 10932 5031
f 5957 10935 10932
f 5958 10938 10935
f 2924 5766 10938
f 5766 5765 10937
f 5765 5764 10936
f 5764 2925 5959
f 10936 5959 5960
f 10933 5960 5961
f 10943 10942 10939
f 10944 10943 10940
f 10946 10945 10942
f 10947 10946 10943
f 10939 6040 2997
f 10940 10939 6138
f 10941 10940 6137
f 6043 10941 6136
f 6044 10944 10941
f 6045 10947 10944
f 2961 5737 10947
f 5737 5738 10946
f 5738 5739 10945
f 5739 2960 6042
f 10945 6042 6041
f 10942 6041 6040
f 10952 10951 10948
f 10953 10952 10949
f 10955 10954 10951
f 10956 10955 10952
f 10948 5955 2685
f 10949 10948 4552
f 10950 10949 4553
f 5950 10950 4554
f 5951 10953 10950
f 5952 10956 10953
f 2918 5802 10956
f 5802 5801 10955
f 5801 5800 10954
f 5800 2919 5953
f 10954 5953 5954
f 10951 5954 5955
f 10961 10960 10957
f 10962 10961 10958
f 10964 10963 10960
f 10965 10964 10961
f 10957 5910 2898
f 10958 10957 5661
f 10959 10958 5660
f 5905 10959 5659
f 5906 10962 10959
f 5907 10965 10962
f 2443 3100 10965
f 3100 3101 10964
f 3101 3102 10963
f 3102 2444 5908
f 10963 5908 5909
f 10960 5909 5910
f 10970 10969 10966
f 10971 10970 10967
f 10973 10972 10969
f 10974 10973 10970
f 10966 5916 2893
f 10967 10966 5646
f 10968 10967 5645
f 5911 10968 5644
f 5912 10971 10968
f 5913 10974 10971
f 2438 3085 10974
f 3085 3086 10973
f 3086 3087 10972
f 3087 2439 5914
f 10972 5914 5915
f 10969 5915 5916
f 10979 10978 10975
f 10980 10979 10976
f 10982 10981 10978
f 10983 10982 10979
f 10975 6112 2998
f 10976 10975 6141
f 10977 10976 6140
f 6040 10977 6139
f 6041 10980 10977
f 6042 10983 10980
f 2960 5745 10983
f 5745 5744 10982
f 5744 5743 10981
f 5743 2959 6114
f 10981 6114 6113
f 10978 6113 6112
f 10988 10987 10984
f 10989 10988 10985
f 10991 10990 10987
f 10992 10991 10988
f 10984 5919 2899
f 10985 10984 5664
f 10986 10985 5663
f 5910 10986 5662
f 5909 10989 10986
f 5908 10992 10989
f 2444 3103 10992
f 3103 3104 10991
f 3104 3105 10990
f 3105 2445 5917
f 10990 5917 5918
f 10987 5918 5919
f 10997 10996 10993
f 10998 10997 10994
f 11000 10999 10996
f 11001 11000 10997
f 10993 5922 2894
f 10994 10993 5649
f 10995 10994 5648
f 5916 10995 5647
f 5915 10998 10995
f 5914 11001 10998
f 2439 3088 11001
f 3088 3089 11000
f 3089 3090 10999
f 3090 2440 5920
f 10999 5920 5921
f 10996 5921 5922
f 11006 11005 11002
f 11007 11006 11003
f 11009 11008 11005
f 11010 11009 11006
f 11002 5949 2538
f 11003 11002 3688
f 11004 11003 3689
f 5944 11004 3690
f 5945 11007 11004
f 5946 11010 11007
f 2908 5859 11010
f 5859 5858 11009
f 5858 5857 11008
f 5857 2909 5947
f 11008 5947 5948
f 11005 5948 5949
f 11015 11014 11011
f 11016 11015 11012
f 11018 11017 11014
f 11019 11018 11015
f 11011 5928 2900
f 11012 11011 5667
f 11013 11012 5666
f 5919 11013 5665
f 5918 11016 11013
f 5917 11019 11016
f 2445 3106 11019
f 3106 3107 11018
f 3107 3108 11017
f 3108 2446 5926
f 11017 5926 5927
f 11014 5927 5928
f 11024 11023 11020
f 11025 11024 11021
f 11027 11026 11023
f 11028 11027 11024
f 11020 5931 2895
f 11021 11020 5652
f 11022 11021 5651
f 5922 11022 5650
f 5921 11025 11022
f 5920 11028 11025
f 2440 3091 11028
f 3091 3092 11027
f 3092 3093 11026
f 3093 2441 5929
f 11026 5929 5930
f 11023 5930 5931
f 11033 11032 11029
f 11034 11033 11030
f 11036 11035 11032
f 11037 11036 11033
f 11029 5934 2890
f 11030 11029 5637
f 11031 11030 5636
f 5925 11031 5635
f 5924 11034 11031
f 5923 11037 11034
f 2435 3076 11037
f 3076 3077 11036
f 3077 3078 11035
f 3078 2436 5932
f 11035 5932 5933
f 11032 5933 5934
f 11042 11041 11038
f 11043 11042 11039
f 11045 11044 11041
f 11046 11045 11042
f 11038 5937 2901
f 11039 11038 5670
f 11040 11039 5669
f 5928 11040 5668
f 5927 11043 11040
f 5926 11046 11043
f 2446 3109 11046
f 3109 3110 11045
f 3110 3111 11044
f 3111 2447 5935
f 11044 5935 5936
f 11041 5936 5937
f 11051 11050 11047
f 11052 11051 11048
f 11054 11053 11050
f 11055 11054 11051
f 11047 5940 2896
f 11048 11047 5655
f 11049 11048 5654
f 5931 11049 5653
f 5930 11052 11049
f 5929 11055 11052
f 2441 3094 11055
f 3094 3095 11054
f 3095 3096 11053
f 3096 2442 5938
f 11053 5938 5939
f 11050 5939 5940
f 11060 11059 11056
f 11061 11060 11057
f 11063 11062 11059
f 11064 11063 11060
f 11056 5943 2891
f 11057 11056 5640
f 11058 11057 5639
f 5934 11058 5638
f 5933 11061 11058
f 5932 11064 11061
f 2436 3079 11064
f 3079 3080 11063
f 3080 3081 11062
f 3081 2437 5941
f 11062 5941 5942
f 11059 5942 5943
f 11069 11068 11065
f 11070 11069 11066
f 11072 11071 11068
f 11073 11072 11069
f 11065 5902 2902
f 11066 11065 5673
f 11067 11066 5672
f 5937 11067 5671
f 5936 11070 11067
f 5935 11073 11070
f 2447 3112 11073
f 3112 3113 11072
f 3113 3114 11071
f 3114 2448 5904
f 11071 5904 5903
f 11068 5903 5902
f 11078 11077 11074
f 11079 11078 11075
f 11081 11080 11077
f 11082 11081 11078
f 11074 5905 2897
f 11075 11074 5658
f 11076 11075 5657
f 5940 11076 5656
f 5939 11079 11076
f 5938 11082 11079
f 2442 3097 11082
f 3097 3098 11081
f 3098 3099 11080
f 3099 2443 5907
f 11080 5907 5906
f 11077 5906 5905
f 11087 11086 11083
f 11088 11087 11084
f 11090 11089 11086
f 11091 11090 11087
f 11083 5911 2892
f 11084 11083 5643
f 11085 11084 5642
f 5943 11085 5641
f 5942 11088 11085
f 5941 11091 11088
f 2437 3082 11091
f 3082 3083 11090
f 3083 3084 11089
f 3084 2438 5913
f 11089 5913 5912
f 11086 5912 5911
f 11096 11095 11092
f 11097 11096 11093
f 11099 11098 11095
f 11100 11099 11096
f 11092 6096 2956
f 11093 11092 5763
f 11094 11093 5762
f 6087 11094 5761
f 6086 11097 11094
f 6085 11100 11097
f 2981 6103 11100
f 6103 6104 11099
f 6104 6105 11098
f 6105 2985 6094
f 11098 6094 6095
f 11095 6095 6096
f 11105 11104 11101
f 11106 11105 11102
f 11108 11107 11104
f 11109 11108 11105
f 11101 6217 2655
f 11102 11101 4351
f 11103 11102 4352
f 6166 11103 4353
f 6167 11106 11103
f 6168 11109 11106
f 2948 5817 11109
f 5817 5816 11108
f 5816 5815 11107
f 5815 2947 6219
f 11107 6219 6218
f 11104 6218 6217
f 11114 11113 11110
f 11115 11114 11111
f 11117 11116 11113
f 11118 11117 11114
f 11110 6043 2999
f 11111 11110 6249
f 11112 11111 6248
f 6184 11112 6247
f 6185 11115 11112
f 6186 11118 11115
f 2962 5731 11118
f 5731 5732 11117
f 5732 5733 11116
f 5733 2961 6045
f 11116 6045 6044
f 11113 6044 6043
f 11123 11122 11119
f 11124 11123 11120
f 11126 11125 11122
f 11127 11126 11123
f 11119 6181 2478
f 11120 11119 6156
f 11121 11120 6155
f 6121 11121 6154
f 6122 11124 11121
f 6123 11127 11124
f 2936 5890 11127
f 5890 5891 11126
f 5891 5892 11125
f 5892 2935 6183
f 11125 6183 6182
f 11122 6182 6181
f 11132 11131 11128
f 11133 11132 11129
f 11135 11134 11131
f 11136 11135 11132
f 11128 6178 2772
f 11129 11128 5014
f 11130 11129 5015
f 6265 11130 5016
f 6266 11133 11130
f 6267 11136 11133
f 2956 5769 11136
f 5769 5768 11135
f 5768 5767 11134
f 5767 2955 6180
f 11134 6180 6179
f 11131 6179 6178
f 11141 11140 11137
f 11142 11141 11138
f 11144 11143 11140
f 11145 11144 11141
f 11137 6262 2537
f 11138 11137 3679
f 11139 11138 3680
f 6175 11139 3681
f 6176 11142 11139
f 6177 11145 11142
f 2940 5868 11145
f 5868 5867 11144
f 5867 5866 11143
f 5866 2939 6264
f 11143 6264 6263
f 11140 6263 6262
f 11150 11149 11146
f 11151 11150 11147
f 11153 11152 11149
f 11154 11153 11150
f 11146 6195 2611
f 11147 11146 4005
f 11148 11147 4004
f 4095 11148 4003
f 4094 11151 11148
f 4093 11154 11151
f 2625 6196 11154
f 6196 6197 11153
f 6197 6198 11152
f 6198 3008 6193
f 11152 6193 6194
f 11149 6194 6195
f 11159 11158 11155
f 11160 11159 11156
f 11162 11161 11158
f 11163 11162 11159
f 11155 6159 3000
f 11156 11155 6162
f 11157 11156 6161
f 3189 11157 6160
f 3188 11160 11157
f 3187 11163 11160
f 2462 3154 11163
f 3154 3155 11162
f 3155 3156 11161
f 3156 2463 6157
f 11161 6157 6158
f 11158 6158 6159
f 11168 11167 11164
f 11169 11168 11165
f 11171 11170 11167
f 11172 11171 11168
f 11164 6049 3002
f 11165 11164 6276
f 11166 11165 6275
f 6208 11166 6274
f 6209 11169 11166
f 6210 11172 11169
f 2943 5848 11172
f 5848 5849 11171
f 5849 5850 11170
f 5850 2942 6051
f 11170 6051 6050
f 11167 6050 6049
f 11177 11176 11173
f 11178 11177 11174
f 11180 11179 11176
f 11181 11180 11177
f 11173 6234 2670
f 11174 11173 4344
f 11175 11174 4343
f 4441 11175 4342
f 4442 11178 11175
f 4443 11181 11178
f 2684 6190 11181
f 6190 6191 11180
f 6191 6192 11179
f 6192 3003 6232
f 11179 6232 6233
f 11176 6233 6234
f 11186 11185 11182
f 11187 11186 11183
f 11189 11188 11185
f 11190 11189 11186
f 11182 6135 3001
f 11183 11182 6171
f 11184 11183 6170
f 5902 11184 6169
f 5903 11187 11184
f 5904 11190 11187
f 2448 6160 11190
f 6160 6161 11189
f 6161 6162 11188
f 6162 3000 6133
f 11188 6133 6134
f 11185 6134 6135
f 11195 11194 11191
f 11196 11195 11192
f 11198 11197 11194
f 11199 11198 11195
f 11191 6226 2714
f 11192 11191 4596
f 11193 11192 4595
f 4719 11193 4594
f 4718 11196 11193
f 4717 11199 11196
f 2728 6235 11199
f 6235 6236 11198
f 6236 6237 11197
f 6237 3006 6228
f 11197 6228 6227
f 11194 6227 6226
f 11204 11203 11200
f 11205 11204 11201
f 11207 11206 11203
f 11208 11207 11204
f 11200 6282 3005
f 11201 11200 6165
f 11202 11201 6164
f 3414 11202 6163
f 3413 11205 11202
f 3412 11208 11205
f 2506 3406 11208
f 3406 3407 11207
f 3407 3408 11206
f 3408 2507 6280
f 11206 6280 6281
f 11203 6281 6282
f 11213 11212 11209
f 11214 11213 11210
f 11216 11215 11212
f 11217 11216 11213
f 11209 6220 2567
f 11210 11209 6285
f 11211 11210 6284
f 6049 11211 6283
f 6050 11214 11211
f 6051 11217 11214
f 2942 5854 11217
f 5854 5855 11216
f 5855 5856 11215
f 5856 2941 6222
f 11215 6222 6221
f 11212 6221 6220
f 11222 11221 11218
f 11223 11222 11219
f 11225 11224 11221
f 11226 11225 11222
f 11218 6175 2552
f 11219 11218 3774
f 11220 11219 3773
f 6220 11220 3772
f 6221 11223 11220
f 6222 11226 11223
f 2941 5860 11226
f 5860 5861 11225
f 5861 5862 11224
f 5862 2940 6177
f 11224 6177 6176
f 11221 6176 6175
f 11231 11230 11227
f 11232 11231 11228
f 11234 11233 11230
f 11235 11234 11231
f 11227 6061 3008
f 11228 11227 6201
f 11229 11228 6200
f 6187 11229 6199
f 6188 11232 11229
f 6189 11235 11232
f 2946 5827 11235
f 5827 5828 11234
f 5828 5829 11233
f 5829 2945 6063
f 11233 6063 6062
f 11230 6062 6061
f 11240 11239 11236
f 11241 11240 11237
f 11243 11242 11239
f 11244 11243 11240
f 11236 6126 3010
f 11237 11236 6240
f 11238 11237 6239
f 5709 11238 6238
f 5708 11241 11238
f 5707 11244 11241
f 2902 6169 11244
f 6169 6170 11243
f 6170 6171 11242
f 6171 3001 6124
f 11242 6124 6125
f 11239 6125 6126
f 11249 11248 11245
f 11250 11249 11246
f 11252 11251 11248
f 11253 11252 11249
f 11245 6174 2873
f 11246 11245 5508
f 11247 11246 5507
f 5622 11247 5506
f 5621 11250 11247
f 5620 11253 11250
f 2888 6238 11253
f 6238 6239 11252
f 6239 6240 11251
f 6240 3010 6172
f 11251 6172 6173
f 11248 6173 6174
f 11258 11257 11254
f 11259 11258 11255
f 11261 11260 11257
f 11262 11261 11258
f 11254 6118 3004
f 11255 11254 6147
f 11256 11255 6146
f 6205 11256 6145
f 6206 11259 11256
f 6207 11262 11259
f 2958 5755 11262
f 5755 5756 11261
f 5756 5757 11260
f 5757 2957 6120
f 11260 6120 6119
f 11257 6119 6118
f 11267 11266 11263
f 11268 11267 11264
f 11270 11269 11266
f 11271 11270 11267
f 11263 6046 3000
f 11264 11263 6159
f 11265 11264 6158
f 6214 11265 6157
f 6215 11268 11265
f 6216 11271 11268
f 2934 5899 11271
f 5899 5900 11270
f 5900 5901 11269
f 5901 2757 6048
f 11269 6048 6047
f 11266 6047 6046
f 11276 11275 11272
f 11277 11276 11273
f 11279 11278 11275
f 11280 11279 11276
f 11272 6121 3005
f 11273 11272 6282
f 11274 11273 6281
f 6211 11274 6280
f 6212 11277 11274
f 6213 11280 11277
f 2937 5884 11280
f 5884 5885 11279
f 5885 5886 11278
f 5886 2936 6123
f 11278 6123 6122
f 11275 6122 6121
f 11285 11284 11281
f 11286 11285 11282
f 11288 11287 11284
f 11289 11288 11285
f 11281 6150 2787
f 11282 11281 5013
f 11283 11282 5012
f 5104 11283 5011
f 5105 11286 11283
f 5106 11289 11286
f 2801 6250 11289
f 6250 6251 11288
f 6251 6252 11287
f 6252 3004 6148
f 11287 6148 6149
f 11284 6149 6150
f 11294 11293 11290
f 11295 11294 11291
f 11297 11296 11293
f 11298 11297 11294
f 11290 6166 2670
f 11291 11290 6234
f 11292 11291 6233
f 6052 11292 6232
f 6053 11295 11292
f 6054 11298 11295
f 2949 5809 11298
f 5809 5810 11297
f 5810 5811 11296
f 5811 2948 6168
f 11296 6168 6167
f 11293 6167 6166
f 11303 11302 11299
f 11304 11303 11300
f 11306 11305 11302
f 11307 11306 11303
f 11299 6141 2998
f 11300 11299 6153
f 11301 11300 6152
f 5379 11301 6151
f 5378 11304 11301
f 5377 11307 11304
f 2844 6244 11307
f 6244 6245 11306
f 6245 6246 11305
f 6246 2997 6139
f 11305 6139 6140
f 11302 6140 6141
f 11312 11311 11308
f 11313 11312 11309
f 11315 11314 11311
f 11316 11315 11312
f 11308 6231 3003
f 11309 11308 6192
f 11310 11309 6191
f 4533 11310 6190
f 4532 11313 11310
f 4531 11316 11313
f 2698 4510 11316
f 4510 4511 11315
f 4511 4512 11314
f 4512 2699 6229
f 11314 6229 6230
f 11311 6230 6231
f 11321 11320 11317
f 11322 11321 11318
f 11324 11323 11320
f 11325 11324 11321
f 11317 6249 2999
f 11318 11317 6243
f 11319 11318 6242
f 5526 11319 6241
f 5525 11322 11319
f 5524 11325 11322
f 2872 5506 11325
f 5506 5507 11324
f 5507 5508 11323
f 5508 2873 6247
f 11323 6247 6248
f 11320 6248 6249
f 11330 11329 11326
f 11331 11330 11327
f 11333 11332 11329
f 11334 11333 11330
f 11326 6129 3007
f 11327 11326 6258
f 11328 11327 6257
f 4866 11328 6256
f 4865 11331 11328
f 4864 11334 11331
f 2756 6253 11334
f 6253 6254 11333
f 6254 6255 11332
f 6255 3009 6127
f 11332 6127 6128
f 11329 6128 6129
f 11339 11338 11335
f 11340 11339 11336
f 11342 11341 11338
f 11343 11342 11339
f 11335 6202 2611
f 11336 11335 6195
f 11337 11336 6194
f 6061 11337 6193
f 6062 11340 11337
f 6063 11343 11340
f 2945 5833 11343
f 5833 5834 11342
f 5834 5835 11341
f 5835 2944 6204
f 11341 6204 6203
f 11338 6203 6202
f 11348 11347 11344
f 11349 11348 11345
f 11351 11350 11347
f 11352 11351 11348
f 11344 6285 2567
f 11345 11344 3753
f 11346 11345 3752
f 3861 11346 3751
f 3860 11349 11346
f 3859 11352 11349
f 2581 6277 11352
f 6277 6278 11351
f 6278 6279 11350
f 6279 3002 6283
f 11350 6283 6284
f 11347 6284 6285
f 11357 11356 11353
f 11358 11357 11354
f 11360 11359 11356
f 11361 11360 11357
f 11353 6201 3008
f 11354 11353 6198
f 11355 11354 6197
f 4194 11355 6196
f 4193 11358 11355
f 4192 11361 11358
f 2639 4171 11361
f 4171 4172 11360
f 4172 4173 11359
f 4173 2640 6199
f 11359 6199 6200
f 11356 6200 6201
f 11366 11365 11362
f 11367 11366 11363
f 11369 11368 11365
f 11370 11369 11366
f 11362 6265 2787
f 11363 11362 6150
f 11364 11363 6149
f 6118 11364 6148
f 6119 11367 11364
f 6120 11370 11367
f 2957 5761 11370
f 5761 5762 11369
f 5762 5763 11368
f 5763 2956 6267
f 11368 6267 6266
f 11365 6266 6265
f 11375 11374 11371
f 11376 11375 11372
f 11378 11377 11374
f 11379 11378 11375
f 11371 6147 3004
f 11372 11371 6252
f 11373 11372 6251
f 5199 11373 6250
f 5198 11376 11373
f 5197 11379 11376
f 2815 5179 11379
f 5179 5180 11378
f 5180 5181 11377
f 5181 2816 6145
f 11377 6145 6146
f 11374 6146 6147
f 11384 11383 11380
f 11385 11384 11381
f 11387 11386 11383
f 11388 11387 11384
f 11380 6276 3002
f 11381 11380 6279
f 11382 11381 6278
f 3954 11382 6277
f 3953 11385 11382
f 3952 11388 11385
f 2595 3919 11388
f 3919 3920 11387
f 3920 3921 11386
f 3921 2596 6274
f 11386 6274 6275
f 11383 6275 6276
f 11393 11392 11389
f 11394 11393 11390
f 11396 11395 11392
f 11397 11396 11393
f 11389 6261 3009
f 11390 11389 6255
f 11391 11390 6254
f 4959 11391 6253
f 4958 11394 11391
f 4957 11397 11394
f 2771 4927 11397
f 4927 4928 11396
f 4928 4929 11395
f 4929 2772 6259
f 11395 6259 6260
f 11392 6260 6261
f 11402 11401 11398
f 11403 11402 11399
f 11405 11404 11401
f 11406 11405 11402
f 11398 6132 3006
f 11399 11398 6237
f 11400 11399 6236
f 4774 11400 6235
f 4775 11403 11400
f 4776 11406 11403
f 2742 6256 11406
f 6256 6257 11405
f 6257 6258 11404
f 6258 3007 6130
f 11404 6130 6131
f 11401 6131 6132
f 11411 11410 11407
f 11412 11411 11408
f 11414 11413 11410
f 11415 11414 11411
f 11407 6156 2478
f 11408 11407 3240
f 11409 11408 3239
f 3325 11409 3238
f 3326 11412 11409
f 3327 11415 11412
f 2492 6163 11415
f 6163 6164 11414
f 6164 6165 11413
f 6165 3005 6154
f 11413 6154 6155
f 11410 6155 6156
f 11420 11419 11416
f 11421 11420 11417
f 11423 11422 11419
f 11424 11423 11420
f 11416 6205 2816
f 11417 11416 6144
f 11418 11417 6143
f 6112 11418 6142
f 6113 11421 11418
f 6114 11424 11421
f 2959 5749 11424
f 5749 5750 11423
f 5750 5751 11422
f 5751 2958 6207
f 11422 6207 6206
f 11419 6206 6205
f 11429 11428 11425
f 11430 11429 11426
f 11432 11431 11428
f 11433 11432 11429
f 11425 6052 3003
f 11426 11425 6231
f 11427 11426 6230
f 6268 11427 6229
f 6269 11430 11427
f 6270 11433 11430
f 2950 5803 11433
f 5803 5804 11432
f 5804 5805 11431
f 5805 2949 6054
f 11431 6054 6053
f 11428 6053 6052
f 11438 11437 11434
f 11439 11438 11435
f 11441 11440 11437
f 11442 11441 11438
f 11434 6214 2463
f 11435 11434 3285
f 11436 11435 3284
f 6181 11436 3283
f 6182 11439 11436
f 6183 11442 11439
f 2935 5893 11442
f 5893 5894 11441
f 5894 5895 11440
f 5895 2934 6216
f 11440 6216 6215
f 11437 6215 6214
f 11447 11446 11443
f 11448 11447 11444
f 11450 11449 11446
f 11451 11450 11447
f 11443 6208 2596
f 11444 11443 4018
f 11445 11444 4019
f 6202 11445 4020
f 6203 11448 11445
f 6204 11451 11448
f 2944 5841 11451
f 5841 5840 11450
f 5840 5839 11449
f 5839 2943 6210
f 11449 6210 6209
f 11446 6209 6208
f 11456 11455 11452
f 11457 11456 11453
f 11459 11458 11455
f 11460 11459 11456
f 11452 6064 3009
f 11453 11452 6261
f 11454 11453 6260
f 6178 11454 6259
f 6179 11457 11454
f 6180 11460 11457
f 2955 5773 11460
f 5773 5774 11459
f 5774 5775 11458
f 5775 2954 6066
f 11458 6066 6065
f 11455 6065 6064
f 11465 11464 11461
f 11466 11465 11462
f 11468 11467 11464
f 11469 11468 11465
f 11461 6184 2873
f 11462 11461 6174
f 11463 11462 6173
f 6067 11463 6172
f 6068 11466 11463
f 6069 11469 11466
f 2963 5725 11469
f 5725 5726 11468
f 5726 5727 11467
f 5727 2962 6186
f 11467 6186 6185
f 11464 6185 6184
f 11474 11473 11470
f 11475 11474 11471
f 11477 11476 11473
f 11478 11477 11474
f 11470 6223 2714
f 11471 11470 6226
f 11472 11471 6227
f 6055 11472 6228
f 6056 11475 11472
f 6057 11478 11475
f 2952 5793 11478
f 5793 5792 11477
f 5792 5791 11476
f 5791 2951 6225
f 11476 6225 6224
f 11473 6224 6223
f 11483 11482 11479
f 11484 11483 11480
f 11486 11485 11482
f 11487 11486 11483
f 11479 6144 2816
f 11480 11479 5181
f 11481 11480 5180
f 5292 11481 5179
f 5291 11484 11481
f 5290 11487 11484
f 2830 6151 11487
f 6151 6152 11486
f 6152 6153 11485
f 6153 2998 6142
f 11485 6142 6143
f 11482 6143 6144
f 11492 11491 11488
f 11493 11492 11489
f 11495 11494 11491
f 11496 11495 11492
f 11488 6211 2507
f 11489 11488 3525
f 11490 11489 3524
f 6271 11490 3523
f 6272 11493 11490
f 6273 11496 11493
f 2938 5878 11496
f 5878 5879 11495
f 5879 5880 11494
f 5880 2937 6213
f 11494 6213 6212
f 11491 6212 6211
f 11501 11500 11497
f 11502 11501 11498
f 11504 11503 11500
f 11505 11504 11501
f 11497 6271 2522
f 11498 11497 3621
f 11499 11498 3620
f 6262 11499 3619
f 6263 11502 11499
f 6264 11505 11502
f 2939 5872 11505
f 5872 5873 11504
f 5873 5874 11503
f 5874 2938 6273
f 11503 6273 6272
f 11500 6272 6271
f 11510 11509 11506
f 11511 11510 11507
f 11513 11512 11509
f 11514 11513 11510
f 11506 6138 2997
f 11507 11506 6246
f 11508 11507 6245
f 5431 11508 6244
f 5432 11511 11508
f 5433 11514 11511
f 2858 6241 11514
f 6241 6242 11513
f 6242 6243 11512
f 6243 2999 6136
f 11512 6136 6137
f 11509 6137 6138
f 11519 11518 11515
f 11520 11519 11516
f 11522 11521 11518
f 11523 11522 11519
f 11515 6268 2699
f 11516 11515 4635
f 11517 11516 4634
f 6223 11517 4633
f 6224 11520 11517
f 6225 11523 11520
f 2951 5797 11523
f 5797 5798 11522
f 5798 5799 11521
f 5799 2950 6270
f 11521 6270 6269
f 11518 6269 6268
f 11528 11527 11524
f 11529 11528 11525
f 11531 11530 11527
f 11532 11531 11528
f 11524 6187 2640
f 11525 11524 4296
f 11526 11525 4295
f 6217 11526 4294
f 6218 11529 11526
f 6219 11532 11529
f 2947 5821 11532
f 5821 5822 11531
f 5822 5823 11530
f 5823 2946 6189
f 11530 6189 6188
f 11527 6188 6187
f 11537 11536 11533
f 11538 11537 11534
f 11540 11539 11536
f 11541 11540 11537
f 11533 6481 3044
f 11534 11533 6576
f 11535 11534 6575
f 6382 11535 6574
f 6383 11538 11535
f 6384 11541 11538
f 3017 6363 11541
f 6363 6362 11540
f 6362 6361 11539
f 6361 3018 6483
f 11539 6483 6482
f 11536 6482 6481
f 11546 11545 11542
f 11547 11546 11543
f 11549 11548 11545
f 11550 11549 11546
f 11542 6487 3046
f 11543 11542 6579
f 11544 11543 6578
f 6388 11544 6577
f 6389 11547 11544
f 6390 11550 11547
f 3042 6288 11550
f 6288 6287 11549
f 6287 6286 11548
f 6286 3011 6489
f 11548 6489 6488
f 11545 6488 6487
f 11555 11554 11551
f 11556 11555 11552
f 11558 11557 11554
f 11559 11558 11555
f 11551 6493 3048
f 11552 11551 6582
f 11553 11552 6581
f 6394 11553 6580
f 6395 11556 11553
f 6396 11559 11556
f 3035 6309 11559
f 6309 6308 11558
f 6308 6307 11557
f 6307 3036 6495
f 11557 6495 6494
f 11554 6494 6493
f 11564 11563 11560
f 11565 11564 11561
f 11567 11566 11563
f 11568 11567 11564
f 11560 6499 3050
f 11561 11560 6585
f 11562 11561 6584
f 6400 11562 6583
f 6401 11565 11562
f 6402 11568 11565
f 3038 6300 11568
f 6300 6299 11567
f 6299 6298 11566
f 6298 3039 6501
f 11566 6501 6500
f 11563 6500 6499
f 11573 11572 11569
f 11574 11573 11570
f 11576 11575 11572
f 11577 11576 11573
f 11569 6505 3052
f 11570 11569 6588
f 11571 11570 6587
f 6406 11571 6586
f 6407 11574 11571
f 6408 11577 11574
f 3022 6348 11577
f 6348 6347 11576
f 6347 6346 11575
f 6346 3023 6507
f 11575 6507 6506
f 11572 6506 6505
f 11582 11581 11578
f 11583 11582 11579
f 11585 11584 11581
f 11586 11585 11582
f 11578 6388 3045
f 11579 11578 6591
f 11580 11579 6590
f 6412 11580 6589
f 6413 11583 11580
f 6414 11586 11583
f 3041 6291 11586
f 6291 6290 11585
f 6290 6289 11584
f 6289 3042 6390
f 11584 6390 6389
f 11581 6389 6388
f 11591 11590 11587
f 11592 11591 11588
f 11594 11593 11590
f 11595 11594 11591
f 11587 6514 3055
f 11588 11587 6594
f 11589 11588 6593
f 6415 11589 6592
f 6416 11592 11589
f 6417 11595 11592
f 3025 6339 11595
f 6339 6338 11594
f 6338 6337 11593
f 6337 3026 6516
f 11593 6516 6515
f 11590 6515 6514
f 11600 11599 11596
f 11601 11600 11597
f 11603 11602 11599
f 11604 11603 11600
f 11596 6520 3057
f 11597 11596 6597
f 11598 11597 6596
f 6421 11598 6595
f 6422 11601 11598
f 6423 11604 11601
f 3028 6330 11604
f 6330 6329 11603
f 6329 6328 11602
f 6328 3029 6522
f 11602 6522 6521
f 11599 6521 6520
f 11609 11608 11605
f 11610 11609 11606
f 11612 11611 11608
f 11613 11612 11609
f 11605 6526 3059
f 11606 11605 6600
f 11607 11606 6599
f 6427 11607 6598
f 6428 11610 11607
f 6429 11613 11610
f 3013 6375 11613
f 6375 6374 11612
f 6374 6373 11611
f 6373 3014 6528
f 11611 6528 6527
f 11608 6527 6526
f 11618 11617 11614
f 11619 11618 11615
f 11621 11620 11617
f 11622 11621 11618
f 11614 6532 3061
f 11615 11614 6603
f 11616 11615 6602
f 6433 11616 6601
f 6434 11619 11616
f 6435 11622 11619
f 3031 6321 11622
f 6321 6320 11621
f 6320 6319 11620
f 6319 3032 6534
f 11620 6534 6533
f 11617 6533 6532
f 11627 11626 11623
f 11628 11627 11624
f 11630 11629 11626
f 11631 11630 11627
f 11623 6382 3043
f 11624 11623 6606
f 11625 11624 6605
f 6439 11625 6604
f 6440 11628 11625
f 6441 11631 11628
f 3016 6366 11631
f 6366 6365 11630
f 6365 6364 11629
f 6364 3017 6384
f 11629 6384 6383
f 11626 6383 6382
f 11636 11635 11632
f 11637 11636 11633
f 11639 11638 11635
f 11640 11639 11636
f 11632 6394 3047
f 11633 11632 6609
f 11634 11633 6608
f 6442 11634 6607
f 6443 11637 11634
f 6444 11640 11637
f 3034 6312 11640
f 6312 6311 11639
f 6311 6310 11638
f 6310 3035 6396
f 11638 6396 6395
f 11635 6395 6394
f 11645 11644 11641
f 11646 11645 11642
f 11648 11647 11644
f 11649 11648 11645
f 11641 6544 3065
f 11642 11641 6612
f 11643 11642 6611
f 6445 11643 6610
f 6446 11646 11643
f 6447 11649 11646
f 3019 6355 11649
f 6355 6356 11648
f 6356 6357 11647
f 6357 3020 6546
f 11647 6546 6545
f 11644 6545 6544
f 11654 11653 11650
f 11655 11654 11651
f 11657 11656 11653
f 11658 11657 11654
f 11650 6400 3049
f 11651 11650 6615
f 11652 11651 6614
f 6451 11652 6613
f 6452 11655 11652
f 6453 11658 11655
f 3037 6303 11658
f 6303 6302 11657
f 6302 6301 11656
f 6301 3038 6402
f 11656 6402 6401
f 11653 6401 6400
f 11663 11662 11659
f 11664 11663 11660
f 11666 11665 11662
f 11667 11666 11663
f 11659 6406 3051
f 11660 11659 6618
f 11661 11660 6617
f 6454 11661 6616
f 6455 11664 11661
f 6456 11667 11664
f 3021 6351 11667
f 6351 6350 11666
f 6350 6349 11665
f 6349 3022 6408
f 11665 6408 6407
f 11662 6407 6406
f 11672 11671 11668
f 11673 11672 11669
f 11675 11674 11671
f 11676 11675 11672
f 11668 6412 3053
f 11669 11668 6621
f 11670 11669 6620
f 6457 11670 6619
f 6458 11673 11670
f 6459 11676 11673
f 3040 6292 11676
f 6292 6293 11675
f 6293 6294 11674
f 6294 3041 6414
f 11674 6414 6413
f 11671 6413 6412
f 11681 11680 11677
f 11682 11681 11678
f 11684 11683 11680
f 11685 11684 11681
f 11677 6415 3054
f 11678 11677 6624
f 11679 11678 6623
f 6460 11679 6622
f 6461 11682 11679
f 6462 11685 11682
f 3024 6342 11685
f 6342 6341 11684
f 6341 6340 11683
f 6340 3025 6417
f 11683 6417 6416
f 11680 6416 6415
f 11690 11689 11686
f 11691 11690 11687
f 11693 11692 11689
f 11694 11693 11690
f 11686 6421 3056
f 11687 11686 6627
f 11688 11687 6626
f 6463 11688 6625
f 6464 11691 11688
f 6465 11694 11691
f 3027 6333 11694
f 6333 6332 11693
f 6332 6331 11692
f 6331 3028 6423
f 11692 6423 6422
f 11689 6422 6421
f 11699 11698 11695
f 11700 11699 11696
f 11702 11701 11698
f 11703 11702 11699
f 11695 6562 3071
f 11696 11695 6630
f 11697 11696 6629
f 6487 11697 6628
f 6488 11700 11697
f 6489 11703 11700
f 3011 6381 11703
f 6381 6380 11702
f 6380 6379 11701
f 6379 3012 6564
f 11701 6564 6563
f 11698 6563 6562
f 11708 11707 11704
f 11709 11708 11705
f 11711 11710 11707
f 11712 11711 11708
f 11704 6427 3058
f 11705 11704 6633
f 11706 11705 6632
f 6562 11706 6631
f 6563 11709 11706
f 6564 11712 11709
f 3012 6378 11712
f 6378 6377 11711
f 6377 6376 11710
f 6376 3013 6429
f 11710 6429 6428
f 11707 6428 6427
f 11717 11716 11713
f 11718 11717 11714
f 11720 11719 11716
f 11721 11720 11717
f 11713 6433 3060
f 11714 11713 6636
f 11715 11714 6635
f 6469 11715 6634
f 6470 11718 11715
f 6471 11721 11718
f 3030 6324 11721
f 6324 6323 11720
f 6323 6322 11719
f 6322 3031 6435
f 11719 6435 6434
f 11716 6434 6433
f 11726 11725 11722
f 11727 11726 11723
f 11729 11728 11725
f 11730 11729 11726
f 11722 6439 3062
f 11723 11722 6639
f 11724 11723 6638
f 6472 11724 6637
f 6473 11727 11724
f 6474 11730 11727
f 3015 6367 11730
f 6367 6368 11729
f 6368 6369 11728
f 6369 3016 6441
f 11728 6441 6440
f 11725 6440 6439
f 11735 11734 11731
f 11736 11735 11732
f 11738 11737 11734
f 11739 11738 11735
f 11731 6442 3063
f 11732 11731 6642
f 11733 11732 6641
f 6475 11733 6640
f 6476 11736 11733
f 6477 11739 11736
f 3033 6315 11739
f 6315 6314 11738
f 6314 6313 11737
f 6313 3034 6444
f 11737 6444 6443
f 11734 6443 6442
f 11744 11743 11740
f 11745 11744 11741
f 11747 11746 11743
f 11748 11747 11744
f 11740 6445 3064
f 11741 11740 6645
f 11742 11741 6644
f 6481 11742 6643
f 6482 11745 11742
f 6483 11748 11745
f 3018 6360 11748
f 6360 6359 11747
f 6359 6358 11746
f 6358 3019 6447
f 11746 6447 6446
f 11743 6446 6445
f 11753 11752 11749
f 11754 11753 11750
f 11756 11755 11752
f 11757 11756 11753
f 11749 6451 3066
f 11750 11749 6648
f 11751 11750 6647
f 6493 11751 6646
f 6494 11754 11751
f 6495 11757 11754
f 3036 6304 11757
f 6304 6305 11756
f 6305 6306 11755
f 6306 3037 6453
f 11755 6453 6452
f 11752 6452 6451
f 11762 11761 11758
f 11763 11762 11759
f 11765 11764 11761
f 11766 11765 11762
f 11758 6454 3067
f 11759 11758 6651
f 11760 11759 6650
f 6544 11760 6649
f 6545 11763 11760
f 6546 11766 11763
f 3020 6354 11766
f 6354 6353 11765
f 6353 6352 11764
f 6352 3021 6456
f 11764 6456 6455
f 11761 6455 6454
f 11771 11770 11767
f 11772 11771 11768
f 11774 11773 11770
f 11775 11774 11771
f 11767 6457 3068
f 11768 11767 6654
f 11769 11768 6653
f 6499 11769 6652
f 6500 11772 11769
f 6501 11775 11772
f 3039 6297 11775
f 6297 6296 11774
f 6296 6295 11773
f 6295 3040 6459
f 11773 6459 6458
f 11770 6458 6457
f 11780 11779 11776
f 11781 11780 11777
f 11783 11782 11779
f 11784 11783 11780
f 11776 6460 3069
f 11777 11776 6657
f 11778 11777 6656
f 6505 11778 6655
f 6506 11781 11778
f 6507 11784 11781
f 3023 6345 11784
f 6345 6344 11783
f 6344 6343 11782
f 6343 3024 6462
f 11782 6462 6461
f 11779 6461 6460
f 11789 11788 11785
f 11790 11789 11786
f 11792 11791 11788
f 11793 11792 11789
f 11785 6463 3070
f 11786 11785 6660
f 11787 11786 6659
f 6514 11787 6658
f 6515 11790 11787
f 6516 11793 11790
f 3026 6336 11793
f 6336 6335 11792
f 6335 6334 11791
f 6334 3027 6465
f 11791 6465 6464
f 11788 6464 6463
f 11798 11797 11794
f 11799 11798 11795
f 11801 11800 11797
f 11802 11801 11798
f 11794 6469 3072
f 11795 11794 6663
f 11796 11795 6662
f 6520 11796 6661
f 6521 11799 11796
f 6522 11802 11799
f 3029 6327 11802
f 6327 6326 11801
f 6326 6325 11800
f 6325 3030 6471
f 11800 6471 6470
f 11797 6470 6469
f 11807 11806 11803
f 11808 11807 11804
f 11810 11809 11806
f 11811 11810 11807
f 11803 6472 3073
f 11804 11803 6666
f 11805 11804 6665
f 6526 11805 6664
f 6527 11808 11805
f 6528 11811 11808
f 3014 6372 11811
f 6372 6371 11810
f 6371 6370 11809
f 6370 3015 6474
f 11809 6474 6473
f 11806 6473 6472
f 11816 11815 11812
f 11817 11816 11813
f 11819 11818 11815
f 11820 11819 11816
f 11812 6475 3074
f 11813 11812 6669
f 11814 11813 6668
f 6532 11814 6667
f 6533 11817 11814
f 6534 11820 11817
f 3032 6316 11820
f 6316 6317 11819
f 6317 6318 11818
f 6318 3033 6477
f 11818 6477 6476
f 11815 6476 6475
f 11825 11824 11821
f 11826 11825 11822
f 11828 11827 11824
f 11829 11828 11825
f 11821 6387 2909
f 11822 11821 5857
f 11823 11822 5858
f 6480 11823 5859
f 6479 11826 11823
f 6478 11829 11826
f 3043 6574 11829
f 6574 6575 11828
f 6575 6576 11827
f 6576 3044 6385
f 11827 6385 6386
f 11824 6386 6387
f 11834 11833 11830
f 11835 11834 11831
f 11837 11836 11833
f 11838 11837 11834
f 11830 6393 2874
f 11831 11830 5551
f 11832 11831 5552
f 6486 11832 5553
f 6485 11835 11832
f 6484 11838 11835
f 3045 6577 11838
f 6577 6578 11837
f 6578 6579 11836
f 6579 3046 6391
f 11836 6391 6392
f 11833 6392 6393
f 11843 11842 11839
f 11844 11843 11840
f 11846 11845 11842
f 11847 11846 11843
f 11839 6399 2927
f 11840 11839 5752
f 11841 11840 5753
f 6492 11841 5754
f 6491 11844 11841
f 6490 11847 11844
f 3047 6580 11847
f 6580 6581 11846
f 6581 6582 11845
f 6582 3048 6397
f 11845 6397 6398
f 11842 6398 6399
f 11852 11851 11848
f 11853 11852 11849
f 11855 11854 11851
f 11856 11855 11852
f 11848 6405 2930
f 11849 11848 5734
f 11850 11849 5735
f 6498 11850 5736
f 6497 11853 11850
f 6496 11856 11853
f 3049 6583 11856
f 6583 6584 11855
f 6584 6585 11854
f 6585 3050 6403
f 11854 6403 6404
f 11851 6404 6405
f 11861 11860 11857
f 11862 11861 11858
f 11864 11863 11860
f 11865 11864 11861
f 11857 6411 2914
f 11858 11857 5830
f 11859 11858 5831
f 6504 11859 5832
f 6503 11862 11859
f 6502 11865 11862
f 3051 6586 11865
f 6586 6587 11864
f 6587 6588 11863
f 6588 3052 6409
f 11863 6409 6410
f 11860 6410 6411
f 11870 11869 11866
f 11871 11870 11867
f 11873 11872 11869
f 11874 11873 11870
f 11866 6486 2933
f 11867 11866 5716
f 11868 11867 5717
f 6510 11868 5718
f 6509 11871 11868
f 6508 11874 11871
f 3053 6589 11874
f 6589 6590 11873
f 6590 6591 11872
f 6591 3045 6484
f 11872 6484 6485
f 11869 6485 6486
f 11879 11878 11875
f 11880 11879 11876
f 11882 11881 11878
f 11883 11882 11879
f 11875 6420 2917
f 11876 11875 5812
f 11877 11876 5813
f 6513 11877 5814
f 6512 11880 11877
f 6511 11883 11880
f 3054 6592 11883
f 6592 6593 11882
f 6593 6594 11881
f 6594 3055 6418
f 11881 6418 6419
f 11878 6419 6420
f 11888 11887 11884
f 11889 11888 11885
f 11891 11890 11887
f 11892 11891 11888
f 11884 6426 2920
f 11885 11884 5794
f 11886 11885 5795
f 6519 11886 5796
f 6518 11889 11886
f 6517 11892 11889
f 3056 6595 11892
f 6595 6596 11891
f 6596 6597 11890
f 6597 3057 6424
f 11890 6424 6425
f 11887 6425 6426
f 11897 11896 11893
f 11898 11897 11894
f 11900 11899 11896
f 11901 11900 11897
f 11893 6432 2905
f 11894 11893 5881
f 11895 11894 5882
f 6525 11895 5883
f 6524 11898 11895
f 6523 11901 11898
f 3058 6598 11901
f 6598 6599 11900
f 6599 6600 11899
f 6600 3059 6430
f 11899 6430 6431
f 11896 6431 6432
f 11906 11905 11902
f 11907 11906 11903
f 11909 11908 11905
f 11910 11909 11906
f 11902 6438 2923
f 11903 11902 5776
f 11904 11903 5777
f 6531 11904 5778
f 6530 11907 11904
f 6529 11910 11907
f 3060 6601 11910
f 6601 6602 11909
f 6602 6603 11908
f 6603 3061 6436
f 11908 6436 6437
f 11905 6437 6438
f 11915 11914 11911
f 11916 11915 11912
f 11918 11917 11914
f 11919 11918 11915
f 11911 6480 2908
f 11912 11911 5863
f 11913 11912 5864
f 6537 11913 5865
f 6536 11916 11913
f 6535 11919 11916
f 3062 6604 11919
f 6604 6605 11918
f 6605 6606 11917
f 6606 3043 6478
f 11917 6478 6479
f 11914 6479 6480
f 11924 11923 11920
f 11925 11924 11921
f 11927 11926 11923
f 11928 11927 11924
f 11920 6492 2926
f 11921 11920 5758
f 11922 11921 5759
f 6540 11922 5760
f 6539 11925 11922
f 6538 11928 11925
f 3063 6607 11928
f 6607 6608 11927
f 6608 6609 11926
f 6609 3047 6490
f 11926 6490 6491
f 11923 6491 6492
f 11933 11932 11929
f 11934 11933 11930
f 11936 11935 11932
f 11937 11936 11933
f 11929 6450 2911
f 11930 11929 5847
f 11931 11930 5846
f 6543 11931 5845
f 6542 11934 11931
f 6541 11937 11934
f 3064 6610 11937
f 6610 6611 11936
f 6611 6612 11935
f 6612 3065 6448
f 11935 6448 6449
f 11932 6449 6450
f 11942 11941 11938
f 11943 11942 11939
f 11945 11944 11941
f 11946 11945 11942
f 11938 6498 2929
f 11939 11938 5740
f 11940 11939 5741
f 6549 11940 5742
f 6548 11943 11940
f 6547 11946 11943
f 3066 6613 11946
f 6613 6614 11945
f 6614 6615 11944
f 6615 3049 6496
f 11944 6496 6497
f 11941 6497 6498
f 11951 11950 11947
f 11952 11951 11948
f 11954 11953 11950
f 11955 11954 11951
f 11947 6504 2913
f 11948 11947 5836
f 11949 11948 5837
f 6552 11949 5838
f 6551 11952 11949
f 6550 11955 11952
f 3067 6616 11955
f 6616 6617 11954
f 6617 6618 11953
f 6618 3051 6502
f 11953 6502 6503
f 11950 6503 6504
f 11960 11959 11956
f 11961 11960 11957
f 11963 11962 11959
f 11964 11963 11960
f 11956 6510 2932
f 11957 11956 5724
f 11958 11957 5723
f 6555 11958 5722
f 6554 11961 11958
f 6553 11964 11961
f 3068 6619 11964
f 6619 6620 11963
f 6620 6621 11962
f 6621 3053 6508
f 11962 6508 6509
f 11959 6509 6510
f 11969 11968 11965
f 11970 11969 11966
f 11972 11971 11968
f 11973 11972 11969
f 11965 6513 2916
f 11966 11965 5818
f 11967 11966 5819
f 6558 11967 5820
f 6557 11970 11967
f 6556 11973 11970
f 3069 6622 11973
f 6622 6623 11972
f 6623 6624 11971
f 6624 3054 6511
f 11971 6511 6512
f 11968 6512 6513
f 11978 11977 11974
f 11979 11978 11975
f 11981 11980 11977
f 11982 11981 11978
f 11974 6519 2919
f 11975 11974 5800
f 11976 11975 5801
f 6561 11976 5802
f 6560 11979 11976
f 6559 11982 11979
f 3070 6625 11982
f 6625 6626 11981
f 6626 6627 11980
f 6627 3056 6517
f 11980 6517 6518
f 11977 6518 6519
f 11987 11986 11983
f 11988 11987 11984
f 11990 11989 11986
f 11991 11990 11987
f 11983 6468 2903
f 11984 11983 5896
f 11985 11984 5897
f 6393 11985 5898
f 6392 11988 11985
f 6391 11991 11988
f 3046 6628 11991
f 6628 6629 11990
f 6629 6630 11989
f 6630 3071 6466
f 11989 6466 6467
f 11986 6467 6468
f 11996 11995 11992
f 11997 11996 11993
f 11999 11998 11995
f 12000 11999 11996
f 11992 6525 2904
f 11993 11992 5887
f 11994 11993 5888
f 6468 11994 5889
f 6467 11997 11994
f 6466 12000 11997
f 3071 6631 12000
f 6631 6632 11999
f 6632 6633 11998
f 6633 3058 6523
f 11998 6523 6524
f 11995 6524 6525
f 12005 12004 12001
f 12006 12005 12002
f 12008 12007 12004
f 12009 12008 12005
f 12001 6531 2922
f 12002 12001 5782
f 12003 12002 5783
f 6567 12003 5784
f 6566 12006 12003
f 6565 12009 12006
f 3072 6634 12009
f 6634 6635 12008
f 6635 6636 12007
f 6636 3060 6529
f 12007 6529 6530
f 12004 6530 6531
f 12014 12013 12010
f 12015 12014 12011
f 12017 12016 12013
f 12018 12017 12014
f 12010 6537 2907
f 12011 12010 5871
f 12012 12011 5870
f 6570 12012 5869
f 6569 12015 12012
f 6568 12018 12015
f 3073 6637 12018
f 6637 6638 12017
f 6638 6639 12016
f 6639 3062 6535
f 12016 6535 6536
f 12013 6536 6537
f 12023 12022 12019
f 12024 12023 12020
f 12026 12025 12022
f 12027 12026 12023
f 12019 6540 2925
f 12020 12019 5764
f 12021 12020 5765
f 6573 12021 5766
f 6572 12024 12021
f 6571 12027 12024
f 3074 6640 12027
f 6640 6641 12026
f 6641 6642 12025
f 6642 3063 6538
f 12025 6538 6539
f 12022 6539 6540
f 12032 12031 12028
f 12033 12032 12029
f 12035 12034 12031
f 12036 12035 12032
f 12028 6543 2910
f 12029 12028 5851
f 12030 12029 5852
f 6387 12030 5853
f 6386 12033 12030
f 6385 12036 12033
f 3044 6643 12036
f 6643 6644 12035
f 6644 6645 12034
f 6645 3064 6541
f 12034 6541 6542
f 12031 6542 6543
f 12041 12040 12037
f 12042 12041 12038
f 12044 12043 12040
f 12045 12044 12041
f 12037 6549 2928
f 12038 12037 5748
f 12039 12038 5747
f 6399 12039 5746
f 6398 12042 12039
f 6397 12045 12042
f 3048 6646 12045
f 6646 6647 12044
f 6647 6648 12043
f 6648 3066 6547
f 12043 6547 6548
f 12040 6548 6549
f 12050 12049 12046
f 12051 12050 12047
f 12053 12052 12049
f 12054 12053 12050
f 12046 6552 2912
f 12047 12046 5842
f 12048 12047 5843
f 6450 12048 5844
f 6449 12051 12048
f 6448 12054 12051
f 3065 6649 12054
f 6649 6650 12053
f 6650 6651 12052
f 6651 3067 6550
f 12052 6550 6551
f 12049 6551 6552
f 12059 12058 12055
f 12060 12059 12056
f 12062 12061 12058
f 12063 12062 12059
f 12055 6555 2931
f 12056 12055 5728
f 12057 12056 5729
f 6405 12057 5730
f 6404 12060 12057
f 6403 12063 12060
f 3050 6652 12063
f 6652 6653 12062
f 6653 6654 12061
f 6654 3068 6553
f 12061 6553 6554
f 12058 6554 6555
f 12068 12067 12064
f 12069 12068 12065
f 12071 12070 12067
f 12072 12071 12068
f 12064 6558 2915
f 12065 12064 5824
f 12066 12065 5825
f 6411 12066 5826
f 6410 12069 12066
f 6409 12072 12069
f 3052 6655 12072
f 6655 6656 12071
f 6656 6657 12070
f 6657 3069 6556
f 12070 6556 6557
f 12067 6557 6558
f 12077 12076 12073
f 12078 12077 12074
f 12080 12079 12076
f 12081 12080 12077
f 12073 6561 2918
f 12074 12073 5806
f 12075 12074 5807
f 6420 12075 5808
f 6419 12078 12075
f 6418 12081 12078
f 3055 6658 12081
f 6658 6659 12080
f 6659 6660 12079
f 6660 3070 6559
f 12079 6559 6560
f 12076 6560 6561
f 12086 12085 12082
f 12087 12086 12083
f 12089 12088 12085
f 12090 12089 12086
f 12082 6567 2921
f 12083 12082 5788
f 12084 12083 5789
f 6426 12084 5790
f 6425 12087 12084
f 6424 12090 12087
f 3057 6661 12090
f 6661 6662 12089
f 6662 6663 12088
f 6663 3072 6565
f 12088 6565 6566
f 12085 6566 6567
f 12095 12094 12091
f 12096 12095 12092
f 12098 12097 12094
f 12099 12098 12095
f 12091 6570 2906
f 12092 12091 5875
f 12093 12092 5876
f 6432 12093 5877
f 6431 12096 12093
f 6430 12099 12096
f 3059 6664 12099
f 6664 6665 12098
f 6665 6666 12097
f 6666 3073 6568
f 12097 6568 6569
f 12094 6569 6570
f 12104 12103 12100
f 12105 12104 12101
f 12107 12106 12103
f 12108 12107 12104
f 12100 6573 2924
f 12101 12100 5772
f 12102 12101 5771
f 6438 12102 5770
f 6437 12105 12102
f 6436 12108 12105
f 3061 6667 12108
f 6667 6668 12107
f 6668 6669 12106
f 6669 3074 6571
f 12106 6571 6572
f 12103 6572 6573
f 12113 12112 12109
f 12114 12113 12110
f 12116 12115 12112
f 12117 12116 12113
f 12109 6708 2936
f 12110 12109 5886
f 12111 12110 5885
f 6084 12111 5884
f 6083 12114 12111
f 6082 12117 12114
f 2979 6679 12117
f 6679 6680 12116
f 6680 6681 12115
f 6681 2989 6706
f 12115 6706 6707
f 12112 6707 6708
f 12122 12121 12118
f 12123 12122 12119
f 12125 12124 12121
f 12126 12125 12122
f 12118 6084 2937
f 12119 12118 5880
f 12120 12119 5879
f 6690 12120 5878
f 6689 12123 12120
f 6688 12126 12123
f 2996 6712 12126
f 6712 6713 12125
f 6713 6714 12124
f 6714 2979 6082
f 12124 6082 6083
f 12121 6083 6084
f 12131 12130 12127
f 12132 12131 12128
f 12134 12133 12130
f 12135 12134 12131
f 12127 6699 2962
f 12128 12127 5727
f 12129 12128 5726
f 6705 12129 5725
f 6704 12132 12129
f 6703 12135 12132
f 2990 6106 12135
f 6106 6107 12134
f 6107 6108 12133
f 6108 2986 6697
f 12133 6697 6698
f 12130 6698 6699
f 12140 12139 12136
f 12141 12140 12137
f 12143 12142 12139
f 12144 12143 12140
f 12136 6090 2947
f 12137 12136 5815
f 12138 12137 5816
f 6684 12138 5817
f 6683 12141 12138
f 6682 12144 12141
f 2994 6676 12144
f 6676 6677 12143
f 6677 6678 12142
f 6678 2983 6088
f 12142 6088 6089
f 12139 6089 6090
f 12149 12148 12145
f 12150 12149 12146
f 12152 12151 12148
f 12153 12152 12149
f 12145 6705 2963
f 12146 12145 5719
f 12147 12146 5720
f 6687 12147 5721
f 6686 12150 12147
f 6685 12153 12150
f 2993 6109 12153
f 6109 6110 12152
f 6110 6111 12151
f 6111 2990 6703
f 12151 6703 6704
f 12148 6704 6705
f 12158 12157 12154
f 12159 12158 12155
f 12161 12160 12157
f 12162 12161 12158
f 12154 6099 2941
f 12155 12154 5856
f 12156 12155 5855
f 6696 12156 5854
f 6695 12159 12156
f 6694 12162 12159
f 2987 6670 12162
f 6670 6671 12161
f 6671 6672 12160
f 6672 2980 6097
f 12160 6097 6098
f 12157 6098 6099
f 12167 12166 12163
f 12168 12167 12164
f 12170 12169 12166
f 12171 12170 12167
f 12163 6693 2955
f 12164 12163 5767
f 12165 12164 5768
f 6096 12165 5769
f 6095 12168 12165
f 6094 12171 12168
f 2985 6715 12171
f 6715 6716 12170
f 6716 6717 12169
f 6717 2995 6691
f 12169 6691 6692
f 12166 6692 6693
f 12176 12175 12172
f 12177 12176 12173
f 12179 12178 12175
f 12180 12179 12176
f 12172 6792 2952
f 12173 12172 5787
f 12174 12173 5786
f 6711 12174 5785
f 6710 12177 12174
f 6709 12180 12177
f 2988 6763 12180
f 6763 6764 12179
f 6764 6765 12178
f 6765 2974 6790
f 12178 6790 6791
f 12175 6791 6792
f 12185 12184 12181
f 12186 12185 12182
f 12188 12187 12184
f 12189 12188 12185
f 12181 6783 2949
f 12182 12181 5805
f 12183 12182 5804
f 6786 12183 5803
f 6785 12186 12183
f 6784 12189 12186
f 2973 6073 12189
f 6073 6074 12188
f 6074 6075 12187
f 6075 2972 6781
f 12187 6781 6782
f 12184 6782 6783
f 12194 12193 12190
f 12195 12194 12191
f 12197 12196 12193
f 12198 12197 12194
f 12190 6093 2934
f 12191 12190 5895
f 12192 12191 5894
f 6795 12192 5893
f 6794 12195 12192
f 6793 12198 12195
f 2966 6760 12198
f 6760 6761 12197
f 6761 6762 12196
f 6762 2984 6091
f 12196 6091 6092
f 12193 6092 6093
f 12203 12202 12199
f 12204 12203 12200
f 12206 12205 12202
f 12207 12206 12203
f 12199 6789 2958
f 12200 12199 5751
f 12201 12200 5750
f 6780 12201 5749
f 6779 12204 12201
f 6778 12207 12204
f 2977 6070 12207
f 6070 6071 12206
f 6071 6072 12205
f 6072 2976 6787
f 12205 6787 6788
f 12202 6788 6789
f 12212 12211 12208
f 12213 12212 12209
f 12215 12214 12211
f 12216 12215 12212
f 12208 6726 2961
f 12209 12208 5733
f 12210 12209 5732
f 6699 12210 5731
f 6698 12213 12210
f 6697 12216 12213
f 2986 6742 12216
f 6742 6743 12215
f 6743 6744 12214
f 6744 2978 6724
f 12214 6724 6725
f 12211 6725 6726
f 12221 12220 12217
f 12222 12221 12218
f 12224 12223 12220
f 12225 12224 12221
f 12217 6720 2943
f 12218 12217 5839
f 12219 12218 5840
f 6801 12219 5841
f 6800 12222 12219
f 6799 12225 12222
f 2970 6078 12225
f 6078 6077 12224
f 6077 6076 12223
f 6076 2969 6718
f 12223 6718 6719
f 12220 6719 6720
f 12230 12229 12226
f 12231 12230 12227
f 12233 12232 12229
f 12234 12233 12230
f 12226 6777 2939
f 12227 12226 5866
f 12228 12227 5867
f 6723 12228 5868
f 6722 12231 12228
f 6721 12234 12231
f 2968 6081 12234
f 6081 6080 12233
f 6080 6079 12232
f 6079 2967 6775
f 12232 6775 6776
f 12229 6776 6777
f 12239 12238 12235
f 12240 12239 12236
f 12242 12241 12238
f 12243 12242 12239
f 12235 6804 2954
f 12236 12235 5775
f 12237 12236 5774
f 6693 12237 5773
f 6692 12240 12237
f 6691 12243 12240
f 2995 6766 12243
f 6766 6767 12242
f 6767 6768 12241
f 6768 2975 6802
f 12241 6802 6803
f 12238 6803 6804
f 12248 12247 12244
f 12249 12248 12245
f 12251 12250 12247
f 12252 12251 12248
f 12244 6786 2950
f 12245 12244 5799
f 12246 12245 5798
f 6675 12246 5797
f 6674 12249 12246
f 6673 12252 12249
f 2992 6730 12252
f 6730 6731 12251
f 6731 6732 12250
f 6732 2973 6784
f 12250 6784 6785
f 12247 6785 6786
f 12257 12256 12253
f 12258 12257 12254
f 12260 12259 12256
f 12261 12260 12257
f 12253 6723 2940
f 12254 12253 5862
f 12255 12254 5861
f 6099 12255 5860
f 6098 12258 12255
f 6097 12261 12258
f 2980 6808 12261
f 6808 6809 12260
f 6809 6810 12259
f 6810 2968 6721
f 12259 6721 6722
f 12256 6722 6723
f 12266 12265 12262
f 12267 12266 12263
f 12269 12268 12265
f 12270 12269 12266
f 12262 6684 2948
f 12263 12262 5811
f 12264 12263 5810
f 6783 12264 5809
f 6782 12267 12264
f 6781 12270 12267
f 2972 6736 12270
f 6736 6737 12269
f 6737 6738 12268
f 6738 2994 6682
f 12268 6682 6683
f 12265 6683 6684
f 12275 12274 12271
f 12276 12275 12272
f 12278 12277 12274
f 12279 12278 12275
f 12271 6087 2957
f 12272 12271 5757
f 12273 12272 5756
f 6789 12273 5755
f 6788 12276 12273
f 6787 12279 12276
f 2976 6769 12279
f 6769 6770 12278
f 6770 6771 12277
f 6771 2981 6085
f 12277 6085 6086
f 12274 6086 6087
f 12284 12283 12280
f 12285 12284 12281
f 12287 12286 12283
f 12288 12287 12284
f 12280 6798 2757
f 12281 12280 5901
f 12282 12281 5900
f 6093 12282 5899
f 6092 12285 12282
f 6091 12288 12285
f 2984 6751 12288
f 6751 6752 12287
f 6752 6753 12286
f 6753 2965 6796
f 12286 6796 6797
f 12283 6797 6798
f 12293 12292 12289
f 12294 12293 12290
f 12296 12295 12292
f 12297 12296 12293
f 12289 6801 2944
f 12290 12289 5835
f 12291 12290 5834
f 6102 12291 5833
f 6101 12294 12291
f 6100 12297 12294
f 2982 6811 12297
f 6811 6812 12296
f 6812 6813 12295
f 6813 2970 6799
f 12295 6799 6800
f 12292 6800 6801
f 12302 12301 12298
f 12303 12302 12299
f 12305 12304 12301
f 12306 12305 12302
f 12298 6696 2942
f 12299 12298 5850
f 12300 12299 5849
f 6720 12300 5848
f 6719 12303 12300
f 6718 12306 12303
f 2969 6817 12306
f 6817 6818 12305
f 6818 6819 12304
f 6819 2987 6694
f 12304 6694 6695
f 12301 6695 6696
f 12311 12310 12307
f 12312 12311 12308
f 12314 12313 12310
f 12315 12314 12311
f 12307 6795 2935
f 12308 12307 5892
f 12309 12308 5891
f 6708 12309 5890
f 6707 12312 12309
f 6706 12315 12312
f 2989 6754 12315
f 6754 6755 12314
f 6755 6756 12313
f 6756 2966 6793
f 12313 6793 6794
f 12310 6794 6795
f 12320 12319 12316
f 12321 12320 12317
f 12323 12322 12319
f 12324 12323 12320
f 12316 6675 2951
f 12317 12316 5791
f 12318 12317 5792
f 6792 12318 5793
f 6791 12321 12318
f 6790 12324 12321
f 2974 6735 12324
f 6735 6734 12323
f 6734 6733 12322
f 6733 2992 6673
f 12322 6673 6674
f 12319 6674 6675
f 12329 12328 12325
f 12330 12329 12326
f 12332 12331 12328
f 12333 12332 12329
f 12325 6711 2953
f 12326 12325 5781
f 12327 12326 5780
f 6804 12327 5779
f 6803 12330 12327
f 6802 12333 12330
f 2975 6772 12333
f 6772 6773 12332
f 6773 6774 12331
f 6774 2988 6709
f 12331 6709 6710
f 12328 6710 6711
f 12338 12337 12334
f 12339 12338 12335
f 12341 12340 12337
f 12342 12341 12338
f 12334 6690 2938
f 12335 12334 5874
f 12336 12335 5873
f 6777 12336 5872
f 6776 12339 12336
f 6775 12342 12339
f 2967 6757 12342
f 6757 6758 12341
f 6758 6759 12340
f 6759 2996 6688
f 12340 6688 6689
f 12337 6689 6690
f 12347 12346 12343
f 12348 12347 12344
f 12350 12349 12346
f 12351 12350 12347
f 12343 6102 2945
f 12344 12343 5829
f 12345 12344 5828
f 6807 12345 5827
f 6806 12348 12345
f 6805 12351 12348
f 2971 6814 12351
f 6814 6815 12350
f 6815 6816 12349
f 6816 2982 6100
f 12349 6100 6101
f 12346 6101 6102
f 12356 12355 12352
f 12357 12356 12353
f 12359 12358 12355
f 12360 12359 12356
f 12352 6807 2946
f 12353 12352 5823
f 12354 12353 5822
f 6090 12354 5821
f 6089 12357 12354
f 6088 12360 12357
f 2983 6727 12360
f 6727 6728 12359
f 6728 6729 12358
f 6729 2971 6805
f 12358 6805 6806
f 12355 6806 6807
f 12365 12364 12361
f 12366 12365 12362
f 12368 12367 12364
f 12369 12368 12365
f 12361 6780 2959
f 12362 12361 5743
f 12363 12362 5744
f 6702 12363 5745
f 6701 12366 12363
f 6700 12369 12366
f 2991 6741 12369
f 6741 6740 12368
f 6740 6739 12367
f 6739 2977 6778
f 12367 6778 6779
f 12364 6779 6780
f 12374 12373 12370
f 12375 12374 12371
f 12377 12376 12373
f 12378 12377 12374
f 12370 6687 2964
f 12371 12370 4845
f 12372 12371 4844
f 6798 12372 4843
f 6797 12375 12372
f 6796 12378 12375
f 2965 6745 12378
f 6745 6746 12377
f 6746 6747 12376
f 6747 2993 6685
f 12376 6685 6686
f 12373 6686 6687
f 12383 12382 12379
f 12384 12383 12380
f 12386 12385 12382
f 12387 12386 12383
f 12379 6702 2960
f 12380 12379 5739
f 12381 12380 5738
f 6726 12381 5737
f 6725 12384 12381
f 6724 12387 12384
f 2978 6748 12387
f 6748 6749 12386
f 6749 6750 12385
f 6750 2991 6700
f 12385 6700 6701
f 12382 6701 6702
f 12388 12394 12389
f 12388 12390 12391
f 12388 12392 12393
f 12389 6828 3034
f 12390 12389 6313
f 12394 6827 6828
f 12391 6315 3033
f 12392 12391 6823
f 12390 6314 6315
f 12393 6825 3075
f 12394 12393 6826
f 12392 6824 6825
f 12395 12401 12396
f 12395 12397 12398
f 12395 12399 12400
f 12396 6834 3037
f 12397 12396 6306
f 12401 6833 6834
f 12398 6304 3036
f 12399 12398 6829
f 12397 6305 6304
f 12400 6831 3075
f 12401 12400 6832
f 12399 6830 6831
f 12402 12408 12403
f 12402 12404 12405
f 12402 12406 12407
f 12403 6840 3040
f 12404 12403 6295
f 12408 6839 6840
f 12405 6297 3039
f 12406 12405 6835
f 12404 6296 6297
f 12407 6837 3075
f 12408 12407 6838
f 12406 6836 6837
f 12409 12415 12410
f 12409 12411 12412
f 12409 12413 12414
f 12410 6822 3011
f 12411 12410 6286
f 12415 6821 6822
f 12412 6288 3042
f 12413 12412 6841
f 12411 6287 6288
f 12414 6843 3075
f 12415 12414 6820
f 12413 6842 6843
f 12416 12422 12417
f 12416 12418 12419
f 12416 12420 12421
f 12417 6849 3014
f 12418 12417 6373
f 12422 6848 6849
f 12419 6375 3013
f 12420 12419 6844
f 12418 6374 6375
f 12421 6846 3075
f 12422 12421 6847
f 12420 6845 6846
f 12423 12429 12424
f 12423 12425 12426
f 12423 12427 12428
f 12424 6855 3017
f 12425 12424 6364
f 12429 6854 6855
f 12426 6366 3016
f 12427 12426 6850
f 12425 6365 6366
f 12428 6852 3075
f 12429 12428 6853
f 12427 6851 6852
f 12430 12436 12431
f 12430 12432 12433
f 12430 12434 12435
f 12431 6861 3020
f 12432 12431 6357
f 12436 6860 6861
f 12433 6355 3019
f 12434 12433 6856
f 12432 6356 6355
f 12435 6858 3075
f 12436 12435 6859
f 12434 6857 6858
f 12437 12443 12438
f 12437 12439 12440
f 12437 12441 12442
f 12438 6867 3023
f 12439 12438 6346
f 12443 6866 6867
f 12440 6348 3022
f 12441 12440 6862
f 12439 6347 6348
f 12442 6864 3075
f 12443 12442 6865
f 12441 6863 6864
f 12444 12450 12445
f 12444 12446 12447
f 12444 12448 12449
f 12445 6873 3026
f 12446 12445 6337
f 12450 6872 6873
f 12447 6339 3025
f 12448 12447 6868
f 12446 6338 6339
f 12449 6870 3075
f 12450 12449 6871
f 12448 6869 6870
f 12451 12457 12452
f 12451 12453 12454
f 12451 12455 12456
f 12452 6879 3029
f 12453 12452 6328
f 12457 6878 6879
f 12454 6330 3028
f 12455 12454 6874
f 12453 6329 6330
f 12456 6876 3075
f 12457 12456 6877
f 12455 6875 6876
f 12458 12464 12459
f 12458 12460 12461
f 12458 12462 12463
f 12459 6885 3032
f 12460 12459 6319
f 12464 6884 6885
f 12461 6321 3031
f 12462 12461 6880
f 12460 6320 6321
f 12463 6882 3075
f 12464 12463 6883
f 12462 6881 6882
f 12465 12471 12466
f 12465 12467 12468
f 12465 12469 12470
f 12466 6888 3035
f 12467 12466 6310
f 12471 6887 6888
f 12468 6312 3034
f 12469 12468 6828
f 12467 6311 6312
f 12470 6826 3075
f 12471 12470 6886
f 12469 6827 6826
f 12472 12478 12473
f 12472 12474 12475
f 12472 12476 12477
f 12473 6891 3038
f 12474 12473 6301
f 12478 6890 6891
f 12475 6303 3037
f 12476 12475 6834
f 12474 6302 6303
f 12477 6832 3075
f 12478 12477 6889
f 12476 6833 6832
f 12479 12485 12480
f 12479 12481 12482
f 12479 12483 12484
f 12480 6894 3041
f 12481 12480 6294
f 12485 6893 6894
f 12482 6292 3040
f 12483 12482 6840
f 12481 6293 6292
f 12484 6838 3075
f 12485 12484 6892
f 12483 6839 6838
f 12486 12492 12487
f 12486 12488 12489
f 12486 12490 12491
f 12487 6897 3012
f 12488 12487 6379
f 12492 6896 6897
f 12489 6381 3011
f 12490 12489 6822
f 12488 6380 6381
f 12491 6820 3075
f 12492 12491 6895
f 12490 6821 6820
f 12493 12499 12494
f 12493 12495 12496
f 12493 12497 12498
f 12494 6900 3015
f 12495 12494 6370
f 12499 6899 6900
f 12496 6372 3014
f 12497 12496 6849
f 12495 6371 6372
f 12498 6847 3075
f 12499 12498 6898
f 12497 6848 6847
f 12500 12506 12501
f 12500 12502 12503
f 12500 12504 12505
f 12501 6903 3018
f 12502 12501 6361
f 12506 6902 6903
f 12503 6363 3017
f 12504 12503 6855
f 12502 6362 6363
f 12505 6853 3075
f 12506 12505 6901
f 12504 6854 6853
f 12507 12513 12508
f 12507 12509 12510
f 12507 12511 12512
f 12508 6906 3021
f 12509 12508 6352
f 12513 6905 6906
f 12510 6354 3020
f 12511 12510 6861
f 12509 6353 6354
f 12512 6859 3075
f 12513 12512 6904
f 12511 6860 6859
f 12514 12520 12515
f 12514 12516 12517
f 12514 12518 12519
f 12515 6909 3024
f 12516 12515 6343
f 12520 6908 6909
f 12517 6345 3023
f 12518 12517 6867
f 12516 6344 6345
f 12519 6865 3075
f 12520 12519 6907
f 12518 6866 6865
f 12521 12527 12522
f 12521 12523 12524
f 12521 12525 12526
f 12522 6912 3027
f 12523 12522 6334
f 12527 6911 6912
f 12524 6336 3026
f 12525 12524 6873
f 12523 6335 6336
f 12526 6871 3075
f 12527 12526 6910
f 12525 6872 6871
f 12528 12534 12529
f 12528 12530 12531
f 12528 12532 12533
f 12529 6915 3030
f 12530 12529 6325
f 12534 6914 6915
f 12531 6327 3029
f 12532 12531 6879
f 12530 6326 6327
f 12533 6877 3075
f 12534 12533 6913
f 12532 6878 6877
f 12535 12541 12536
f 12535 12537 12538
f 12535 12539 12540
f 12536 6823 3033
f 12537 12536 6318
f 12541 6824 6823
f 12538 6316 3032
f 12539 12538 6885
f 12537 6317 6316
f 12540 6883 3075
f 12541 12540 6825
f 12539 6884 6883
f 12542 12548 12543
f 12542 12544 12545
f 12542 12546 12547
f 12543 6829 3036
f 12544 12543 6307
f 12548 6830 6829
f 12545 6309 3035
f 12546 12545 6888
f 12544 6308 6309
f 12547 6886 3075
f 12548 12547 6831
f 12546 6887 6886
f 12549 12555 12550
f 12549 12551 12552
f 12549 12553 12554
f 12550 6835 3039
f 12551 12550 6298
f 12555 6836 6835
f 12552 6300 3038
f 12553 12552 6891
f 12551 6299 6300
f 12554 6889 3075
f 12555 12554 6837
f 12553 6890 6889
f 12556 12562 12557
f 12556 12558 12559
f 12556 12560 12561
f 12557 6841 3042
f 12558 12557 6289
f 12562 6842 6841
f 12559 6291 3041
f 12560 12559 6894
f 12558 6290 6291
f 12561 6892 3075
f 12562 12561 6843
f 12560 6893 6892
f 12563 12569 12564
f 12563 12565 12566
f 12563 12567 12568
f 12564 6844 3013
f 12565 12564 6376
f 12569 6845 6844
f 12566 6378 3012
f 12567 12566 6897
f 12565 6377 6378
f 12568 6895 3075
f 12569 12568 6846
f 12567 6896 6895
f 12570 12576 12571
f 12570 12572 12573
f 12570 12574 12575
f 12571 6850 3016
f 12572 12571 6369
f 12576 6851 6850
f 12573 6367 3015
f 12574 12573 6900
f 12572 6368 6367
f 12575 6898 3075
f 12576 12575 6852
f 12574 6899 6898
f 12577 12583 12578
f 12577 12579 12580
f 12577 12581 12582
f 12578 6856 3019
f 12579 12578 6358
f 12583 6857 6856
f 12580 6360 3018
f 12581 12580 6903
f 12579 6359 6360
f 12582 6901 3075
f 12583 12582 6858
f 12581 6902 6901
f 12584 12590 12585
f 12584 12586 12587
f 12584 12588 12589
f 12585 6862 3022
f 12586 12585 6349
f 12590 6863 6862
f 12587 6351 3021
f 12588 12587 6906
f 12586 6350 6351
f 12589 6904 3075
f 12590 12589 6864
f 12588 6905 6904
f 12591 12597 12592
f 12591 12593 12594
f 12591 12595 12596
f 12592 6868 3025
f 12593 12592 6340
f 12597 6869 6868
f 12594 6342 3024
f 12595 12594 6909
f 12593 6341 6342
f 12596 6907 3075
f 12597 12596 6870
f 12595 6908 6907
f 12598 12604 12599
f 12598 12600 12601
f 12598 12602 12603
f 12599 6874 3028
f 12600 12599 6331
f 12604 6875 6874
f 12601 6333 3027
f 12602 12601 6912
f 12600 6332 6333
f 12603 6910 3075
f 12604 12603 6876
f 12602 6911 6910
f 12605 12611 12606
f 12605 12607 12608
f 12605 12609 12610
f 12606 6880 3031
f 12607 12606 6322
f 12611 6881 6880
f 12608 6324 3030
f 12609 12608 6915
f 12607 6323 6324
f 12610 6913 3075
f 12611 12610 6882
f 12609 6914 6913
f 12613 12612 12614
f 12614 12615 12613

