# Blender 4.3.2
# www.blender.org
mtllib 苹果1.mtl
o texture_pbr_v128
v -0.002121 1.727221 1.716793
v -0.002121 2.028565 1.750748
v -0.328931 2.049784 1.729524
v -0.320442 1.748445 1.691327
v -0.002121 1.353730 1.640396
v -0.303461 1.374950 1.606441
v -0.002121 0.984481 1.551267
v -0.282241 1.005705 1.504582
v -0.002121 0.734073 1.466381
v -0.371370 0.768028 1.402718
v -0.409567 1.026924 1.474870
v -0.744865 1.773907 1.551267
v -0.706664 1.408904 1.474870
v -0.757596 2.075250 1.585222
v -0.643001 1.060875 1.381499
v -0.672710 0.759535 1.262658
v -0.821258 1.048144 1.283882
v -0.969807 1.379196 1.317836
v -1.050447 1.739956 1.368764
v -0.757596 2.312927 1.589468
v -0.328931 2.295950 1.733770
v -1.080159 2.045538 1.394230
v -1.016492 0.942038 1.122598
v -1.016492 0.942038 1.122598
v -1.122598 1.298552 1.177776
v -1.122598 1.298552 1.177776
v -0.931610 0.704361 1.067424
v -0.931610 0.704361 1.067424
v -0.337415 0.577036 1.309344
v -0.613293 0.564301 1.177776
v -1.207484 1.659316 1.220219
v -1.207484 1.659316 1.220219
v -1.084401 2.287462 1.394230
v -0.002121 0.543081 1.360275
v -1.249927 1.969145 1.237193
v -1.249927 1.969145 1.237193
v -0.749107 2.529381 1.568244
v -0.324684 2.520893 1.712547
v -1.075913 2.503919 1.377253
v -0.002121 2.274727 1.754990
v -1.266904 2.223799 1.232950
v -1.266904 2.223799 1.232950
v -0.838236 0.509127 0.986784
v -0.838236 0.509127 0.986784
v -0.838236 0.509127 0.986784
v 0.002121 2.499673 1.738013
v -0.732130 2.720373 1.530048
v -1.050447 2.699153 1.343302
v -0.320442 2.716127 1.665862
v 0.294976 1.332507 1.610687
v 0.333173 1.706002 1.682839
v 0.350150 2.007341 1.716793
v 0.367127 2.253507 1.725282
v 0.252529 0.971750 1.517313
v 0.006367 2.694907 1.695574
v 0.375616 2.478450 1.704058
v -0.710910 2.885899 1.474870
v -0.311950 2.885899 1.606441
v -1.016492 2.864676 1.296613
v -1.016492 2.864676 1.296613
v -1.262658 2.452984 1.211731
v -1.262658 2.452984 1.211731
v -1.245685 2.656710 1.177776
v -1.245685 2.656710 1.177776
v 0.010610 2.864676 1.631907
v 0.384101 2.673687 1.657373
v 0.511430 0.942038 1.445161
v 0.452010 0.704361 1.360275
v 0.388347 0.517616 1.266904
v 0.388347 0.517616 1.266904
v 0.587827 1.302798 1.521559
v 0.651490 1.672047 1.580975
v 0.685444 1.977629 1.610687
v 0.710910 2.223799 1.614934
v 0.384101 2.843456 1.593710
v 0.723641 2.452984 1.589468
v -0.294976 0.432730 1.182018
v -0.294976 0.432730 1.182018
v -0.002121 0.398779 1.220219
v -0.002121 0.398779 1.220219
v 0.723641 2.652464 1.542779
v -0.681198 3.034444 1.398476
v -0.299219 3.038690 1.521559
v -0.969807 3.013224 1.232950
v -0.969807 3.013224 1.232950
v -0.969807 3.013224 1.232950
v 0.014852 3.021713 1.542779
v 0.375616 3.004736 1.504582
v 1.075913 1.939433 1.394230
v 1.033470 1.625362 1.368764
v 0.948587 1.256113 1.313590
v 1.109867 2.189841 1.398476
v 0.855213 0.895353 1.241439
v 1.122598 2.423275 1.373010
v 0.715153 2.822232 1.479116
v 0.766084 0.661922 1.169284
v 1.114113 2.626998 1.330567
v 1.088647 2.801013 1.275393
v 0.672710 0.483661 1.088647
v 0.672710 0.483661 1.088647
v 0.320438 0.386044 1.148064
v 0.320438 0.386044 1.148064
v 0.693933 2.983516 1.398476
v -0.536896 0.419999 1.058935
v -0.536896 0.419999 1.058935
v 1.046204 2.966539 1.203238
v -0.286484 3.170262 1.419696
v -0.286484 3.170262 1.419696
v 0.014852 3.157531 1.436673
v 0.014852 3.157531 1.436673
v 0.362881 3.140550 1.398476
v 0.362881 3.140550 1.398476
v -0.647244 3.166015 1.300855
v -0.647244 3.166015 1.300855
v -0.914633 3.144796 1.148064
v -0.914633 3.144796 1.148064
v -1.211730 2.830721 1.131087
v -1.211730 2.830721 1.131087
v 0.659979 3.123576 1.300855
v 0.659979 3.123576 1.300855
v 0.986784 3.110841 1.114114
v 0.986784 3.110841 1.114114
v 1.368764 1.909724 1.101379
v 1.368764 1.909724 1.101379
v 1.322078 1.595650 1.080159
v 1.322078 1.595650 1.080159
v 1.228704 1.222159 1.029227
v 1.228704 1.222159 1.029227
v 1.122598 0.865645 0.969807
v 1.122598 0.865645 0.969807
v 1.020739 0.627964 0.910387
v 1.020739 0.627964 0.910387
v 1.406961 2.164379 1.101379
v 1.406961 2.164379 1.101379
v 1.419695 2.402056 1.075913
v 1.419695 2.402056 1.075913
v 1.406961 2.610021 1.037712
v 1.406961 2.610021 1.037712
v 1.368764 2.788282 0.991027
v 1.368764 2.788282 0.991027
v 0.906144 0.453949 0.842482
v 0.906144 0.453949 0.842482
v 0.906144 0.453949 0.842482
v 1.313590 2.958050 0.935853
v 1.313590 2.958050 0.935853
v 1.232950 3.106599 0.867948
v 1.232950 3.106599 0.867948
v 1.232950 3.106599 0.867948
v 1.542778 1.672047 -0.719399
v 1.585221 1.960656 -0.736376
v 1.687085 1.939433 -0.401082
v 1.636153 1.650828 -0.392593
v 1.712547 2.189841 -0.396836
v 1.602199 2.206822 -0.732130
v 1.462139 1.319776 -0.685445
v 1.547025 1.290068 -0.384101
v 1.368764 1.693267 -1.105625
v 1.296613 1.340999 -1.054693
v 1.398476 1.981876 -1.126845
v 1.356033 0.975993 -0.643002
v 1.203238 1.005705 -0.991027
v 1.436673 0.942039 -0.367128
v 1.266904 0.746805 -0.609047
v 1.122598 0.776513 -0.944341
v 1.334809 0.708608 -0.350150
v 1.678592 1.621116 -0.053053
v 1.585221 1.260356 -0.065784
v 1.470627 0.908084 -0.074273
v 1.360275 0.670407 -0.078519
v 1.733770 1.918213 -0.048810
v 1.763478 2.172868 -0.044564
v 1.716793 2.423276 -0.388347
v 1.602199 2.436011 -0.715153
v 1.406961 2.223799 -1.122598
v 1.406961 2.452984 -1.101379
v 1.763478 2.410545 -0.044564
v 1.029227 0.581279 -0.884921
v 1.029227 0.581279 -0.884921
v 1.156553 0.555813 -0.566604
v 1.215973 0.521858 -0.328931
v 1.559756 1.226401 0.316196
v 1.445161 0.874130 0.286484
v 1.653130 1.591408 0.345904
v 1.237192 0.487904 -0.078519
v 1.330567 0.636456 0.261022
v 1.695573 1.901236 0.358635
v 1.729524 2.155890 0.358635
v 1.738013 2.397814 0.350150
v 1.738013 2.618510 -0.044564
v 1.691327 2.626999 -0.375616
v 1.580975 2.639733 -0.689687
v 1.712547 2.605779 0.333173
v 1.203238 0.458196 0.235556
v 1.203238 0.458196 0.235556
v 1.534290 1.582919 0.736376
v 1.580975 1.896993 0.753350
v 1.610687 2.151644 0.744865
v 1.623418 2.393568 0.723641
v 1.436673 1.213670 0.693933
v 1.322078 0.857152 0.647244
v 1.211730 0.619475 0.600558
v 1.682838 2.801013 -0.044564
v 1.640396 2.809502 -0.358639
v 1.661619 2.788282 0.311950
v 1.606441 2.601537 0.693933
v 1.385741 2.652464 -1.063182
v 1.534290 2.817990 -0.655732
v 1.347544 2.830721 -1.016492
v 1.559756 2.784036 0.655733
v 1.088647 0.445464 0.553873
v 1.088647 0.445464 0.553873
v 1.580975 2.958050 0.294976
v 1.602199 2.966539 -0.040318
v 1.564002 2.975028 -0.333173
v 1.487604 2.953804 0.617536
v 1.466381 2.983516 -0.617536
v 1.084401 0.356332 -0.074273
v 1.084401 0.356332 -0.074273
v 1.067424 0.386044 -0.294977
v 1.067424 0.386044 -0.294977
v 0.914633 0.432730 -0.800039
v 0.914633 0.432730 -0.800039
v 1.020739 0.411510 -0.507188
v 1.020739 0.411510 -0.507188
v 1.131087 1.718733 -1.360276
v 1.131087 1.718733 -1.360276
v 1.156553 1.998853 -1.385741
v 1.156553 1.998853 -1.385741
v 1.063182 1.370708 -1.300855
v 1.063182 1.370708 -1.300855
v 1.165041 2.236530 -1.385741
v 1.165041 2.236530 -1.385741
v 0.974053 1.039656 -1.224462
v 0.974053 1.039656 -1.224462
v 1.165041 2.461473 -1.360276
v 1.165041 2.461473 -1.360276
v 1.152310 2.660953 -1.322079
v 1.152310 2.660953 -1.322079
v 1.288124 2.992005 -0.957076
v 1.122598 2.834968 -1.266904
v 1.122598 2.834968 -1.266904
v 0.884921 0.814713 -1.173530
v 0.884921 0.814713 -1.173530
v 0.817016 0.610987 -1.101379
v 0.817016 0.610987 -1.101379
v 0.817016 0.610987 -1.101379
v 1.496093 3.115088 -0.040318
v 1.496093 3.115088 -0.040318
v 1.462139 3.123576 -0.307707
v 1.462139 3.123576 -0.307707
v 1.474870 3.110842 0.273753
v 1.474870 3.110842 0.273753
v 1.389987 3.106599 0.570850
v 1.389987 3.106599 0.570850
v 1.373010 3.127819 -0.566604
v 1.373010 3.127819 -0.566604
v 1.207484 3.136307 -0.884921
v 1.207484 3.136307 -0.884921
v 1.080159 3.000494 -1.194753
v 1.080159 3.000494 -1.194753
v 1.016492 3.144796 -1.105625
v 1.016492 3.144796 -1.105625
v 1.016492 3.144796 -1.105625
v -0.978296 1.718733 -1.432431
v -1.012250 1.994611 -1.453650
v -0.783062 1.994611 -1.568244
v -0.761838 1.714487 -1.530048
v -0.914633 1.374950 -1.377257
v -0.719399 1.336753 -1.440915
v -0.409567 2.003099 -1.695574
v -0.396836 1.722979 -1.648884
v -0.375616 1.341000 -1.555514
v -0.664225 0.933550 -1.326325
v -0.838236 1.056633 -1.300855
v -0.341662 0.954770 -1.453650
v -0.906144 0.797736 -1.165042
v -0.995273 1.026925 -1.207484
v -0.579339 0.653430 -1.232950
v -0.316196 0.670407 -1.351791
v -0.817016 0.598256 -1.101379
v -0.817016 0.598256 -1.101379
v -0.002121 1.341000 -1.614934
v -0.002121 0.954770 -1.504582
v -0.002121 0.670407 -1.398476
v -0.002121 1.722979 -1.708305
v -0.002121 2.003099 -1.750748
v -0.409567 2.249261 -1.699816
v -0.787304 2.240777 -1.572487
v -1.020739 2.232288 -1.453650
v -1.101379 1.366462 -1.249928
v -0.002121 2.249261 -1.754990
v -1.190507 1.714487 -1.283882
v -1.190507 1.714487 -1.283882
v -0.409567 2.478450 -1.682839
v -0.787304 2.469965 -1.559756
v -1.237192 1.998853 -1.292370
v -1.237192 1.998853 -1.292370
v -0.002121 2.478450 -1.738013
v -1.020739 2.461473 -1.432431
v -0.405324 2.682177 -1.648884
v -0.290730 0.496396 -1.249928
v -0.290730 0.496396 -1.249928
v -0.002121 0.492150 -1.288125
v -0.524165 0.487904 -1.135333
v -0.524165 0.487904 -1.135333
v 0.358635 1.341000 -1.576733
v 0.379858 1.722979 -1.665862
v 0.388347 2.003099 -1.708305
v 0.328931 0.959016 -1.466381
v 0.303461 0.674653 -1.360276
v 0.388347 2.249261 -1.716793
v -0.002121 2.686419 -1.699816
v -0.778815 2.673688 -1.521559
v 0.388347 2.478450 -1.699816
v 0.384101 2.682177 -1.661619
v -0.719399 0.445465 -1.012250
v -0.719399 0.445465 -1.012250
v -1.249927 2.236530 -1.283882
v -1.249927 2.236530 -1.283882
v -1.012250 2.665195 -1.394230
v -1.249927 2.461473 -1.258416
v -1.249927 2.461473 -1.258416
v -0.396836 2.860434 -1.589468
v -0.761838 2.851945 -1.466381
v -0.002121 2.864676 -1.640396
v 0.761838 2.003099 -1.585222
v 0.744865 1.722979 -1.542779
v 0.761838 2.245019 -1.593710
v 0.375616 2.860434 -1.602199
v 0.757596 2.469965 -1.576733
v 0.706664 1.345242 -1.453650
v 0.282241 0.496396 -1.245685
v 0.282241 0.496396 -1.245685
v 0.948587 1.722979 -1.457896
v 0.910387 1.379196 -1.377257
v 0.651490 0.975993 -1.343302
v 0.884921 1.048144 -1.271151
v 0.965561 1.998853 -1.496093
v 0.969807 2.240777 -1.504582
v 0.566604 0.661922 -1.237193
v 0.749107 2.673688 -1.542779
v 0.965561 2.465719 -1.483362
v 0.519919 0.492150 -1.135333
v 0.519919 0.492150 -1.135333
v 0.952830 2.669442 -1.445161
v 0.732130 2.851945 -1.483362
v -0.002121 3.030202 -1.555513
v -0.379858 3.025959 -1.504582
v 0.362881 3.025959 -1.517313
v -0.732130 3.013225 -1.385741
v 0.706664 3.017471 -1.402718
v 0.931610 2.843456 -1.385741
v -0.986784 2.843456 -1.339056
v 0.897656 3.008982 -1.309348
v 0.736376 0.458196 -0.999519
v 0.736376 0.458196 -0.999519
v -0.002121 0.360579 -1.148064
v -0.002121 0.360579 -1.148064
v -0.261022 0.369067 -1.105625
v -0.261022 0.369067 -1.105625
v -1.232950 2.665195 -1.220219
v -1.232950 2.665195 -1.220219
v -1.143822 0.763782 -0.923122
v -1.143822 0.763782 -0.923122
v -1.037716 0.572790 -0.880679
v -1.037716 0.572790 -0.880679
v -1.037716 0.572790 -0.880679
v -1.241439 0.992970 -0.948588
v -1.241439 0.992970 -0.948588
v -0.948587 3.004736 -1.266904
v -1.347544 1.332507 -0.969807
v -1.347544 1.332507 -0.969807
v -1.198996 2.834968 -1.169284
v -1.198996 2.834968 -1.169284
v -1.148064 2.996247 -1.105625
v -1.148064 2.996247 -1.105625
v -0.002121 3.170262 -1.445161
v -0.002121 3.170262 -1.445161
v -0.358639 3.166016 -1.398476
v -0.358639 3.166016 -1.398476
v 0.345904 3.166016 -1.411207
v 0.345904 3.166016 -1.411207
v -0.693933 3.153285 -1.283882
v -0.693933 3.153285 -1.283882
v 0.672710 3.157531 -1.300855
v 0.672710 3.157531 -1.300855
v -0.893410 3.144796 -1.173530
v -0.893410 3.144796 -1.173530
v 0.850970 3.149042 -1.211730
v 0.850970 3.149042 -1.211730
v -1.080159 3.136307 -1.024981
v -1.080159 3.136307 -1.024981
v -1.080159 3.136307 -1.024981
v -1.763478 2.160136 0.171890
v -1.750747 1.901236 0.167647
v -1.661619 1.901236 0.545384
v -1.678596 2.164379 0.541138
v -1.754990 2.397814 0.171890
v -1.670104 2.402056 0.532653
v -1.614933 1.587161 0.532653
v -1.704058 1.587161 0.154912
v -1.521559 1.222159 0.502941
v -1.606441 1.226401 0.129450
v -1.449408 1.612627 0.901898
v -1.496093 1.926702 0.914633
v -1.513070 2.185598 0.906144
v -1.508824 2.419033 0.889167
v -1.356033 1.251867 0.867948
v -1.402718 0.869887 0.464744
v -1.487604 0.874130 0.103984
v -1.241439 0.895353 0.821258
v -1.139579 0.657676 0.770330
v -1.288124 0.636456 0.426544
v -1.373010 0.644941 0.074272
v -1.750747 1.918213 -0.205844
v -1.704058 1.612627 -0.218579
v -1.606441 1.256113 -0.239799
v -1.487604 0.908084 -0.256776
v -1.763478 2.177110 -0.197359
v -1.381499 0.683142 -0.269511
v -1.759236 2.410545 -0.188871
v -1.721039 2.610021 0.167647
v -1.640396 2.610021 0.515672
v -1.725282 2.618510 -0.180378
v -1.483362 2.626998 0.863702
v -1.020739 0.470930 0.706664
v -1.020739 0.470930 0.706664
v -1.160799 0.458196 0.379858
v -1.160799 0.458196 0.379858
v -1.241439 0.466684 0.044564
v -1.241439 0.466684 0.044564
v -1.254170 0.500639 -0.277995
v -1.254170 0.500639 -0.277995
v -1.665861 2.788282 0.163405
v -1.589468 2.788282 0.494453
v -1.670104 2.796767 -0.167647
v -1.436673 2.805259 0.825505
v -1.657373 1.947922 -0.570850
v -1.610687 1.646582 -0.579339
v -1.517313 1.294310 -0.583581
v -1.402718 0.954770 -0.583581
v -1.300855 0.729827 -0.579339
v -1.674350 2.198334 -0.562362
v -1.670104 2.427522 -0.549627
v -1.644638 2.635491 -0.528407
v -1.593710 2.809502 -0.502941
v -1.487604 1.977630 -0.982542
v -1.504582 2.219553 -0.974053
v -1.440915 1.684782 -0.982542
v -1.186265 0.543082 -0.562362
v -1.186265 0.543082 -0.562362
v -1.500335 2.448742 -0.952830
v -1.474873 2.652464 -0.914633
v -1.585221 2.953804 0.159159
v -1.513070 2.953804 0.468987
v -1.589468 2.958050 -0.154916
v -1.368764 2.966539 0.783062
v -1.517313 2.970785 -0.468987
v -1.432430 2.826479 -0.876436
v -1.156553 2.987759 1.071671
v -1.364522 2.983516 -0.825505
v -1.487604 3.106599 -0.142181
v -1.487604 3.106599 -0.142181
v -1.423942 3.115088 -0.435032
v -1.423942 3.115088 -0.435032
v -1.479116 3.102353 0.150670
v -1.479116 3.102353 0.150670
v -1.419695 3.102353 0.439279
v -1.419695 3.102353 0.439279
v -1.283882 3.110841 0.727884
v -1.283882 3.110841 0.727884
v -1.088647 3.127819 0.999516
v -1.088647 3.127819 0.999516
v -1.279636 3.127819 -0.761838
v -1.279636 3.127819 -0.761838
v 0.833989 3.399450 0.146424
v 0.770330 3.399450 0.392593
v 0.978296 3.399450 0.401082
v 0.867948 3.395208 0.604805
v 0.643001 3.390962 0.596316
v 0.702422 3.390962 0.778816
v 1.037712 3.403693 0.193113
v 0.829747 3.403693 -0.074272
v 1.050447 3.403693 -0.027587
v 1.024981 3.407939 -0.205844
v 0.761838 3.403693 -0.311950
v 0.969807 3.407939 -0.379858
v 0.855213 3.412181 -0.596316
v 0.630267 3.403693 -0.515672
v 0.727884 3.412181 -0.740618
v 0.452010 3.403693 -0.672710
v 0.621778 3.412181 -0.812770
v 0.481722 3.390962 0.897656
v 0.460502 3.386719 0.749107
v 0.498699 3.416428 -0.880678
v 0.244045 3.403693 -0.766084
v 0.273753 3.395208 0.969807
v 0.256776 3.420674 -0.965561
v -0.002121 3.403693 -0.804281
v -0.002121 3.420674 -0.995273
v 0.252529 3.386719 0.850971
v -0.244045 3.403693 -0.766084
v -0.265264 3.416428 -0.957076
v -0.452010 3.403693 -0.672710
v -0.507188 3.416428 -0.872190
v -0.643001 3.412181 -0.795796
v -0.630270 3.403693 -0.515672
v -0.766084 3.412181 -0.693933
v -0.906144 3.407939 -0.519919
v -0.761838 3.403693 -0.311950
v -1.016492 3.403693 -0.294976
v -0.829747 3.403693 -0.074272
v -1.058936 3.403693 -0.095496
v -1.054693 3.399450 0.108227
v -0.833993 3.399450 0.146424
v -1.016492 3.399450 0.303461
v -0.923122 3.399450 0.498699
v -0.770330 3.399450 0.392593
v -0.643001 3.390962 0.596316
v -0.778815 3.399450 0.681198
v -0.655732 3.399450 0.783062
v -0.460502 3.386719 0.749107
v -0.473233 3.395208 0.893410
v -0.252533 3.386719 0.850971
v 0.010610 3.399450 0.995273
v -0.214333 3.399450 0.978296
v 0.002121 3.386719 0.889167
v -0.244045 3.369742 1.143822
v -0.541138 3.365496 1.041958
v 0.019098 3.361253 1.160799
v 0.311950 3.348518 1.131087
v -0.757596 3.357007 0.923122
v -0.303461 3.373985 -1.118356
v -0.002121 3.378231 -1.156553
v 0.294976 3.378231 -1.126844
v -0.583581 3.365496 -1.024981
v 0.715153 3.365496 -0.961318
v 0.558115 3.340030 1.046205
v 0.570850 3.369742 -1.033470
v 0.842482 3.361254 -0.876436
v 0.812770 3.335788 0.901898
v -0.897656 3.348518 0.800039
v -0.744865 3.361254 -0.935853
v -0.889167 3.357008 -0.817016
v 0.991027 3.357008 -0.702422
v -1.050447 3.352765 -0.609047
v 1.008008 3.335788 0.702422
v 1.122598 3.352765 -0.447767
v -1.173530 3.344273 -0.345904
v 0.371370 3.331542 0.609047
v 0.515672 3.331542 0.485964
v -0.371370 3.331542 0.609047
v -0.205844 3.327299 0.689687
v 0.002121 3.327299 0.723642
v 0.205844 3.327299 0.689687
v 1.135333 3.335788 0.464745
v 1.190507 3.348519 -0.244044
v 1.215973 3.344273 -0.031833
v 0.002121 3.344273 -0.643001
v 0.197359 3.344273 -0.613293
v -0.197359 3.344273 -0.613293
v -0.362881 3.340030 -0.536896
v -0.507188 3.340030 -0.405324
v -0.515672 3.331542 0.485964
v 0.617536 3.331542 0.320438
v -1.058936 3.340030 0.583581
v -1.224461 3.340030 -0.112473
v 1.203238 3.340030 0.222821
v -0.609047 3.335788 -0.244044
v -0.664225 3.335788 -0.053053
v 0.507188 3.340030 -0.405324
v 0.362881 3.340030 -0.536896
v -0.668467 3.335788 0.125204
v -0.617536 3.331542 0.320438
v 0.668467 3.335788 0.125204
v 0.664225 3.335788 -0.053053
v 0.609047 3.335788 -0.244044
v -1.215973 3.335788 0.125204
v -1.169284 3.335788 0.354393
v -0.600558 3.280613 1.182019
v -0.265264 3.284856 1.292370
v 0.019098 3.276367 1.309344
v 0.341662 3.259390 1.275393
v -0.002121 3.289103 -1.313590
v 0.324684 3.289103 -1.279636
v -0.337415 3.284856 -1.266904
v 0.626024 3.280614 -1.177776
v 0.791550 3.272121 -1.097132
v -0.643001 3.276368 -1.165041
v -0.825505 3.267879 -1.063182
v 0.935853 3.267879 -0.999519
v 0.617536 3.246659 1.182019
v -0.842482 3.263636 1.046205
v 1.109867 3.259390 -0.800039
v 0.906144 3.238170 1.016493
v -0.999519 3.250901 0.910387
v -0.991027 3.259390 -0.927364
v 1.131087 3.233924 0.791550
v -0.447767 3.216947 -0.167647
v -0.485964 3.212705 -0.027587
v -0.490207 3.212705 0.099738
v 1.368764 3.242413 -0.036076
v 1.351791 3.238171 0.248287
v 1.339056 3.246659 -0.277995
v 1.271147 3.233924 0.519919
v 1.258416 3.250902 -0.511430
v 0.002121 3.208458 0.541138
v 0.154912 3.208458 0.519919
v -0.456256 3.208458 0.239799
v -0.384101 3.208458 0.358635
v -0.277995 3.208458 0.460502
v -0.371370 3.216947 -0.290730
v 0.447767 3.216947 -0.167647
v 0.371370 3.216947 -0.290730
v -1.173530 3.250902 -0.689687
v -0.154916 3.208458 0.519919
v -1.182018 3.238171 0.664225
v 0.269510 3.216947 -0.388347
v 0.146424 3.221194 -0.447767
v 0.384101 3.208458 0.358635
v 0.456256 3.208458 0.239799
v -0.269510 3.216947 -0.388347
v -0.146424 3.221194 -0.447767
v 0.277995 3.208458 0.460502
v 0.485964 3.212705 -0.027587
v 0.490207 3.212705 0.099738
v 0.002121 3.221194 -0.473233
v -1.309347 3.242413 -0.392593
v -1.368764 3.233924 -0.129450
v -1.360275 3.229682 0.142181
v -1.305101 3.229682 0.401082
v 0.333173 3.064156 -0.010610
v 0.307707 3.064156 -0.108227
v 0.256776 3.068398 -0.197359
v 0.184624 3.068398 -0.265264
v 0.108227 3.055667 0.362881
v 0.188871 3.055667 0.324685
v 0.265264 3.055667 0.252530
v -0.108227 3.055667 0.362881
v -0.188871 3.055667 0.324685
v -0.265264 3.055667 0.252530
v 0.002121 3.055667 0.379859
v 0.311950 3.055667 0.171890
v 0.337415 3.059910 0.078519
v -0.311950 3.055667 0.171890
v -0.337415 3.059910 0.078519
v -0.333173 3.064156 -0.010610
v -0.256776 3.068398 -0.197359
v -0.184624 3.068398 -0.265264
v -0.307707 3.064156 -0.108227
v 0.099738 3.068398 -0.307707
v 0.002121 3.068398 -0.324684
v -0.099738 3.068398 -0.307707
v 0.120962 2.885899 0.214333
v 0.120962 2.885899 0.214333
v 0.061541 2.881653 0.239798
v -0.061541 2.881653 0.239798
v -0.061541 2.881653 0.239798
v -0.120962 2.885899 0.214333
v -0.120962 2.885899 0.214333
v 0.167647 2.885899 0.171890
v 0.167647 2.885899 0.171890
v 0.188871 2.890141 -0.061541
v 0.188871 2.890141 -0.061541
v 0.159158 2.890141 -0.116719
v 0.159158 2.890141 -0.116719
v -0.188871 2.890141 -0.061541
v -0.188871 2.890141 -0.061541
v -0.210090 2.890141 -0.002121
v -0.210090 2.890141 -0.002121
v 0.201602 2.885899 0.116716
v 0.201602 2.885899 0.116716
v 0.002121 2.881653 0.252530
v 0.002121 2.881653 0.252530
v -0.167647 2.885899 0.171890
v -0.167647 2.885899 0.171890
v 0.112473 2.890141 -0.163405
v 0.112473 2.890141 -0.163405
v 0.112473 2.890141 -0.163405
v -0.159158 2.890141 -0.116719
v -0.159158 2.890141 -0.116719
v 0.057299 2.890141 -0.193113
v 0.057299 2.890141 -0.193113
v -0.201602 2.885899 0.116716
v -0.201602 2.885899 0.116716
v -0.214333 2.885899 0.057299
v -0.214333 2.885899 0.057299
v -0.214333 2.885899 0.057299
v 0.214333 2.885899 0.057299
v 0.214333 2.885899 0.057299
v 0.210090 2.890141 -0.002121
v 0.210090 2.890141 -0.002121
v -0.112473 2.890141 -0.163405
v -0.112473 2.890141 -0.163405
v 0.002121 2.890141 -0.201601
v 0.002121 2.890141 -0.201601
v -0.057299 2.890141 -0.193113
v -0.057299 2.890141 -0.193113
v 0.112473 2.919854 0.197359
v 0.112473 2.919854 0.197359
v 0.057299 2.919853 0.222821
v 0.057299 2.919853 0.222821
v 0.002121 2.919853 0.231310
v 0.002121 2.919853 0.231310
v 0.065784 3.144796 0.142181
v 0.065784 3.144796 0.142181
v 0.065784 3.144796 0.142181
v -0.507188 0.288427 -0.579339
v -0.324684 0.296916 -0.502942
v -0.418055 0.296916 -0.375616
v -0.596316 0.284181 -0.413813
v -0.362881 0.284181 -0.659979
v -0.167647 0.284181 -0.566604
v -0.193113 0.271450 -0.744865
v -0.002121 0.275692 -0.596316
v -0.002121 0.258719 -0.783062
v 0.167647 0.284181 -0.566604
v 0.193113 0.271450 -0.744865
v 0.324684 0.296916 -0.502942
v 0.362881 0.284181 -0.659979
v 0.456256 0.296916 -0.426548
v 0.502941 0.288427 -0.579339
v 0.549627 0.301158 -0.328931
v -0.452010 0.313893 -0.256776
v 0.626024 0.288427 -0.422302
v 0.587827 0.301158 -0.239799
v 0.740619 0.288427 -0.244045
v 0.706664 0.296916 -0.566604
v 0.800039 0.296916 -0.333173
v 0.914633 0.288427 -0.065784
v -0.643001 0.305405 -0.655733
v -0.753350 0.296916 -0.452010
v -0.638759 0.275692 -0.282242
v 0.579339 0.305405 -0.727888
v -0.795796 0.279939 -0.282242
v -0.638759 0.267208 -0.112473
v -0.791550 0.258719 -0.074273
v -0.592074 0.262962 0.087007
v -0.723641 0.245984 0.163404
v -0.498699 0.254473 0.294976
v -0.630270 0.241742 0.396835
v 0.413813 0.305405 -0.833994
v -0.392593 0.267208 0.456256
v -0.507188 0.258719 0.596316
v -0.413813 0.305405 -0.833994
v 0.227067 0.292674 -0.931611
v 0.749107 0.271450 -0.053053
v 0.880679 0.262962 0.184624
v 0.715153 0.245984 0.176135
v 0.783062 0.254473 0.443521
v 0.613293 0.241742 0.405324
v 0.596316 0.288427 -0.070030
v 0.893410 0.301158 -0.256776
v -0.002121 0.284181 -0.969807
v -0.231310 0.292674 -0.931611
v -0.935853 0.275692 -0.031833
v -0.269510 0.288427 0.587827
v 0.626024 0.271450 0.685444
v 0.477476 0.267208 0.596316
v 0.452010 0.301158 0.876436
v 0.328931 0.288427 0.749107
v 0.248287 0.318135 0.999515
v 0.176136 0.296916 0.846724
v -0.002121 0.322381 1.063182
v 0.231310 0.309647 0.587827
v 0.350150 0.292674 0.460502
v 0.129450 0.305405 0.664225
v -0.002121 0.292674 0.681198
v -0.002121 0.292674 0.808527
v -0.137939 0.296916 0.664225
v -0.002121 0.296916 0.906144
v -0.197359 0.309647 0.846724
v -0.362881 0.292674 0.753349
v -0.859455 0.267208 0.244044
v -0.753350 0.267208 0.515672
v -0.613293 0.288427 0.744864
v 0.558115 0.271450 0.116715
v 0.464745 0.267208 0.307707
v -0.948587 0.301158 -0.282242
v 0.880679 0.322382 -0.430790
v -0.248287 0.343601 1.024981
v -0.456256 0.330870 0.914633
v -0.456256 0.322382 -0.137939
v -0.901902 0.326624 -0.490207
v -0.770330 0.343601 -0.740619
v -0.613293 0.347844 -0.893410
v -0.074272 0.343601 0.468987
v -0.002121 0.339359 0.490206
v 0.413813 0.343601 -0.214333
v 0.273753 0.347844 -0.341662
v 0.800039 0.339359 -0.693933
v -0.180378 0.347844 0.409566
v 0.137939 0.381798 0.392593
v -0.426548 0.326624 0.006367
v 0.418055 0.343601 -0.087008
v 0.651490 0.356332 -0.872190
v -0.358639 0.326624 0.163404
v -0.261022 0.352090 -0.320442
v -0.137939 0.347844 -0.388347
v -0.002121 0.343601 -0.409567
v 0.137939 0.347844 -0.388347
v 0.388347 0.335113 0.053053
v 0.774573 0.330870 0.766084
v 0.940099 0.318135 0.498699
v -1.012250 0.330870 0.316196
v 0.316196 0.339359 0.180378
v 0.562362 0.360578 0.991027
v 1.050447 0.330870 0.205844
v -0.277995 0.339359 0.307707
v -1.092890 0.343601 0.010610
v 0.235556 0.364825 0.294976
v -0.464745 0.377556 -1.003762
v 0.464745 0.377556 -0.995273
v 0.252529 0.369067 -1.105625
v -0.884921 0.339359 0.621778
v -1.105625 0.373313 -0.282242
v -0.727887 0.369067 0.876436
v -0.261022 0.415753 -0.163405
v -0.252533 0.432730 -0.053053
v -0.002121 0.436976 0.299218
v 0.261022 0.432730 -0.116720
v -1.046204 0.407264 -0.532654
v -0.087007 0.449707 0.239798
v -0.906144 0.428488 -0.821259
v -0.112473 0.445465 -0.227068
v -0.002121 0.441218 -0.248287
v 0.053053 0.483661 0.231310
v 0.184624 0.441218 -0.210090
v 0.142181 0.509127 -0.095496
v -0.210090 0.445465 0.053053
v -0.154916 0.453949 0.159158
v -0.129450 0.500639 -0.112473
v -0.002121 0.526104 -0.125204
v 0.099738 0.543082 0.006367
v -0.002121 0.564301 -0.044564
v 0.053053 0.555813 0.091253
v -0.061541 0.547324 0.078518
v -0.002121 0.534593 0.154912
v -0.103984 0.534593 -0.010610
v 0.125204 0.470930 0.167647
v 0.231310 0.441218 -0.010610
v 0.184624 0.449707 0.082761
v -0.010610 3.144796 0.116716
v 0.362881 4.074285 0.231310
v 0.405324 4.057308 0.235556
v 0.405324 4.057308 0.235556
v -0.057299 2.919853 0.222821
v 0.333173 4.095505 0.188871
v 0.333173 4.095505 0.188871
v -0.040318 3.144796 0.048807
v -0.040318 3.144796 0.048807
v 0.426544 4.345913 0.337416
v 0.426544 4.345913 0.337416
v 0.405324 4.362890 0.286484
v 0.405324 4.362890 0.286484
v 0.405324 4.362890 0.286484
v -0.188871 2.919854 0.112473
v -0.201602 2.919854 0.057299
v -0.201602 2.919854 0.057299
v -0.112473 2.919854 0.197359
v -0.159158 2.919854 0.163405
v 0.464745 4.316205 0.384101
v 0.464745 4.316205 0.384101
v 0.515672 4.282250 0.396836
v 0.515672 4.282250 0.396836
v 0.570850 4.248296 0.375616
v 0.570850 4.248296 0.375616
v 0.570850 4.248296 0.375616
v 0.129450 3.144796 0.036076
v 0.129450 3.144796 0.036076
v 0.435032 4.053061 0.137939
v 0.435032 4.040331 0.188871
v 0.435032 4.040331 0.188871
v 0.120962 3.144796 0.099738
v 0.120962 3.144796 0.099738
v 0.103984 3.144796 -0.014852
v 0.103984 3.144796 -0.014852
v 0.634513 4.218587 0.269511
v 0.634513 4.218587 0.269511
v 0.634513 4.218587 0.269511
v 0.392593 4.078527 0.116716
v 0.392593 4.078527 0.116716
v 0.048807 3.144796 -0.044564
v 0.048807 3.144796 -0.044564
v 0.048807 3.144796 -0.044564
v 0.617536 4.269519 0.167647
v 0.617536 4.269519 0.167647
v 0.566604 4.311962 0.146424
v 0.566604 4.311962 0.146424
v 0.566604 4.311962 0.146424
v 0.643001 4.235565 0.201602
v 0.643001 4.235565 0.201602
v 0.511430 4.345913 0.150670
v 0.511430 4.345913 0.150670
v 0.456256 4.367136 0.176136
v 0.456256 4.367136 0.176136
v 0.604805 4.227076 0.337416
v 0.604805 4.227076 0.337416
v 0.413813 4.371379 0.227068
v 0.413813 4.371379 0.227068
v 0.180378 2.919854 -0.057299
v 0.201602 2.919854 0.002121
v 0.150670 2.919854 -0.108227
v 0.108227 2.919854 -0.154916
v 0.108227 2.919854 -0.154916
v 0.201602 2.919854 0.057299
v 0.188871 2.919854 0.112473
v 0.159158 2.919854 0.163405
v 0.002121 2.919854 -0.188870
v 0.057299 2.919854 -0.180378
v -0.057299 2.919854 -0.180378
v -0.019098 3.144796 -0.023344
v -0.108227 2.919854 -0.154916
v 0.345904 4.095505 0.133693
v -0.180378 2.919854 -0.057299
v -0.201602 2.919854 0.002121
v -0.150670 2.919854 -0.108227
vn -0.0330 -0.9991 -0.0255
vn 0.1886 -0.9772 -0.0973
vn 0.2086 -0.9738 -0.0900
vn -0.0212 -0.9990 0.0398
vn -0.2229 -0.9618 0.1589
vn -0.2507 -0.9660 0.0628
vn 0.2206 -0.9731 -0.0668
vn 0.0317 -0.9933 0.1108
vn -0.1449 -0.9532 0.2653
vn -0.0018 -0.9980 -0.0638
vn 0.2443 -0.9697 -0.0061
vn 0.1996 -0.9733 0.1135
vn -0.0477 -0.9987 0.0200
vn -0.2374 -0.9680 -0.0818
vn -0.2004 -0.9722 -0.1212
vn 0.1074 -0.9742 0.1983
vn -0.1035 -0.9931 0.0543
vn -0.2684 -0.9603 -0.0764
vn -0.0502 -0.9965 -0.0665
vn 0.1511 -0.9868 -0.0588
vn -0.2779 -0.9603 -0.0232
vn 0.0067 -0.9953 -0.0964
vn 0.2433 -0.9669 -0.0774
vn -0.1825 -0.9788 -0.0924
vn 0.3986 -0.9104 -0.1114
vn 0.4195 -0.8902 -0.1774
vn 0.3889 -0.8944 -0.2211
vn 0.5089 -0.8584 0.0649
vn 0.4536 -0.8627 0.2237
vn 0.3638 -0.8603 0.3570
vn -0.0827 -0.9907 -0.1077
vn 0.0830 -0.9957 -0.0418
vn -0.2918 -0.9469 -0.1349
vn 0.1509 -0.9872 -0.0508
vn 0.0341 -0.9868 0.1582
vn -0.1080 -0.9348 0.3384
vn -0.0033 -0.9797 0.2006
vn -0.0044 -0.9797 0.2003
vn -0.0708 -0.9973 -0.0180
vn -0.0078 -0.9994 -0.0330
vn -0.1376 -0.9587 -0.2491
vn -0.0039 -0.9614 -0.2750
vn 0.0067 -0.9810 0.1940
vn 0.0761 -0.9970 -0.0138
vn 0.1359 -0.9582 -0.2516
vn 0.3557 -0.9345 0.0110
vn 0.5256 -0.8471 -0.0787
vn -0.4387 -0.8521 0.2854
vn -0.4790 -0.8649 0.1501
vn -0.5241 -0.8514 0.0207
vn -0.3471 -0.8303 0.4361
vn 0.2397 -0.9609 0.1388
vn 0.2519 -0.9230 -0.2908
vn -0.4351 -0.8842 -0.1701
vn -0.3887 -0.9071 -0.1614
vn -0.4414 -0.8764 -0.1923
vn 0.0763 -0.9686 0.2365
vn -0.0661 -0.9970 0.0403
vn -0.1736 -0.9756 -0.1345
vn 0.0618 -0.9873 0.1467
vn -0.0586 -0.9983 -0.0071
vn -0.1350 -0.9692 -0.2058
vn 0.0508 -0.9987 -0.0070
vn -0.0460 -0.9839 0.1724
vn 0.1439 -0.9657 -0.2163
vn -0.3850 -0.9205 -0.0673
vn 0.2698 -0.8475 0.4572
vn -0.1559 -0.9878 0.0022
vn 0.0059 -0.9988 -0.0483
vn 0.1147 -0.9905 -0.0753
vn -0.5433 -0.8259 -0.1507
vn -0.1130 -0.9867 -0.1172
vn 0.0171 -0.9996 -0.0240
vn 0.1418 -0.9809 0.1328
vn -0.0010 -0.9066 0.4221
vn 0.0930 -0.9134 0.3963
vn -0.0862 -0.9076 0.4109
vn -0.2998 -0.9336 -0.1962
vn -0.0308 -0.9990 -0.0337
vn -0.1307 -0.9826 -0.1321
vn 0.2412 -0.9158 0.3211
vn -0.1944 -0.8361 -0.5130
vn -0.0042 -0.8320 -0.5548
vn 0.1886 -0.8373 -0.5132
vn -0.1950 -0.9274 0.3191
vn -0.0815 -0.9888 0.1252
vn 0.0249 -0.9996 -0.0146
vn 0.1237 -0.9773 -0.1718
vn -0.2655 -0.7919 0.5499
vn -0.2088 -0.9076 -0.3643
vn 0.0324 -0.9974 -0.0646
vn -0.0436 -0.9912 0.1254
vn 0.0865 -0.9429 -0.3217
vn 0.0136 -0.9983 0.0569
vn 0.0234 -0.9895 -0.1426
vn 0.0606 -0.9615 0.2681
vn 0.1405 -0.9846 -0.1036
vn -0.0133 -0.9998 0.0127
vn -0.1294 -0.9872 0.0933
vn -0.2938 -0.9481 0.1212
vn 0.3307 -0.9320 -0.1485
vn 0.2594 -0.9590 -0.1142
vn 0.5368 -0.8249 -0.1772
vn -0.1271 -0.9371 0.3250
vn -0.2162 -0.8578 -0.4663
vn 0.0219 -0.9927 -0.1182
vn -0.0235 -0.9994 0.0260
vn 0.0525 -0.9580 -0.2820
vn -0.0303 -0.9931 0.1131
vn 0.2321 -0.8609 -0.4527
vn -0.1954 -0.9266 -0.3213
vn -0.2772 -0.9252 -0.2590
vn -0.0294 -0.9488 0.3144
vn 0.2416 -0.8942 -0.3770
vn 0.3264 -0.9128 -0.2456
vn 0.5533 -0.7984 -0.2376
vn -0.5354 -0.7988 -0.2744
vn 0.1681 -0.8220 0.5441
vn 0.4022 -0.8841 0.2381
vn -0.0266 -0.8033 0.5949
vn 0.6502 -0.6928 0.3120
vn 0.5472 -0.6862 0.4792
vn 0.7200 -0.6836 0.1198
vn 0.5114 -0.8594 -0.0025
vn -0.2078 -0.7801 0.5902
vn -0.4705 -0.7843 -0.4044
vn 0.5448 -0.8203 -0.1739
vn 0.4749 -0.8265 -0.3023
vn -0.6203 -0.6814 0.3886
vn -0.6797 -0.6970 0.2285
vn -0.7235 -0.6883 0.0537
vn 0.4259 -0.6549 0.6242
vn 0.7463 -0.6619 -0.0695
vn -0.5744 -0.7963 -0.1896
vn -0.5208 -0.8416 -0.1432
vn -0.4853 -0.8690 0.0963
vn -0.5077 -0.6396 0.5772
vn 0.2941 -0.8558 -0.4256
vn 0.1035 -0.8718 -0.4788
vn -0.5283 -0.8005 -0.2829
vn 0.3639 -0.7412 -0.5642
vn 0.5073 -0.7744 -0.3781
vn -0.7405 -0.6536 -0.1565
vn -0.3370 -0.7460 -0.5744
vn -0.0232 -0.8513 0.5242
vn 0.2037 -0.8554 0.4762
vn -0.2812 -0.8696 0.4059
vn -0.2920 -0.6798 -0.6728
vn 0.3019 -0.6775 -0.6707
vn 0.7362 -0.6439 -0.2084
vn -0.2239 -0.6402 -0.7349
vn -0.0016 -0.6339 -0.7734
vn -0.0042 -0.8319 -0.5549
vn 0.2214 -0.6434 -0.7328
vn 0.2600 -0.6092 0.7492
vn -0.1598 -0.8653 -0.4750
vn -0.3793 -0.5819 0.7193
vn -0.2239 -0.6402 -0.7348
vn -0.7181 -0.6162 -0.3235
vn -0.0110 -0.5897 0.8075
vn -0.0266 -0.8033 0.5950
vn 0.7244 -0.6203 -0.3007
vn -0.2588 -0.5684 0.7810
vn -0.2078 -0.7800 0.5902
vn -0.6284 -0.5947 -0.5014
vn 0.6468 -0.5897 -0.4836
vn 0.3777 -0.8734 0.3075
vn -0.4384 -0.5456 -0.7142
vn 0.4529 -0.8912 0.0246
vn -0.3805 -0.8978 0.2216
vn 0.4523 -0.5348 -0.7137
vn 0.1148 -0.8873 -0.4467
vn -0.0261 -0.8834 0.4679
vn -0.4735 -0.8807 0.0102
vn -0.3384 -0.4725 -0.8138
vn -0.2920 -0.6797 -0.6729
vn 0.3413 -0.9143 -0.2182
vn 0.6502 -0.6927 0.3120
vn 0.7703 -0.5252 0.3615
vn 0.6526 -0.5213 0.5499
vn 0.5473 -0.6862 0.4792
vn 0.8454 -0.5139 0.1456
vn -0.2723 -0.9348 -0.2278
vn 0.5472 -0.6862 0.4793
vn 0.5002 -0.4923 0.7123
vn 0.4259 -0.6549 0.6243
vn -0.8008 -0.5322 0.2747
vn -0.8473 -0.5261 0.0734
vn -0.7235 -0.6882 0.0537
vn -0.6203 -0.6813 0.3886
vn -0.7302 -0.5065 0.4585
vn 0.3489 -0.4680 -0.8120
vn 0.3639 -0.7411 -0.5642
vn 0.8698 -0.4896 -0.0619
vn -0.8580 -0.4884 -0.1591
vn -0.5927 -0.4531 0.6659
vn 0.3057 -0.4493 0.8394
vn -0.2471 -0.4334 -0.8667
vn 0.8540 -0.4722 -0.2182
vn -0.0079 -0.4375 -0.8992
vn 0.2379 -0.4505 -0.8605
vn -0.8209 -0.4549 -0.3453
vn -0.0170 -0.9738 0.2270
vn -0.4348 -0.3871 0.8131
vn -0.0122 -0.4122 0.9110
vn 0.8260 -0.4526 -0.3360
vn -0.7164 -0.4383 -0.5429
vn -0.2916 -0.3827 0.8766
vn 0.7208 -0.4281 -0.5452
vn -0.4943 -0.4091 -0.7670
vn 0.4524 -0.5348 -0.7137
vn 0.4887 -0.3997 -0.7755
vn -0.3396 -0.3460 -0.8746
vn 0.3615 -0.3462 -0.8657
vn 0.4886 -0.3997 -0.7756
vn 0.8346 -0.3882 0.3907
vn 0.7160 -0.3792 0.5861
vn 0.9116 -0.3794 0.1582
vn 0.5456 -0.3614 0.7562
vn -0.8678 -0.3943 0.3024
vn -0.9165 -0.3903 0.0876
vn -0.7819 -0.3740 0.4988
vn 0.9302 -0.3625 -0.0577
vn -0.9175 -0.3660 -0.1558
vn -0.2425 -0.3115 -0.9188
vn -0.6231 -0.3359 0.7063
vn 0.2308 -0.3250 -0.9171
vn 0.3390 -0.3302 0.8809
vn -0.0155 -0.3128 -0.9497
vn 0.9093 -0.3513 -0.2232
vn -0.8722 -0.3453 -0.3464
vn -0.4809 -0.3009 0.8235
vn -0.6231 -0.3359 0.7064
vn 0.1720 -0.3155 0.9332
vn 0.8705 -0.3464 -0.3496
vn -0.7692 -0.3323 -0.5458
vn -0.0317 -0.2871 0.9574
vn -0.2173 -0.2916 0.9315
vn 0.7564 -0.3498 -0.5528
vn -0.3250 -0.2856 0.9016
vn -0.4149 -0.3018 0.8584
vn -0.5633 -0.3225 -0.7607
vn -0.2249 -0.2389 0.9446
vn 0.5371 -0.3493 -0.7678
vn -0.3911 -0.3170 -0.8640
vn 0.3923 -0.3306 -0.8584
vn 0.5370 -0.3493 -0.7678
vn 0.8651 -0.3010 0.4013
vn 0.7414 -0.2938 0.6033
vn 0.9435 -0.2890 0.1623
vn 0.5654 -0.2719 0.7787
vn -0.9015 -0.2979 0.3141
vn -0.9503 -0.2966 0.0942
vn -0.8089 -0.2903 0.5112
vn -0.9477 -0.2828 -0.1477
vn 0.9592 -0.2781 -0.0510
vn -0.6570 -0.2796 0.7001
vn 0.3660 -0.2399 0.8992
vn -0.9012 -0.2695 -0.3395
vn 0.9373 -0.2739 -0.2157
vn -0.3224 -0.2752 -0.9057
vn -0.2315 -0.2583 -0.9379
vn -0.4433 -0.2605 -0.8577
vn -0.5259 -0.2665 0.8077
vn 0.1732 -0.2278 0.9582
vn 0.8963 -0.2770 -0.3462
vn -0.8029 -0.2612 -0.5358
vn -0.0237 -0.2541 -0.9669
vn 0.2142 -0.2602 -0.9415
vn 0.3535 -0.2786 -0.8930
vn -0.0176 -0.2205 0.9752
vn 0.3999 -0.2739 -0.8747
vn 0.7843 -0.2835 -0.5518
vn -0.8029 -0.2612 -0.5359
vn -0.6259 -0.2556 -0.7368
vn 0.5577 -0.2818 -0.7807
vn -0.4031 -0.2545 0.8791
vn 0.5576 -0.2818 -0.7808
vn 0.8896 -0.2133 0.4038
vn 0.7603 -0.2125 0.6138
vn 0.9640 -0.2039 0.1708
vn -0.9242 -0.2072 0.3210
vn -0.9723 -0.2083 0.1057
vn -0.8330 -0.2033 0.5145
vn 0.7602 -0.2125 0.6139
vn 0.5780 -0.1962 0.7921
vn -0.9703 -0.1989 -0.1380
vn 0.9756 -0.2147 -0.0458
vn -0.6967 -0.1941 0.6906
vn -0.9256 -0.1875 -0.3289
vn 0.3776 -0.1717 0.9099
vn 0.9551 -0.2078 -0.2111
vn 0.9153 -0.2003 -0.3494
vn -0.8327 -0.1846 -0.5221
vn -0.5621 -0.1748 0.8084
vn 0.1874 -0.1607 0.9691
vn 0.8083 -0.1886 -0.5577
vn -0.6588 -0.1806 -0.7303
vn 0.0015 -0.1584 0.9874
vn -0.3502 -0.1987 -0.9153
vn -0.2215 -0.2052 -0.9533
vn -0.4895 -0.1783 -0.8536
vn -0.0203 -0.1944 -0.9807
vn 0.2107 -0.1941 -0.9581
vn 0.3472 -0.2031 -0.9155
vn 0.5917 -0.1866 -0.7843
vn 0.4233 -0.1977 -0.8841
vn -0.2092 -0.1725 0.9626
vn -0.4070 -0.1705 0.8974
vn 0.9731 -0.1345 0.1871
vn 0.9073 -0.1295 0.4000
vn 0.7732 -0.1366 0.6193
vn -0.9410 -0.1040 0.3222
vn -0.9884 -0.1011 0.1132
vn -0.9871 -0.0959 -0.1280
vn -0.8510 -0.0938 0.5168
vn 0.9889 -0.1450 -0.0324
vn 0.5875 -0.1176 0.8007
vn -0.9426 -0.0940 -0.3204
vn -0.7250 -0.0881 0.6831
vn 0.9667 -0.1346 -0.2178
vn 0.3861 -0.0941 0.9176
vn -0.8531 -0.0855 -0.5148
vn 0.9243 -0.1066 -0.3664
vn -0.5837 -0.0652 0.8093
vn 0.1907 -0.0805 0.9783
vn 0.8188 -0.0748 -0.5692
vn -0.6844 -0.0702 -0.7257
vn 0.6169 -0.0759 -0.7834
vn 0.0115 -0.0646 0.9978
vn -0.5156 -0.0725 -0.8538
vn -0.3795 -0.0834 -0.9214
vn -0.2260 -0.0909 -0.9699
vn 0.4501 -0.0911 -0.8883
vn -0.0170 -0.0868 -0.9961
vn 0.2112 -0.0927 -0.9730
vn 0.3546 -0.0940 -0.9303
vn -0.1992 -0.0707 0.9774
vn -0.4150 -0.0656 0.9075
vn 0.9788 -0.0778 0.1894
vn 0.9164 -0.0554 0.3964
vn 0.7893 -0.0435 0.6125
vn -0.9474 -0.0062 0.3200
vn -0.9933 -0.0107 0.1153
vn -0.9927 -0.0109 -0.1203
vn -0.8598 0.0051 0.5106
vn 0.9977 -0.0590 -0.0333
vn 0.7892 -0.0435 0.6125
vn 0.5965 -0.0196 0.8024
vn -0.9496 -0.0064 -0.3133
vn 0.9729 -0.0478 -0.2261
vn -0.7377 0.0178 0.6749
vn 0.3957 0.0092 0.9183
vn 0.9240 -0.0144 -0.3822
vn -0.8580 0.0107 -0.5135
vn 0.8214 0.0151 -0.5702
vn -0.5941 0.0396 0.8034
vn -0.6908 0.0329 -0.7223
vn 0.1966 0.0183 0.9803
vn 0.6300 0.0287 -0.7761
vn -0.5273 0.0273 -0.8492
vn -0.3853 0.0167 -0.9226
vn -0.2279 0.0273 -0.9733
vn 0.4604 0.0249 -0.8874
vn 0.6299 0.0287 -0.7761
vn 0.3546 0.0214 -0.9348
vn -0.0185 0.0283 -0.9994
vn 0.2081 0.0216 -0.9779
vn 0.0094 0.0284 0.9996
vn -0.1921 0.0405 0.9805
vn -0.4166 0.0449 0.9080
vn 0.9817 0.0535 0.1828
vn 0.9153 0.0582 0.3985
vn 0.7929 0.0886 0.6029
vn 0.9976 0.0598 -0.0339
vn -0.9427 0.1017 0.3179
vn -0.9879 0.0971 0.1208
vn -0.9896 0.0924 -0.1098
vn -0.8579 0.1090 0.5021
vn 0.7928 0.0886 0.6030
vn 0.6003 0.1201 0.7907
vn 0.9713 0.0643 -0.2289
vn -0.9456 0.0927 -0.3120
vn -0.7394 0.1218 0.6621
vn 0.4022 0.1428 0.9043
vn 0.9181 0.0864 -0.3868
vn -0.8537 0.1273 -0.5050
vn 0.8148 0.1219 -0.5668
vn -0.6914 0.1327 -0.7102
vn -0.5943 0.1488 0.7904
vn 0.2094 0.1508 0.9661
vn 0.6314 0.1373 -0.7632
vn -0.5387 0.1285 -0.8327
vn -0.3943 0.1198 -0.9111
vn 0.4692 0.1386 -0.8721
vn -0.2230 0.1181 -0.9676
vn 0.3601 0.1239 -0.9247
vn 0.2065 0.1275 -0.9701
vn -0.0178 0.1274 -0.9917
vn 0.0115 0.1464 0.9892
vn -0.1881 0.1619 0.9687
vn -0.4127 0.1597 0.8967
vn 0.9623 0.2075 0.1761
vn 0.8973 0.2161 0.3849
vn 0.7770 0.2328 0.5849
vn -0.9246 0.2257 0.3067
vn -0.9667 0.2263 0.1193
vn -0.9681 0.2310 -0.0965
vn 0.9783 0.2051 -0.0296
vn -0.8414 0.2381 0.4852
vn 0.5900 0.2534 0.7666
vn -0.9268 0.2280 -0.2985
vn 0.9521 0.2082 -0.2239
vn -0.7289 0.2420 0.6404
vn 0.4008 0.2725 0.8747
vn 0.8977 0.2231 -0.3800
vn -0.8361 0.2499 -0.4883
vn 0.7982 0.2483 -0.5489
vn -0.6850 0.2606 -0.6804
vn -0.5797 0.2709 0.7685
vn 0.2188 0.2803 0.9347
vn 0.6247 0.2563 -0.7376
vn -0.5370 0.2473 -0.8065
vn -0.3955 0.2458 -0.8850
vn 0.4707 0.2628 -0.8422
vn 0.3624 0.2508 -0.8977
vn -0.2200 0.2427 -0.9448
vn 0.2032 0.2516 -0.9463
vn -0.0139 0.2476 -0.9688
vn 0.0217 0.2804 0.9596
vn -0.1837 0.2816 0.9418
vn -0.4022 0.2762 0.8729
vn 0.9181 0.3589 0.1683
vn 0.8591 0.3632 0.3607
vn 0.7465 0.3638 0.5571
vn 0.9316 0.3625 -0.0255
vn -0.8840 0.3654 0.2915
vn -0.9234 0.3662 0.1149
vn -0.9232 0.3747 -0.0858
vn -0.8073 0.3776 0.4535
vn 0.5690 0.3836 0.7274
vn -0.8828 0.3822 -0.2730
vn 0.9093 0.3596 -0.2094
vn -0.7027 0.3806 0.6012
vn 0.3907 0.3967 0.8307
vn 0.8593 0.3628 -0.3606
vn -0.7983 0.3870 -0.4614
vn 0.7652 0.3805 -0.5193
vn -0.6617 0.3878 -0.6417
vn 0.2191 0.4122 0.8844
vn 0.6012 0.3887 -0.6982
vn -0.5596 0.3997 0.7260
vn 0.4593 0.3929 -0.7966
vn -0.5235 0.3870 -0.7590
vn -0.3844 0.3885 -0.8374
vn 0.3566 0.3905 -0.8488
vn -0.2151 0.3891 -0.8957
vn 0.0364 0.4204 0.9066
vn 0.1992 0.3881 -0.8998
vn -0.0115 0.3867 -0.9222
vn -0.1683 0.4132 0.8949
vn -0.3845 0.4086 0.8278
vn 0.7988 0.5035 0.3292
vn 0.6979 0.4971 0.5156
vn 0.8480 0.5061 0.1571
vn -0.8258 0.4957 0.2690
vn -0.8547 0.5074 0.1095
vn -0.8586 0.5070 -0.0762
vn -0.7540 0.5065 0.4182
vn 0.5314 0.5174 0.6708
vn 0.8611 0.5082 -0.0158
vn -0.8219 0.5124 -0.2490
vn 0.3669 0.5228 0.7695
vn 0.8435 0.5048 -0.1835
vn -0.6580 0.5148 0.5495
vn -0.7409 0.5289 -0.4138
vn 0.7962 0.5080 -0.3288
vn 0.7092 0.5227 -0.4730
vn 0.2092 0.5458 0.8114
vn -0.6177 0.5256 -0.5850
vn -0.5208 0.5370 0.6636
vn 0.5681 0.5217 -0.6365
vn -0.4872 0.5301 -0.6940
vn 0.4314 0.5288 -0.7309
vn -0.3577 0.5386 -0.7629
vn 0.0446 0.5528 0.8321
vn 0.3361 0.5308 -0.7780
vn -0.2021 0.5382 -0.8182
vn 0.1879 0.5332 -0.8248
vn -0.0122 0.5373 -0.8433
vn -0.3559 0.5495 0.7559
vn -0.1464 0.5533 0.8200
vn -0.0139 0.4256 0.9048
vn -0.2557 0.4340 0.8639
vn 0.0281 0.9981 0.0554
vn -0.0189 0.9992 -0.0364
vn 0.2205 0.6716 -0.7074
vn -0.0053 0.6682 -0.7440
vn -0.4672 0.4681 0.7501
vn 0.0276 0.9996 0.0057
vn 0.4180 0.6728 -0.6104
vn 0.2715 0.3754 0.8862
vn 0.0030 0.9989 0.0458
vn -0.2193 0.6726 -0.7067
vn 0.4603 0.3932 0.7959
vn -0.0557 0.9981 0.0280
vn -0.4167 0.6735 -0.6105
vn -0.8234 0.4676 0.3215
vn -0.8826 0.4608 0.0933
vn -0.0485 0.9979 0.0424
vn -0.0351 0.9994 0.0068
vn 0.7538 0.6546 -0.0564
vn 0.6990 0.6597 -0.2761
vn -0.0485 0.9979 0.0423
vn -0.8837 0.4432 -0.1505
vn -0.0847 0.9962 0.0212
vn -0.0486 0.9979 0.0424
vn 0.7479 0.6502 0.1340
vn -0.0846 0.9962 0.0212
vn -0.6733 0.4353 0.5976
vn -0.0172 0.9979 0.0620
vn 0.5834 0.6673 -0.4629
vn -0.0172 0.9979 0.0619
vn 0.7093 0.3323 0.6217
vn -0.0556 0.9981 0.0280
vn 0.0550 0.9975 0.0434
vn -0.5863 0.6649 -0.4627
vn 0.0550 0.9975 0.0435
vn 0.8777 0.3262 0.3509
vn 0.0276 0.9994 0.0227
vn -0.6991 0.6592 -0.2770
vn 0.9387 0.3286 0.1038
vn 0.0520 0.9972 0.0534
vn -0.7548 0.6540 -0.0506
vn 0.9309 0.3212 -0.1737
vn 0.0810 0.9966 0.0137
vn -0.7458 0.6538 0.1278
vn 0.0810 0.9966 0.0138
vn -0.8135 0.4516 -0.3663
vn -0.1083 0.9933 -0.0395
vn 0.6977 0.6500 0.3012
vn -0.1083 0.9933 -0.0394
vn -0.7105 0.4653 -0.5280
vn -0.0236 0.9991 -0.0340
vn 0.5890 0.6513 0.4785
vn -0.0235 0.9991 -0.0340
vn -0.5484 0.4397 -0.7113
vn -0.0471 0.9981 -0.0403
vn 0.4349 0.6466 0.6268
vn -0.0470 0.9981 -0.0402
vn -0.2665 0.4784 -0.8367
vn 0.0162 0.9997 -0.0187
vn 0.2401 0.6376 0.7320
vn -0.0061 0.4736 -0.8807
vn -0.0030 0.9999 -0.0162
vn -0.0037 0.6383 0.7698
vn -0.0029 0.9999 -0.0161
vn 0.2799 0.4356 -0.8555
vn -0.0014 0.9999 -0.0139
vn -0.2372 0.6394 0.7314
vn -0.0015 0.9999 -0.0139
vn 0.5471 0.3958 -0.7376
vn 0.0299 0.9977 -0.0606
vn -0.4383 0.6465 0.6245
vn 0.0299 0.9977 -0.0605
vn 0.7370 0.3909 -0.5513
vn 0.0483 0.9987 -0.0160
vn 0.0300 0.9977 -0.0606
vn -0.5909 0.6475 0.4812
vn 0.0482 0.9987 -0.0159
vn 0.8549 0.3324 -0.3983
vn 0.0892 0.9939 -0.0649
vn -0.6955 0.6534 0.2989
vn -0.8627 0.5038 0.0433
vn -0.8628 0.5038 0.0433
vn -0.6142 0.5190 -0.5944
vn -0.6241 0.3940 0.6748
vn 0.0820 0.3708 -0.9251
vn 0.1454 0.1525 0.9775
vn 0.6965 0.1520 -0.7013
vn 0.8607 -0.0069 0.5091
vn 0.9837 0.0207 -0.1786
vn -0.7481 0.6192 0.2387
vn -0.7711 0.6290 0.0987
vn -0.7767 0.6269 -0.0614
vn -0.6824 0.6285 0.3732
vn 0.7089 0.6438 0.2882
vn 0.6201 0.6411 0.4522
vn 0.7543 0.6409 0.1424
vn -0.7429 0.6307 -0.2243
vn 0.4760 0.6480 0.5945
vn 0.7661 0.6426 -0.0102
vn -0.5908 0.6436 0.4865
vn 0.3328 0.6524 0.6809
vn 0.7459 0.6471 -0.1577
vn -0.6634 0.6532 -0.3650
vn 0.6998 0.6543 -0.2866
vn -0.5514 0.6623 -0.5072
vn 0.1935 0.6672 0.7193
vn 0.6333 0.6571 -0.4088
vn -0.4671 0.6650 0.5828
vn 0.5016 0.6667 -0.5513
vn -0.4353 0.6664 -0.6054
vn 0.3875 0.6687 -0.6346
vn -0.3215 0.6695 -0.6696
vn 0.0471 0.6739 0.7373
vn 0.3048 0.6694 -0.6775
vn -0.3215 0.6781 0.6609
vn -0.1826 0.6780 -0.7120
vn 0.1689 0.6711 -0.7219
vn -0.1275 0.6813 0.7208
vn -0.0133 0.6793 -0.7337
vn 0.5824 0.7801 -0.2286
vn 0.4867 0.7819 -0.3897
vn 0.6287 0.7758 -0.0539
vn 0.3522 0.7819 -0.5143
vn 0.1818 0.7850 -0.5922
vn 0.0003 0.7885 -0.6151
vn -0.1801 0.7883 -0.5883
vn -0.3598 0.7801 -0.5119
vn -0.4872 0.7796 -0.3936
vn -0.5844 0.7786 -0.2287
vn -0.6292 0.7755 -0.0528
vn 0.6210 0.7767 0.1051
vn -0.6226 0.7758 0.1025
vn 0.5718 0.7773 0.2624
vn 0.4954 0.7691 0.4038
vn -0.5743 0.7765 0.2595
vn -0.4912 0.7727 0.4021
vn 0.3544 0.7700 0.5306
vn 0.1858 0.7631 0.6190
vn 0.0003 0.7619 0.6477
vn -0.1869 0.7630 0.6188
vn -0.3546 0.7703 0.5300
vn -0.6350 0.7457 0.2018
vn -0.6607 0.7457 0.0862
vn -0.7710 0.6291 0.0987
vn -0.6644 0.7459 -0.0475
vn -0.6824 0.6286 0.3732
vn -0.5774 0.7543 0.3124
vn -0.6293 0.7539 -0.1888
vn 0.5934 0.7670 0.2441
vn 0.5184 0.7688 0.3744
vn 0.3973 0.7705 0.4984
vn 0.6317 0.7656 0.1219
vn -0.4893 0.7746 0.4008
vn 0.2823 0.7806 0.5577
vn 0.6369 0.7709 -0.0068
vn -0.5581 0.7700 -0.3092
vn 0.7458 0.6472 -0.1577
vn 0.6192 0.7746 -0.1290
vn 0.1672 0.7904 0.5893
vn 0.5894 0.7733 -0.2335
vn -0.4635 0.7842 -0.4126
vn -0.3938 0.7865 0.4758
vn 0.5295 0.7806 -0.3321
vn -0.3675 0.7903 -0.4903
vn 0.4188 0.7918 -0.4445
vn 0.0468 0.8012 0.5965
vn -0.2609 0.8082 0.5280
vn -0.2680 0.7956 -0.5433
vn -0.9497 0.2506 0.1878
vn -0.6635 0.3394 -0.6668
vn -0.5643 -0.0772 0.8220
vn 0.0572 0.0947 -0.9939
vn 0.1999 -0.4841 0.8519
vn 0.6904 -0.3360 -0.6407
vn 0.7917 -0.5624 0.2386
vn 0.7917 -0.5624 0.2387
vn 0.3279 0.7929 -0.5135
vn 0.2547 0.8003 -0.5428
vn -0.1533 0.8046 -0.5737
vn -0.1018 0.8096 0.5781
vn 0.1394 0.8029 -0.5795
vn -0.0145 0.8072 -0.5901
vn -0.0133 0.6794 -0.7337
vn 0.4271 0.8869 -0.1760
vn 0.3437 0.8949 -0.2847
vn 0.4572 0.8885 -0.0396
vn 0.2505 0.8979 -0.3619
vn 0.1373 0.9001 -0.4136
vn -0.0004 0.9001 -0.4357
vn -0.1426 0.8967 -0.4190
vn -0.2487 0.8981 -0.3628
vn -0.3330 0.8995 -0.2828
vn -0.4284 0.8883 -0.1656
vn -0.4549 0.8893 -0.0467
vn 0.4613 0.8843 0.0714
vn 0.4160 0.8879 0.1964
vn -0.4572 0.8862 0.0745
vn -0.4188 0.8863 0.1975
vn 0.3454 0.8888 0.3011
vn 0.2492 0.8876 0.3875
vn 0.1217 0.8891 0.4412
vn -0.3514 0.8864 0.3013
vn -0.2465 0.8860 0.3928
vn -0.1270 0.8869 0.4441
vn -0.0004 0.8882 0.4595
vn -0.4684 0.8713 0.1462
vn -0.4830 0.8731 0.0658
vn -0.4832 0.8750 -0.0299
vn -0.4125 0.8829 0.2245
vn -0.4509 0.8828 -0.1316
vn 0.4306 0.8833 0.1852
vn 0.3674 0.8903 0.2691
vn 0.2759 0.8951 0.3502
vn 0.4567 0.8850 0.0908
vn -0.3416 0.8998 0.2714
vn 0.1944 0.9060 0.3760
vn 0.4568 0.8896 -0.0020
vn -0.3967 0.8917 -0.2180
vn 0.4469 0.8906 -0.0841
vn 0.1186 0.9143 0.3874
vn 0.4189 0.8940 -0.1593
vn -0.3257 0.8999 -0.2901
vn -0.2592 0.9162 0.3057
vn 0.3691 0.9011 -0.2275
vn -0.2543 0.9086 -0.3312
vn 0.0397 0.9293 0.3671
vn 0.2897 0.9103 -0.2957
vn -0.1563 0.9360 0.3155
vn -0.1839 0.9146 -0.3601
vn 0.2204 0.9173 -0.3317
vn 0.1761 0.9194 -0.3518
vn -0.1057 0.9216 -0.3735
vn -0.0613 0.9367 0.3447
vn 0.0942 0.9230 -0.3732
vn -0.0121 0.9228 -0.3851
vn 0.0562 0.9785 -0.1983
vn -0.0022 0.9760 -0.2177
vn 0.1118 0.9823 -0.1500
vn -0.0555 0.9814 -0.1836
vn -0.0984 0.9853 -0.1398
vn 0.1612 0.9854 -0.0554
vn 0.1424 0.9842 -0.1051
vn 0.1673 0.9859 -0.0091
vn -0.1328 0.9869 -0.0911
vn -0.1631 0.9853 -0.0502
vn -0.1775 0.9841 -0.0096
vn -0.1902 0.9799 0.0600
vn -0.1954 0.9802 0.0324
vn -0.1948 0.9808 -0.0076
vn -0.1525 0.9840 0.0920
vn 0.1717 0.9846 0.0335
vn 0.1618 0.9838 0.0771
vn 0.1372 0.9826 0.1256
vn -0.1807 0.9829 0.0365
vn -0.1669 0.9827 0.0807
vn -0.1424 0.9822 0.1221
vn 0.1383 0.9829 0.1216
vn 0.1023 0.9841 0.1453
vn 0.0696 0.9890 0.1304
vn 0.1706 0.9816 0.0859
vn 0.1777 0.9831 0.0444
vn -0.1789 0.9825 -0.0514
vn -0.0943 0.9922 0.0814
vn 0.1022 0.9806 0.1671
vn 0.0540 0.9793 0.1951
vn -0.0991 0.9812 0.1656
vn -0.0544 0.9790 0.1967
vn 0.0414 0.9926 0.1139
vn 0.1807 0.9835 0.0037
vn -0.1454 0.9869 -0.0706
vn 0.0009 0.9785 0.2064
vn 0.1651 0.9860 -0.0247
vn -0.0470 0.9961 0.0745
vn 0.0097 0.9975 0.0699
vn 0.1493 0.9874 -0.0533
vn -0.1105 0.9893 -0.0953
vn 0.1281 0.9890 -0.0743
vn -0.0870 0.9911 -0.1012
vn -0.0222 0.9980 0.0585
vn 0.0883 0.9915 -0.0951
vn -0.0614 0.9923 -0.1072
vn -0.0102 0.9988 0.0481
vn 0.0700 0.9936 -0.0884
vn -0.0375 0.9943 -0.1002
vn 0.0622 0.9940 -0.0903
vn 0.0280 0.9955 -0.0907
vn -0.0064 0.9950 -0.0992
vn 0.9769 0.0017 -0.2138
vn 0.9476 -0.1803 0.2636
vn 0.9476 -0.1804 0.2636
vn 0.8163 -0.1137 0.5663
vn 0.5178 0.5875 -0.6219
vn 0.7712 0.3693 -0.5186
vn 0.7711 0.3693 -0.5186
vn 0.9769 0.0017 -0.2139
vn 0.2224 0.2655 0.9381
vn -0.1622 0.5136 0.8426
vn 0.5769 0.0677 0.8140
vn 0.5770 0.0677 0.8140
vn -0.3737 0.7152 0.5906
vn -0.5437 0.7941 0.2715
vn -0.1622 0.5136 0.8425
vn -0.1196 0.8738 -0.4713
vn -0.3737 0.7151 0.5907
vn -0.1195 0.8738 -0.4713
vn 0.2262 0.7689 -0.5980
vn -0.4651 0.8723 -0.1509
vn -0.5438 0.7941 0.2715
vn -0.4652 0.8722 -0.1509
vn -0.5438 0.7941 0.2716
vn 0.2262 0.7689 -0.5981
vt 0.767519 0.374461
vt 0.780803 0.386582
vt 0.795189 0.363557
vt 0.782578 0.348611
vt 0.771140 0.331632
vt 0.753781 0.361795
vt 0.810536 0.346636
vt 0.800353 0.327232
vt 0.791187 0.306754
vt 0.935138 0.404942
vt 0.954198 0.407410
vt 0.948027 0.373974
vt 0.928132 0.375084
vt 0.909370 0.383820
vt 0.915970 0.408919
vt 0.935118 0.341084
vt 0.916237 0.348857
vt 0.898667 0.363006
vt 0.755010 0.401588
vt 0.771480 0.409779
vt 0.739590 0.393227
vt 0.934428 0.434117
vt 0.953687 0.439412
vt 0.916141 0.432867
vt 0.798882 0.400462
vt 0.809277 0.383126
vt 0.821634 0.368192
vt 0.975607 0.408381
vt 0.968229 0.370057
vt 0.954825 0.333468
vt 0.749840 0.426839
vt 0.767844 0.430677
vt 0.732324 0.423157
vt 0.827723 0.333325
vt 0.820167 0.310552
vt 0.812257 0.287825
vt 0.834466 0.486062
vt 0.816000 0.478272
vt 0.808920 0.499985
vt 0.830338 0.509322
vt 0.800009 0.522722
vt 0.826216 0.532886
vt 0.854818 0.486172
vt 0.853918 0.509114
vt 0.853882 0.533458
vt 0.792668 0.417376
vt 0.975274 0.444692
vt 0.757297 0.314756
vt 0.736844 0.349119
vt 0.721185 0.384311
vt 0.779741 0.286446
vt 0.790488 0.432213
vt 0.835018 0.358336
vt 0.889022 0.396466
vt 0.894361 0.413144
vt 0.881131 0.381581
vt 0.919095 0.313089
vt 0.901896 0.326467
vt 0.886882 0.344805
vt 0.799276 0.466151
vt 0.790983 0.484997
vt 0.780519 0.505790
vt 0.875739 0.502378
vt 0.874580 0.481550
vt 0.878132 0.525823
vt 0.894222 0.430852
vt 0.935346 0.299960
vt 0.911243 0.454052
vt 0.929361 0.458131
vt 0.934590 0.470892
vt 0.712594 0.419639
vt 0.750569 0.448860
vt 0.769714 0.448103
vt 0.791323 0.447969
vt 0.838828 0.461657
vt 0.823915 0.455738
vt 0.855221 0.462048
vt 0.732236 0.449867
vt 0.776087 0.471071
vt 0.758275 0.477056
vt 0.811516 0.444424
vt 0.791259 0.546256
vt 0.822052 0.557784
vt 0.853554 0.558056
vt 0.871791 0.459270
vt 0.891714 0.474841
vt 0.894019 0.495321
vt 0.899985 0.516007
vt 0.804575 0.265024
vt 0.754975 0.508046
vt 0.844837 0.326654
vt 0.841559 0.302109
vt 0.848442 0.353206
vt 0.885852 0.310607
vt 0.876394 0.332840
vt 0.897726 0.292503
vt 0.918388 0.498350
vt 0.911930 0.478177
vt 0.904782 0.464506
vt 0.890720 0.446564
vt 0.942387 0.485474
vt 0.947339 0.463280
vt 0.969455 0.473469
vt 0.839052 0.277874
vt 0.768813 0.527551
vt 0.861213 0.327455
vt 0.863913 0.311416
vt 0.857170 0.352019
vt 0.865950 0.299088
vt 0.881413 0.549504
vt 0.871103 0.368258
vt 0.740908 0.484441
vt 0.869179 0.278927
vt 0.905972 0.536873
vt 0.927085 0.517201
vt 0.959806 0.500479
vt 0.712269 0.452194
vt 0.910281 0.273209
vt 0.816513 0.424553
vt 0.872534 0.256414
vt 0.991796 0.364681
vt 0.976330 0.323606
vt 0.999567 0.407729
vt 0.819892 0.411956
vt 0.836081 0.253711
vt 0.720850 0.491950
vt 0.826424 0.400972
vt 0.834407 0.390708
vt 0.739393 0.297189
vt 0.716487 0.335323
vt 0.699687 0.375543
vt 0.954508 0.285687
vt 0.770398 0.993970
vt 0.770575 0.967252
vt 0.731827 0.972100
vt 0.869694 0.405980
vt 0.872778 0.417223
vt 0.873557 0.429911
vt 0.765712 0.264617
vt 0.843009 0.383165
vt 0.853128 0.377892
vt 0.864184 0.395956
vt 0.915097 0.558838
vt 0.940515 0.536075
vt 0.689713 0.415873
vt 0.736442 0.522304
vt 0.842760 0.439636
vt 0.831711 0.434592
vt 0.863297 0.438826
vt 0.754792 0.546614
vt 0.886482 0.573808
vt 0.798935 0.991677
vt 0.801221 0.964710
vt 0.484598 0.738868
vt 0.480942 0.713557
vt 0.515939 0.710594
vt 0.516685 0.735399
vt 0.550528 0.711711
vt 0.855304 0.583024
vt 0.925388 0.253711
vt 0.857243 0.388208
vt 0.103452 0.612709
vt 0.097462 0.586887
vt 0.064178 0.603709
vt 0.779555 0.569461
vt 0.688745 0.454139
vt 0.214972 0.611084
vt 0.222078 0.586918
vt 0.173796 0.579777
vt 0.173937 0.605882
vt 0.826893 0.990929
vt 0.831305 0.963868
vt 0.133391 0.578872
vt 0.136622 0.604398
vt 0.697237 0.499050
vt 0.866100 0.993123
vt 0.873667 0.966722
vt 0.833382 0.420519
vt 0.714929 0.535352
vt 0.838324 0.410585
vt 0.859930 0.423710
vt 0.927192 0.581950
vt 0.956681 0.557049
vt 0.850333 0.396603
vt 0.845578 0.423746
vt 0.856913 0.412490
vt 0.422875 0.732448
vt 0.412814 0.708098
vt 0.444481 0.695417
vt 0.449690 0.720953
vt 0.843882 0.403022
vt 0.690381 0.977526
vt 0.688277 0.949427
vt 0.644929 0.956113
vt 0.649116 0.984407
vt 0.730625 0.943587
vt 0.853849 0.403872
vt 0.304176 0.611471
vt 0.314032 0.583751
vt 0.270914 0.570015
vt 0.263258 0.597512
vt 0.707753 0.240277
vt 0.680579 0.241656
vt 0.679254 0.195490
vt 0.706341 0.194225
vt 0.708380 0.287376
vt 0.680557 0.289566
vt 0.582045 0.716608
vt 0.585029 0.690518
vt 0.618245 0.701416
vt 0.611797 0.726472
vt 0.770754 0.939260
vt 0.677114 0.151501
vt 0.704123 0.150919
vt 0.708658 0.331656
vt 0.680792 0.336879
vt 0.227618 0.559120
vt 0.478233 0.687504
vt 0.802972 0.936447
vt 0.515249 0.684311
vt 0.551101 0.684474
vt 0.677205 0.110005
vt 0.703965 0.111514
vt 0.847093 0.415327
vt 0.091389 0.559139
vt 0.054205 0.574858
vt 0.173332 0.552587
vt 0.834890 0.935236
vt 0.681580 0.060807
vt 0.708658 0.065255
vt 0.129945 0.551982
vt 0.878667 0.937814
vt 0.376265 0.721797
vt 0.364013 0.695364
vt 0.403053 0.680363
vt 0.911046 0.973673
vt 0.918749 0.944711
vt 0.434755 0.657432
vt 0.593164 0.647672
vt 0.624812 0.672995
vt 0.685132 0.916003
vt 0.640342 0.921943
vt 0.729131 0.910586
vt 0.323721 0.549807
vt 0.278783 0.537618
vt 0.649762 0.242586
vt 0.649172 0.196705
vt 0.649401 0.291640
vt 0.770740 0.906776
vt 0.647930 0.151847
vt 0.474800 0.649623
vt 0.649421 0.340176
vt 0.552736 0.646463
vt 0.232703 0.526918
vt 0.514334 0.646753
vt 0.804835 0.904736
vt 0.647755 0.109064
vt 0.071610 0.523164
vt 0.043619 0.542574
vt 0.202026 0.521995
vt 0.838449 0.904198
vt 0.651011 0.057554
vt 0.172701 0.520172
vt 0.140133 0.519871
vt 0.883410 0.906538
vt 0.124858 0.518583
vt 0.095312 0.518032
vt 0.350911 0.665468
vt 0.392026 0.650611
vt 0.137499 0.473033
vt 0.922924 0.912231
vt 0.412958 0.643498
vt 0.622728 0.640361
vt 0.634706 0.642684
vt 0.681615 0.869092
vt 0.635165 0.873752
vt 0.727141 0.865126
vt 0.334618 0.501617
vt 0.287671 0.490508
vt 0.606846 0.243394
vt 0.606653 0.196852
vt 0.605270 0.292943
vt 0.605640 0.151877
vt 0.770626 0.861569
vt 0.604054 0.342610
vt 0.239968 0.481150
vt 0.605728 0.107855
vt 0.807144 0.859978
vt 0.428336 0.604706
vt 0.470034 0.600245
vt 0.404041 0.602091
vt 0.053138 0.480836
vt 0.029810 0.495377
vt 0.205398 0.476483
vt 0.843153 0.859504
vt 0.607843 0.053895
vt 0.513119 0.597470
vt 0.554501 0.597182
vt 0.597294 0.598632
vt 0.171788 0.474090
vt 0.623201 0.595601
vt 0.890326 0.862332
vt 0.334632 0.622212
vt 0.377713 0.607385
vt 0.931081 0.866959
vt 0.088694 0.472752
vt 0.643628 0.598097
vt 0.678880 0.821689
vt 0.631360 0.824059
vt 0.725245 0.819438
vt 0.564133 0.243573
vt 0.564726 0.197222
vt 0.561955 0.292920
vt 0.343546 0.451698
vt 0.295373 0.443288
vt 0.563962 0.152688
vt 0.770112 0.816654
vt 0.559088 0.343781
vt 0.563738 0.107522
vt 0.245643 0.435421
vt 0.808604 0.814983
vt 0.847183 0.815192
vt 0.564219 0.052922
vt 0.043851 0.434118
vt 0.018976 0.447701
vt 0.208384 0.430703
vt 0.896197 0.817169
vt 0.566729 0.002380
vt 0.365006 0.562634
vt 0.171053 0.428429
vt 0.423570 0.556435
vt 0.467193 0.552284
vt 0.395936 0.558277
vt 0.511897 0.549933
vt 0.555009 0.549202
vt 0.599168 0.549772
vt 0.938040 0.820397
vt 0.625116 0.550274
vt 0.135608 0.426800
vt 0.649980 0.551791
vt 0.085017 0.426475
vt 0.724728 0.781847
vt 0.678004 0.782587
vt 0.629870 0.783041
vt 0.528584 0.242918
vt 0.529640 0.196833
vt 0.529643 0.152660
vt 0.525393 0.292048
vt 0.770437 0.780627
vt 0.348421 0.410178
vt 0.299217 0.403956
vt 0.529089 0.107397
vt 0.521134 0.343585
vt 0.810071 0.779844
vt 0.248479 0.398356
vt 0.529418 0.052359
vt 0.849636 0.779699
vt 0.040191 0.394961
vt 0.012786 0.406831
vt 0.209490 0.394691
vt 0.899697 0.780932
vt 0.531328 0.001042
vt 0.942468 0.783296
vt 0.170562 0.392552
vt 0.357823 0.525294
vt 0.391192 0.523400
vt 0.420906 0.521585
vt 0.465405 0.518170
vt 0.625342 0.514688
vt 0.651964 0.514742
vt 0.510955 0.516258
vt 0.554543 0.515047
vt 0.599284 0.514403
vt 0.134508 0.390666
vt 0.083672 0.389263
vt 0.725797 0.751143
vt 0.680050 0.751120
vt 0.631501 0.749634
vt 0.499194 0.241030
vt 0.501117 0.196019
vt 0.500989 0.152296
vt 0.495580 0.289714
vt 0.770732 0.750268
vt 0.352557 0.376369
vt 0.302437 0.372866
vt 0.500701 0.107219
vt 0.810253 0.749789
vt 0.490000 0.341710
vt 0.250932 0.368830
vt 0.850061 0.749679
vt 0.501084 0.052303
vt 0.900707 0.750517
vt 0.038877 0.364029
vt 0.009304 0.372985
vt 0.501768 0.000464
vt 0.210958 0.365605
vt 0.944156 0.751554
vt 0.389097 0.493388
vt 0.419497 0.491348
vt 0.354594 0.493800
vt 0.464498 0.488763
vt 0.624717 0.483839
vt 0.652381 0.483247
vt 0.598221 0.484356
vt 0.510063 0.487167
vt 0.553552 0.485561
vt 0.170215 0.363514
vt 0.134125 0.361517
vt 0.083285 0.360175
vt 0.727558 0.722346
vt 0.683411 0.721476
vt 0.635282 0.718692
vt 0.771532 0.722165
vt 0.472569 0.239288
vt 0.474860 0.194984
vt 0.475120 0.152074
vt 0.468629 0.287046
vt 0.355411 0.344690
vt 0.304959 0.343865
vt 0.810149 0.721895
vt 0.474699 0.107327
vt 0.461857 0.338672
vt 0.253036 0.341148
vt 0.849322 0.721629
vt 0.474181 0.053137
vt 0.899749 0.721464
vt 0.473522 0.001786
vt 0.038548 0.336079
vt 0.007780 0.342120
vt 0.212060 0.338858
vt 0.943026 0.721138
vt 0.352584 0.463702
vt 0.387479 0.464252
vt 0.418415 0.463144
vt 0.623934 0.454996
vt 0.652381 0.453144
vt 0.463406 0.461256
vt 0.597171 0.456328
vt 0.552824 0.458016
vt 0.509177 0.459949
vt 0.170414 0.336762
vt 0.133966 0.334616
vt 0.083145 0.333405
vt 0.729722 0.697296
vt 0.686879 0.695829
vt 0.639725 0.691315
vt 0.448784 0.237171
vt 0.450874 0.193810
vt 0.451546 0.151747
vt 0.772323 0.697207
vt 0.444189 0.284246
vt 0.356277 0.316355
vt 0.306185 0.317891
vt 0.450662 0.108112
vt 0.810006 0.697154
vt 0.436525 0.334523
vt 0.254607 0.316230
vt 0.848131 0.696245
vt 0.449664 0.055264
vt 0.897758 0.695597
vt 0.447420 0.004149
vt 0.039325 0.310089
vt 0.007359 0.314164
vt 0.213740 0.314785
vt 0.940671 0.693651
vt 0.352263 0.435881
vt 0.386425 0.437878
vt 0.417559 0.437553
vt 0.622543 0.428407
vt 0.651089 0.426004
vt 0.595959 0.430564
vt 0.462630 0.436366
vt 0.551929 0.433019
vt 0.508304 0.434720
vt 0.170701 0.312731
vt 0.133477 0.310378
vt 0.083508 0.309087
vt 0.731981 0.674233
vt 0.690357 0.672235
vt 0.644189 0.666920
vt 0.773158 0.674067
vt 0.427346 0.235271
vt 0.429605 0.193015
vt 0.430193 0.151909
vt 0.422199 0.281041
vt 0.355116 0.291029
vt 0.306460 0.294572
vt 0.429399 0.108836
vt 0.809818 0.673846
vt 0.414123 0.329840
vt 0.256051 0.293675
vt 0.846799 0.672833
vt 0.427880 0.056913
vt 0.895463 0.671517
vt 0.424639 0.007320
vt 0.214953 0.292506
vt 0.937265 0.668616
vt 0.040406 0.286751
vt 0.007895 0.289367
vt 0.621108 0.404565
vt 0.648596 0.401365
vt 0.353256 0.411641
vt 0.386503 0.413747
vt 0.417116 0.414190
vt 0.594674 0.406858
vt 0.461846 0.413394
vt 0.171084 0.290374
vt 0.550951 0.410041
vt 0.507469 0.411958
vt 0.133313 0.288142
vt 0.083812 0.286859
vt 0.693118 0.648522
vt 0.649175 0.642751
vt 0.733319 0.650653
vt 0.405559 0.233700
vt 0.407904 0.192582
vt 0.408840 0.151917
vt 0.400696 0.278368
vt 0.352670 0.265935
vt 0.306072 0.270616
vt 0.773554 0.650957
vt 0.407670 0.109883
vt 0.256949 0.270386
vt 0.809147 0.650577
vt 0.392637 0.324761
vt 0.406219 0.058808
vt 0.845704 0.649353
vt 0.892834 0.647867
vt 0.215932 0.268983
vt 0.401777 0.011207
vt 0.402719 0.362245
vt 0.382476 0.356042
vt 0.932524 0.643613
vt 0.355536 0.387447
vt 0.387136 0.390307
vt 0.618815 0.380499
vt 0.645261 0.376750
vt 0.417030 0.390959
vt 0.171592 0.267247
vt 0.593103 0.383137
vt 0.461436 0.389984
vt 0.549938 0.386714
vt 0.506571 0.388818
vt 0.084300 0.264911
vt 0.042850 0.264082
vt 0.133148 0.265783
vt 0.954231 0.230049
vt 0.959945 0.234382
vt 0.957233 0.238719
vt 0.950964 0.234199
vt 0.177644 0.843485
vt 0.187727 0.846487
vt 0.189968 0.827612
vt 0.185664 0.826326
vt 0.966156 0.238010
vt 0.964011 0.242272
vt 0.170562 0.838699
vt 0.181706 0.824263
vt 0.193782 0.824209
vt 0.190011 0.824448
vt 0.194064 0.827241
vt 0.197789 0.846030
vt 0.197841 0.823428
vt 0.198355 0.826199
vt 0.205730 0.843152
vt 0.978978 0.242341
vt 0.985604 0.242639
vt 0.985714 0.247217
vt 0.978492 0.246839
vt 0.159235 0.812653
vt 0.160793 0.822159
vt 0.177030 0.816700
vt 0.176611 0.812436
vt 0.360403 0.029920
vt 0.354210 0.028140
vt 0.354474 0.024259
vt 0.361472 0.025454
vt 0.160257 0.803831
vt 0.177079 0.808267
vt 0.972299 0.240837
vt 0.970972 0.245046
vt 0.164237 0.830683
vt 0.178857 0.820902
vt 0.055104 0.039712
vt 0.055176 0.032458
vt 0.050649 0.032004
vt 0.050883 0.039887
vt 0.213640 0.836932
vt 0.201776 0.823511
vt 0.055909 0.047088
vt 0.051696 0.047920
vt 0.218866 0.829494
vt 0.204432 0.819836
vt 0.057274 0.054065
vt 0.053191 0.055334
vt 0.222443 0.820647
vt 0.205671 0.815750
vt 0.059045 0.060732
vt 0.055702 0.062321
vt 0.223392 0.811807
vt 0.206072 0.811563
vt 0.346926 0.027569
vt 0.346981 0.023655
vt 0.163841 0.794553
vt 0.178966 0.804213
vt 0.340114 0.027800
vt 0.339548 0.023819
vt 0.169543 0.786281
vt 0.181511 0.800594
vt 0.332913 0.028965
vt 0.331807 0.025258
vt 0.177173 0.780553
vt 0.185135 0.797727
vt 0.326760 0.031368
vt 0.324765 0.027933
vt 0.185670 0.777475
vt 0.189110 0.796188
vt 0.320787 0.035128
vt 0.318630 0.031802
vt 0.195429 0.777071
vt 0.193134 0.796037
vt 0.315790 0.039516
vt 0.313531 0.036283
vt 0.204443 0.779823
vt 0.196712 0.796966
vt 0.311378 0.044790
vt 0.308658 0.042169
vt 0.212029 0.784941
vt 0.200278 0.799399
vt 0.068481 0.081641
vt 0.064808 0.074753
vt 0.061575 0.076824
vt 0.065526 0.083952
vt 0.218200 0.792425
vt 0.203230 0.803049
vt 0.061812 0.068076
vt 0.058474 0.069681
vt 0.221936 0.801888
vt 0.205019 0.807151
vt 0.983314 0.208395
vt 0.350710 0.062818
vt 0.341844 0.062264
vt 0.974656 0.206452
vt 0.334068 0.065655
vt 0.966126 0.201728
vt 0.193726 0.806847
vt 0.949351 0.225446
vt 0.091999 0.061296
vt 0.087433 0.055121
vt 0.082940 0.040750
vt 0.082932 0.032004
vt 0.084679 0.048603
vt 0.383620 0.232271
vt 0.385300 0.192040
vt 0.386412 0.151781
vt 0.379140 0.275158
vt 0.695974 0.624204
vt 0.654420 0.619202
vt 0.734713 0.626204
vt 0.385796 0.110456
vt 0.348847 0.241651
vt 0.305217 0.246720
vt 0.774486 0.626935
vt 0.371861 0.319396
vt 0.257449 0.247121
vt 0.809012 0.626443
vt 0.383836 0.061477
vt 0.844186 0.625488
vt 0.379624 0.016080
vt 0.217040 0.245814
vt 0.889912 0.623778
vt 0.046321 0.962278
vt 0.060806 0.946051
vt 0.040258 0.924182
vt 0.927294 0.619202
vt 0.358432 0.364063
vt 0.388268 0.366852
vt 0.616283 0.357181
vt 0.640591 0.352968
vt 0.416949 0.367682
vt 0.171709 0.243978
vt 0.591461 0.360046
vt 0.084354 0.242574
vt 0.045181 0.241651
vt 0.460952 0.366961
vt 0.548946 0.363817
vt 0.132546 0.243493
vt 0.505614 0.365694
vt 0.139152 0.829297
vt 0.145372 0.844080
vt 0.136988 0.812677
vt 0.155578 0.857308
vt 0.168137 0.865979
vt 0.184836 0.870756
vt 0.201669 0.870376
vt 0.215819 0.865208
vt 0.228725 0.855017
vt 0.238102 0.842268
vt 0.243951 0.826684
vt 0.139090 0.798017
vt 0.245237 0.811913
vt 0.144918 0.782317
vt 0.154945 0.769275
vt 0.243121 0.795177
vt 0.236329 0.779912
vt 0.167498 0.759621
vt 0.181698 0.754287
vt 0.198274 0.753571
vt 0.213749 0.758467
vt 0.226317 0.767304
vt 0.004496 0.844948
vt 0.026013 0.839888
vt 0.022546 0.805038
vt 0.000433 0.804654
vt 0.025545 0.768996
vt 0.003678 0.764016
vt 0.018307 0.885692
vt 0.038036 0.875825
vt 0.037135 0.735298
vt 0.017056 0.724780
vt 0.357726 0.909971
vt 0.338461 0.897187
vt 0.316436 0.929333
vt 0.332160 0.946161
vt 0.285626 0.954011
vt 0.297263 0.974048
vt 0.374257 0.871589
vt 0.353042 0.863279
vt 0.057566 0.909962
vt 0.248372 0.970167
vt 0.253767 0.992556
vt 0.383117 0.828998
vt 0.360178 0.826198
vt 0.058639 0.698708
vt 0.041494 0.683362
vt 0.382706 0.791270
vt 0.360311 0.793640
vt 0.213799 0.977049
vt 0.215379 0.999536
vt 0.375285 0.754159
vt 0.353973 0.761449
vt 0.084906 0.670914
vt 0.071296 0.651510
vt 0.075173 0.929304
vt 0.358373 0.708657
vt 0.339408 0.721420
vt 0.107395 0.656177
vt 0.097547 0.634628
vt 0.337046 0.675954
vt 0.320676 0.692888
vt 0.174778 0.975527
vt 0.172041 0.998069
vt 0.092656 0.969214
vt 0.102828 0.949598
vt 0.131305 0.646205
vt 0.124789 0.623437
vt 0.352900 0.193129
vt 0.346203 0.192919
vt 0.977582 0.078187
vt 0.984270 0.078297
vt 0.339986 0.192909
vt 0.103463 0.226670
vt 0.222120 0.229592
vt 0.106403 0.219401
vt 0.972101 0.078439
vt 0.195163 0.058536
vt 0.222130 0.222811
vt 0.108540 0.212576
vt 0.221334 0.216256
vt 0.109644 0.204545
vt 0.192583 0.065267
vt 0.317755 0.658402
vt 0.304538 0.677789
vt 0.285344 0.664905
vt 0.296127 0.643779
vt 0.169966 0.638190
vt 0.168645 0.614564
vt 0.141304 0.968439
vt 0.135359 0.989986
vt 0.256626 0.624429
vt 0.250093 0.647396
vt 0.211179 0.637835
vt 0.213739 0.614564
vt 0.115657 0.837835
vt 0.125113 0.859891
vt 0.112236 0.812961
vt 0.140042 0.877363
vt 0.158195 0.889651
vt 0.181728 0.897000
vt 0.205765 0.895970
vt 0.226192 0.888794
vt 0.244646 0.875749
vt 0.258839 0.856837
vt 0.267843 0.833617
vt 0.115258 0.790971
vt 0.124409 0.768235
vt 0.269966 0.811503
vt 0.266279 0.787032
vt 0.138448 0.749732
vt 0.157236 0.735764
vt 0.177622 0.728623
vt 0.256875 0.765406
vt 0.241817 0.746949
vt 0.223668 0.734717
vt 0.201310 0.728048
vt 0.047230 0.834811
vt 0.044620 0.804815
vt 0.047104 0.774224
vt 0.057467 0.865547
vt 0.056647 0.745143
vt 0.319822 0.885375
vt 0.300662 0.912968
vt 0.274503 0.934680
vt 0.331937 0.855839
vt 0.074099 0.895131
vt 0.242275 0.948648
vt 0.337679 0.823479
vt 0.075483 0.713563
vt 0.337853 0.795795
vt 0.211949 0.955105
vt 0.332727 0.768552
vt 0.097880 0.689661
vt 0.089223 0.912423
vt 0.320502 0.733881
vt 0.116877 0.676892
vt 0.177102 0.953852
vt 0.305133 0.709455
vt 0.113218 0.930326
vt 0.137419 0.668141
vt 0.291176 0.696672
vt 0.274979 0.685269
vt 0.172233 0.660921
vt 0.146675 0.947340
vt 0.243349 0.669379
vt 0.208578 0.660966
vt 0.149945 0.910230
vt 0.179166 0.918919
vt 0.126956 0.894363
vt 0.209030 0.918121
vt 0.234979 0.908731
vt 0.095276 0.844995
vt 0.107598 0.872452
vt 0.091159 0.813062
vt 0.258741 0.892506
vt 0.276925 0.869126
vt 0.288223 0.839305
vt 0.067473 0.830199
vt 0.065572 0.804967
vt 0.067969 0.779141
vt 0.075852 0.856164
vt 0.094711 0.785294
vt 0.106174 0.756410
vt 0.124732 0.732790
vt 0.291217 0.811450
vt 0.286709 0.780385
vt 0.274073 0.752582
vt 0.284989 0.897360
vt 0.262913 0.916403
vt 0.235229 0.927772
vt 0.301184 0.873731
vt 0.311494 0.848623
vt 0.075808 0.754565
vt 0.090423 0.881214
vt 0.148164 0.715827
vt 0.174170 0.707304
vt 0.255186 0.729989
vt 0.231889 0.714969
vt 0.209742 0.933417
vt 0.316593 0.820991
vt 0.092190 0.727828
vt 0.203338 0.706334
vt 0.316289 0.797991
vt 0.103505 0.895784
vt 0.178587 0.932429
vt 0.312387 0.775044
vt 0.111347 0.708066
vt 0.301880 0.745795
vt 0.127388 0.697127
vt 0.123420 0.912352
vt 0.288875 0.725546
vt 0.144585 0.689643
vt 0.152594 0.926816
vt 0.277363 0.714741
vt 0.174479 0.682705
vt 0.263722 0.704264
vt 0.236282 0.689846
vt 0.206157 0.682085
vt 0.254102 0.212902
vt 0.251644 0.204545
vt 0.223591 0.076829
vt 0.226943 0.068165
vt 0.255844 0.228099
vt 0.255350 0.219498
vt 0.426165 0.943563
vt 0.427014 0.921259
vt 0.430736 0.938803
vt 0.963760 0.042197
vt 0.970973 0.040353
vt 0.956619 0.046170
vt 0.229004 0.061569
vt 0.978958 0.040410
vt 0.985714 0.041545
vt 0.407261 0.916030
vt 0.403881 0.943063
vt 0.401725 0.922136
vt 0.346460 0.230519
vt 0.338832 0.230259
vt 0.331248 0.228848
vt 0.354312 0.229869
vt 0.398701 0.928654
vt 0.399208 0.936353
vt 0.361472 0.229223
vt 0.430736 0.929844
vt 0.418475 0.946660
vt 0.422163 0.916633
vt 0.410812 0.946336
vt 0.414445 0.914193
s 1
usemtl Material.001
f 739/1/1 738/2/2 740/3/3
f 740/3/3 741/4/4 739/1/1
f 741/4/4 775/5/5 774/6/6
f 774/6/6 739/1/1 741/4/4
f 743/7/7 744/8/8 741/4/4
f 741/4/4 740/3/3 743/7/7
f 744/8/8 776/9/9 775/5/5
f 775/5/5 741/4/4 744/8/8
f 749/10/10 748/11/11 750/12/12
f 750/12/12 751/13/13 749/10/10
f 751/13/13 778/14/14 777/15/15
f 777/15/15 749/10/10 751/13/13
f 758/16/16 759/17/17 751/13/13
f 751/13/13 750/12/12 758/16/16
f 759/17/17 766/18/18 778/14/14
f 778/14/14 751/13/13 759/17/17
f 737/19/19 736/20/20 738/2/2
f 738/2/2 739/1/1 737/19/19
f 739/1/1 774/6/6 756/21/21
f 756/21/21 737/19/19 739/1/1
f 747/22/22 730/23/23 748/11/11
f 748/11/11 749/10/10 747/22/22
f 752/24/24 747/22/22 749/10/10
f 749/10/10 777/15/15 752/24/24
f 738/2/2 794/25/25 797/26/26
f 797/26/26 740/3/3 738/2/2
f 740/3/3 797/26/26 809/27/27
f 809/27/27 743/7/7 740/3/3
f 748/11/11 808/28/28 804/29/29
f 804/29/29 750/12/12 748/11/11
f 750/12/12 804/29/29 803/30/30
f 803/30/30 758/16/16 750/12/12
f 735/31/31 733/32/32 736/20/20
f 736/20/20 737/19/19 735/31/31
f 779/33/33 735/31/31 737/19/19
f 737/19/19 756/21/21 779/33/33
f 757/34/34 773/35/35 744/8/8
f 744/8/8 743/7/7 757/34/34
f 773/35/35 782/36/36 776/9/9
f 776/9/9 744/8/8 773/35/35
f 715/37/37 713/38/38 714/39/39
f 714/39/39 716/40/40 715/37/37
f 714/39/39 755/41/41 754/42/42
f 754/42/42 716/40/40 714/39/39
f 717/43/43 715/37/37 716/40/40
f 716/40/40 718/44/44 717/43/43
f 716/40/40 754/42/42 746/45/45
f 746/45/45 718/44/44 716/40/40
f 736/20/20 783/46/46 794/25/25
f 794/25/25 738/2/2 736/20/20
f 730/23/23 218/47/47 808/28/28
f 808/28/28 748/11/11 730/23/23
f 775/5/5 815/48/48 805/49/49
f 805/49/49 774/6/6 775/5/5
f 774/6/6 805/49/49 810/50/50
f 810/50/50 756/21/21 774/6/6
f 776/9/9 817/51/51 815/48/48
f 815/48/48 775/5/5 776/9/9
f 733/32/32 724/52/52 783/46/46
f 783/46/46 736/20/20 733/32/32
f 743/7/7 809/27/27 792/53/53
f 792/53/53 757/34/34 743/7/7
f 778/14/14 806/54/54 802/55/55
f 802/55/55 777/15/15 778/14/14
f 766/18/18 811/56/56 806/54/54
f 806/54/54 778/14/14 766/18/18
f 760/57/57 761/58/58 759/17/17
f 759/17/17 758/16/16 760/57/57
f 761/58/58 765/59/59 766/18/18
f 766/18/18 759/17/17 761/58/58
f 713/38/38 709/60/60 712/61/61
f 712/61/61 714/39/39 713/38/38
f 712/61/61 745/62/62 755/41/41
f 755/41/41 714/39/39 712/61/61
f 718/44/44 720/63/63 719/64/64
f 719/64/64 717/43/43 718/44/44
f 718/44/44 746/45/45 742/65/65
f 742/65/65 720/63/63 718/44/44
f 777/15/15 802/55/55 795/66/66
f 795/66/66 752/24/24 777/15/15
f 758/16/16 803/30/30 807/67/67
f 807/67/67 760/57/57 758/16/16
f 726/68/68 727/69/69 747/22/22
f 747/22/22 752/24/24 726/68/68
f 727/69/69 729/70/70 730/23/23
f 730/23/23 747/22/22 727/69/69
f 756/21/21 810/50/50 816/71/71
f 816/71/71 779/33/33 756/21/21
f 732/72/72 711/73/73 733/32/32
f 733/32/32 735/31/31 732/72/72
f 711/73/73 710/74/74 724/52/52
f 724/52/52 733/32/32 711/73/73
f 800/75/75 799/76/76 713/38/38
f 713/38/38 715/37/37 800/75/75
f 801/77/77 800/75/75 715/37/37
f 715/37/37 717/43/43 801/77/77
f 735/31/31 779/33/33 784/78/78
f 784/78/78 732/72/72 735/31/31
f 708/79/79 709/60/60 710/74/74
f 710/74/74 711/73/73 708/79/79
f 711/73/73 732/72/72 731/80/80
f 731/80/80 708/79/79 711/73/73
f 708/79/79 745/62/62 712/61/61
f 708/79/79 712/61/61 709/60/60
f 799/76/76 798/81/81 709/60/60
f 709/60/60 713/38/38 799/76/76
f 755/41/41 360/82/82 358/83/83
f 358/83/83 754/42/42 755/41/41
f 754/42/42 358/83/83 814/84/84
f 814/84/84 746/45/45 754/42/42
f 790/85/85 801/77/77 717/43/43
f 717/43/43 719/64/64 790/85/85
f 721/86/86 719/64/64 720/63/63
f 720/63/63 722/87/87 721/86/86
f 720/63/63 742/65/65 734/88/88
f 734/88/88 722/87/87 720/63/63
f 782/36/36 105/89/89 817/51/51
f 817/51/51 776/9/9 782/36/36
f 731/80/80 786/90/90 745/62/62
f 745/62/62 708/79/79 731/80/80
f 770/91/91 772/92/92 773/35/35
f 773/35/35 757/34/34 770/91/91
f 757/34/34 792/53/53 787/93/93
f 787/93/93 770/91/91 757/34/34
f 763/94/94 767/95/95 765/59/59
f 765/59/59 761/58/58 763/94/94
f 761/58/58 760/57/57 762/96/96
f 762/96/96 763/94/94 761/58/58
f 722/87/87 734/88/88 728/97/97
f 728/97/97 725/98/98 722/87/87
f 723/99/99 721/86/86 722/87/87
f 722/87/87 725/98/98 723/99/99
f 752/24/24 795/66/66 789/100/100
f 789/100/100 726/68/68 752/24/24
f 727/69/69 726/68/68 725/98/98
f 725/98/98 729/70/70 727/69/69
f 728/97/97 780/101/101 729/70/70
f 729/70/70 725/98/98 728/97/97
f 726/68/68 789/100/100 723/99/99
f 723/99/99 725/98/98 726/68/68
f 729/70/70 780/101/101 753/102/102
f 753/102/102 730/23/23 729/70/70
f 753/102/102 220/103/103 218/47/47
f 218/47/47 730/23/23 753/102/102
f 772/92/92 781/104/104 782/36/36
f 782/36/36 773/35/35 772/92/92
f 745/62/62 812/105/105 360/82/82
f 360/82/82 755/41/41 745/62/62
f 768/106/106 767/95/95 763/94/94
f 763/94/94 769/107/107 768/106/106
f 769/107/107 772/92/92 770/91/91
f 770/91/91 768/106/106 769/107/107
f 787/93/93 788/108/108 768/106/106
f 768/106/106 770/91/91 787/93/93
f 768/106/106 788/108/108 767/95/95
f 771/109/109 772/92/92 769/107/107
f 769/107/107 763/94/94 771/109/109
f 746/45/45 814/84/84 813/110/110
f 813/110/110 742/65/65 746/45/45
f 765/59/59 793/111/111 811/56/56
f 811/56/56 766/18/18 765/59/59
f 732/72/72 784/78/78 785/112/112
f 785/112/112 731/80/80 732/72/72
f 798/81/81 724/52/52 710/74/74
f 710/74/74 709/60/60 798/81/81
f 763/94/94 762/96/96 764/113/113
f 764/113/113 771/109/109 763/94/94
f 764/113/113 781/104/104 772/92/92
f 772/92/92 771/109/109 764/113/113
f 719/64/64 721/86/86 790/85/85
f 789/100/100 790/85/85 721/86/86
f 721/86/86 723/99/99 789/100/100
f 734/88/88 796/114/114 791/115/115
f 791/115/115 728/97/97 734/88/88
f 791/115/115 224/116/116 780/101/101
f 780/101/101 728/97/97 791/115/115
f 779/33/33 816/71/71 822/117/117
f 822/117/117 784/78/78 779/33/33
f 760/57/57 807/67/67 102/118/118
f 102/118/118 762/96/96 760/57/57
f 780/101/101 224/116/116 220/103/103
f 220/103/103 753/102/102 780/101/101
f 731/80/80 785/112/112 786/90/90
f 745/62/62 786/90/90 812/105/105
f 767/95/95 788/108/108 793/111/111
f 793/111/111 765/59/59 767/95/95
f 742/65/65 813/110/110 796/114/114
f 796/114/114 734/88/88 742/65/65
f 724/52/52 798/81/81 818/119/119
f 818/119/119 783/46/46 724/52/52
f 762/96/96 102/118/118 80/120/120
f 80/120/120 764/113/113 762/96/96
f 804/29/29 211/121/121 143/122/122
f 143/122/122 803/30/30 804/29/29
f 808/28/28 194/123/123 211/121/121
f 211/121/121 804/29/29 808/28/28
f 783/46/46 818/119/119 819/124/124
f 819/124/124 794/25/25 783/46/46
f 80/120/120 78/125/125 781/104/104
f 781/104/104 764/113/113 80/120/120
f 784/78/78 822/117/117 824/126/126
f 824/126/126 785/112/112 784/78/78
f 794/25/25 819/124/124 830/127/127
f 830/127/127 797/26/26 794/25/25
f 797/26/26 830/127/127 831/128/128
f 831/128/128 809/27/27 797/26/26
f 815/48/48 427/129/129 429/130/130
f 429/130/130 805/49/49 815/48/48
f 805/49/49 429/130/130 430/131/131
f 430/131/131 810/50/50 805/49/49
f 781/104/104 78/125/125 105/89/89
f 105/89/89 782/36/36 781/104/104
f 803/30/30 143/122/122 100/132/132
f 100/132/132 807/67/67 803/30/30
f 217/133/47 184/134/133 193/135/123
f 194/123/123 808/28/28 218/47/47
f 806/54/54 842/136/134 841/137/135
f 841/137/135 802/55/55 806/54/54
f 802/55/55 841/137/135 821/138/136
f 821/138/136 795/66/66 802/55/55
f 817/51/51 45/139/137 427/129/129
f 427/129/129 815/48/48 817/51/51
f 809/27/27 831/128/128 823/140/138
f 823/140/138 792/53/53 809/27/27
f 787/93/93 820/141/139 793/111/111
f 793/111/111 788/108/108 787/93/93
f 811/56/56 840/142/140 842/136/134
f 842/136/134 806/54/54 811/56/56
f 796/114/114 356/143/141 222/144/142
f 222/144/142 791/115/115 796/114/114
f 791/115/115 222/144/142 224/116/116
f 810/50/50 430/131/131 432/145/143
f 432/145/143 816/71/71 810/50/50
f 785/112/112 824/126/126 317/146/144
f 317/146/144 786/90/90 785/112/112
f 792/53/53 823/140/138 820/141/139
f 820/141/139 787/93/93 792/53/53
f 826/147/145 825/148/146 799/76/76
f 799/76/76 800/75/75 826/147/145
f 801/77/77 828/149/147 826/147/145
f 826/147/145 800/75/75 801/77/77
f 789/100/100 795/66/66 821/138/136
f 821/138/136 828/149/147 790/85/85
f 790/85/85 789/100/100 821/138/136
f 786/90/90 317/146/144 305/150/148
f 305/150/148 812/105/105 786/90/90
f 825/148/146 818/119/119 798/81/81
f 798/81/81 799/76/76 825/148/146
f 801/77/77 790/85/85 828/149/147
f 813/110/110 344/151/149 356/143/141
f 356/143/141 796/114/114 813/110/110
f 219/152/103 180/153/150 184/134/133
f 184/134/133 217/133/47 219/152/103
f 359/154/82 301/155/151 303/156/152
f 303/156/152 357/157/153 359/154/82
f 357/157/153 303/156/152 332/158/154
f 333/159/154 814/84/84 358/83/83
f 807/67/67 100/132/132 70/160/155
f 70/160/155 102/118/118 807/67/67
f 793/111/111 827/161/156 840/142/140
f 840/142/140 811/56/56 793/111/111
f 104/162/89 30/163/157 43/164/137
f 45/139/137 817/51/51 105/89/89
f 812/105/105 305/150/148 302/165/158
f 302/165/158 360/82/82 812/105/105
f 814/84/84 333/159/154 344/151/149
f 344/151/149 813/110/110 814/84/84
f 816/71/71 432/145/143 450/166/159
f 450/166/159 822/117/117 816/71/71
f 793/111/111 820/141/139 827/161/156
f 101/167/118 69/168/155 34/169/160
f 34/169/160 79/170/161 101/167/118
f 223/171/116 179/172/162 180/153/150
f 180/153/150 219/152/103 223/171/116
f 34/169/160 29/173/163 77/174/164
f 77/174/164 79/170/161 34/169/160
f 822/117/117 450/166/159 366/175/165
f 366/175/165 824/126/126 822/117/117
f 221/176/142 177/177/166 179/172/162
f 179/172/162 223/171/116 221/176/142
f 818/119/119 825/148/146 832/178/167
f 832/178/167 819/124/124 818/119/119
f 77/174/164 29/173/163 30/163/157
f 30/163/157 104/162/89 77/174/164
f 824/126/126 366/175/165 281/179/168
f 281/179/168 317/146/144 824/126/126
f 819/124/124 832/178/167 839/180/169
f 839/180/169 830/127/127 819/124/124
f 821/138/136 841/137/135 829/181/170
f 829/181/170 828/149/147 821/138/136
f 356/143/141 246/182/171 178/183/166
f 178/183/166 222/144/142 356/143/141
f 823/140/138 838/184/172 827/161/156
f 827/161/156 820/141/139 823/140/138
f 829/181/170 833/185/173 826/147/145
f 826/147/145 828/149/147 829/181/170
f 833/185/173 832/178/167 825/148/146
f 825/148/146 826/147/145 833/185/173
f 842/136/134 834/186/174 829/181/170
f 829/181/170 841/137/135 842/136/134
f 316/187/144 280/188/168 278/189/175
f 278/189/175 304/190/176 316/187/144
f 830/127/127 839/180/169 837/191/177
f 837/191/177 831/128/128 830/127/127
f 210/192/178 201/193/179 132/194/180
f 132/194/180 142/195/181 210/192/178
f 193/135/123 185/196/182 201/193/179
f 201/193/179 210/192/178 193/135/123
f 831/128/128 837/191/177 838/184/172
f 838/184/172 823/140/138 831/128/128
f 840/142/140 836/197/183 834/186/174
f 834/186/174 842/136/134 840/142/140
f 141/198/184 131/199/180 96/200/185
f 96/200/185 99/201/186 141/198/184
f 428/202/130 413/203/187 414/204/188
f 414/204/188 431/205/189 428/202/130
f 426/206/190 412/207/191 413/203/187
f 413/203/187 428/202/130 426/206/190
f 343/208/149 340/209/192 244/210/171
f 244/210/171 355/211/193 343/208/149
f 184/134/133 169/212/194 185/196/182
f 185/196/182 193/135/123 184/134/133
f 431/205/189 414/204/188 420/213/195
f 420/213/195 433/214/143 431/205/189
f 44/215/137 28/216/196 412/207/191
f 412/207/191 426/206/190 44/215/137
f 827/161/156 838/184/172 836/197/183
f 836/197/183 840/142/140 827/161/156
f 99/201/186 96/200/185 68/217/197
f 68/217/197 69/168/155 99/201/186
f 304/190/176 278/189/175 279/218/198
f 279/218/198 301/155/151 304/190/176
f 180/153/150 165/219/199 169/212/194
f 169/212/194 184/134/133 180/153/150
f 301/155/151 279/218/198 284/220/200
f 284/220/200 303/156/152 301/155/151
f 303/156/152 284/220/200 310/221/201
f 310/221/201 332/158/154 303/156/152
f 332/158/154 310/221/201 340/209/192
f 340/209/192 343/208/149 332/158/154
f 433/214/143 420/213/195 442/222/202
f 442/222/202 451/223/159 433/214/143
f 835/224/203 839/180/169 832/178/167
f 832/178/167 833/185/173 835/224/203
f 30/163/157 16/225/204 27/226/196
f 27/226/196 43/164/137 30/163/157
f 834/186/174 835/224/203 833/185/173
f 833/185/173 829/181/170 834/186/174
f 69/168/155 68/217/197 9/227/205
f 9/227/205 34/169/160 69/168/155
f 179/172/162 163/228/206 165/219/199
f 165/219/199 180/153/150 179/172/162
f 839/180/169 835/224/203 837/191/177
f 838/184/172 837/191/177 836/197/183
f 451/223/159 442/222/202 364/229/207
f 364/229/207 367/230/165 451/223/159
f 9/227/205 10/231/208 29/173/163
f 29/173/163 34/169/160 9/227/205
f 836/197/183 837/191/177 835/224/203
f 835/224/203 834/186/174 836/197/183
f 177/177/166 164/232/209 163/228/206
f 163/228/206 179/172/162 177/177/166
f 29/173/163 10/231/208 16/225/204
f 16/225/204 30/163/157 29/173/163
f 365/233/165 363/234/207 276/235/210
f 276/235/210 280/188/168 365/233/165
f 245/236/211 243/237/212 164/232/209
f 164/232/209 177/177/166 245/236/211
f 280/188/168 276/235/210 273/238/213
f 273/238/213 278/189/175 280/188/168
f 340/209/192 336/239/214 242/240/215
f 242/240/215 244/210/171 340/209/192
f 201/193/179 200/241/216 130/242/217
f 130/242/217 132/194/180 201/193/179
f 185/196/182 182/243/218 200/241/216
f 200/241/216 201/193/179 185/196/182
f 131/199/180 129/244/217 93/245/219
f 93/245/219 96/200/185 131/199/180
f 413/203/187 409/246/220 410/247/221
f 410/247/221 414/204/188 413/203/187
f 412/207/191 411/248/222 409/246/220
f 409/246/220 413/203/187 412/207/191
f 169/212/194 168/249/223 182/243/218
f 182/243/218 185/196/182 169/212/194
f 414/204/188 410/247/221 418/250/224
f 418/250/224 420/213/195 414/204/188
f 278/189/175 273/238/213 275/251/225
f 275/251/225 279/218/198 278/189/175
f 28/216/196 24/252/226 411/248/222
f 411/248/222 412/207/191 28/216/196
f 310/221/201 309/253/227 336/239/214
f 336/239/214 340/209/192 310/221/201
f 96/200/185 93/245/219 67/254/228
f 67/254/228 68/217/197 96/200/185
f 279/218/198 275/251/225 283/255/229
f 283/255/229 284/220/200 279/218/198
f 284/220/200 283/255/229 309/253/227
f 309/253/227 310/221/201 284/220/200
f 165/219/199 162/256/230 168/249/223
f 168/249/223 169/212/194 165/219/199
f 420/213/195 418/250/224 441/257/231
f 441/257/231 442/222/202 420/213/195
f 16/225/204 17/258/232 23/259/233
f 23/259/233 27/226/196 16/225/204
f 68/217/197 67/254/228 54/260/234
f 54/260/234 9/227/205 68/217/197
f 163/228/206 160/261/235 162/256/230
f 162/256/230 165/219/199 163/228/206
f 442/222/202 441/257/231 369/262/236
f 369/262/236 364/229/207 442/222/202
f 9/227/205 7/263/237 8/264/238
f 8/264/238 10/231/208 9/227/205
f 9/227/205 54/260/234 7/263/237
f 164/232/209 161/265/239 160/261/235
f 160/261/235 163/228/206 164/232/209
f 10/231/208 11/266/240 15/267/241
f 15/267/241 16/225/204 10/231/208
f 16/225/204 15/267/241 17/258/232
f 363/234/207 368/268/236 277/269/242
f 277/269/242 276/235/210 363/234/207
f 8/264/238 6/270/243 11/266/240
f 11/266/240 10/231/208 8/264/238
f 243/237/212 234/271/244 161/265/239
f 161/265/239 164/232/209 243/237/212
f 276/235/210 277/269/242 274/272/245
f 274/272/245 273/238/213 276/235/210
f 337/273/246 233/274/247 242/240/215
f 242/240/215 336/239/214 337/273/246
f 200/241/216 199/275/248 128/276/249
f 128/276/249 130/242/217 200/241/216
f 182/243/218 181/277/250 199/275/248
f 199/275/248 200/241/216 182/243/218
f 129/244/217 127/278/249 91/279/251
f 91/279/251 93/245/219 129/244/217
f 409/246/220 402/280/252 403/281/253
f 403/281/253 410/247/221 409/246/220
f 411/248/222 408/282/254 402/280/252
f 402/280/252 409/246/220 411/248/222
f 410/247/221 403/281/253 417/283/255
f 417/283/255 418/250/224 410/247/221
f 168/249/223 167/284/256 181/277/250
f 181/277/250 182/243/218 168/249/223
f 24/252/226 26/285/257 408/282/254
f 408/282/254 411/248/222 24/252/226
f 93/245/219 91/279/251 71/286/258
f 71/286/258 67/254/228 93/245/219
f 418/250/224 417/283/255 440/287/259
f 440/287/259 441/257/231 418/250/224
f 162/256/230 156/288/260 167/284/256
f 167/284/256 168/249/223 162/256/230
f 273/238/213 269/289/261 272/290/262
f 272/290/262 275/251/225 273/238/213
f 274/272/245 268/291/263 269/289/261
f 269/289/261 273/238/213 274/272/245
f 17/258/232 18/292/264 25/293/257
f 25/293/257 23/259/233 17/258/232
f 67/254/228 71/286/258 50/294/265
f 50/294/265 54/260/234 67/254/228
f 160/261/235 155/295/266 156/288/260
f 156/288/260 162/256/230 160/261/235
f 441/257/231 440/287/259 372/296/267
f 372/296/267 369/262/236 441/257/231
f 275/251/225 272/290/262 282/297/268
f 282/297/268 283/255/229 275/251/225
f 283/255/229 282/297/268 306/298/269
f 306/298/269 309/253/227 283/255/229
f 309/253/227 306/298/269 331/299/270
f 331/299/270 336/239/214 309/253/227
f 50/294/265 5/300/271 7/263/237
f 7/263/237 54/260/234 50/294/265
f 331/299/270 335/301/272 337/273/246
f 337/273/246 336/239/214 331/299/270
f 161/265/239 158/302/273 155/295/266
f 155/295/266 160/261/235 161/265/239
f 7/263/237 5/300/271 6/270/243
f 6/270/243 8/264/238 7/263/237
f 368/268/236 371/303/274 290/304/275
f 290/304/275 277/269/242 368/268/236
f 234/271/244 230/305/276 158/302/273
f 158/302/273 161/265/239 234/271/244
f 277/269/242 290/304/275 268/291/263
f 268/291/263 274/272/245 277/269/242
f 11/266/240 6/270/243 13/306/277
f 13/306/277 15/267/241 11/266/240
f 337/273/246 335/301/272 229/307/278
f 229/307/278 233/274/247 337/273/246
f 13/306/277 18/292/264 17/258/232
f 17/258/232 15/267/241 13/306/277
f 199/275/248 195/308/279 126/309/280
f 126/309/280 128/276/249 199/275/248
f 181/277/250 183/310/281 195/308/279
f 195/308/279 199/275/248 181/277/250
f 402/280/252 400/311/282 401/312/283
f 401/312/283 403/281/253 402/280/252
f 408/282/254 404/313/284 400/311/282
f 400/311/282 402/280/252 408/282/254
f 127/278/249 125/314/285 90/315/286
f 90/315/286 91/279/251 127/278/249
f 403/281/253 401/312/283 416/316/287
f 416/316/287 417/283/255 403/281/253
f 167/284/256 166/317/288 183/310/281
f 183/310/281 181/277/250 167/284/256
f 26/285/257 32/318/289 404/313/284
f 404/313/284 408/282/254 26/285/257
f 417/283/255 416/316/287 439/319/290
f 439/319/290 440/287/259 417/283/255
f 91/279/251 90/315/286 72/320/291
f 72/320/291 71/286/258 91/279/251
f 156/288/260 152/321/292 166/317/288
f 166/317/288 167/284/256 156/288/260
f 155/295/266 149/322/293 152/321/292
f 152/321/292 156/288/260 155/295/266
f 440/287/259 439/319/290 449/323/294
f 449/323/294 372/296/267 440/287/259
f 18/292/264 19/324/295 31/325/289
f 31/325/289 25/293/257 18/292/264
f 71/286/258 72/320/291 51/326/296
f 51/326/296 50/294/265 71/286/258
f 158/302/273 157/327/297 149/322/293
f 149/322/293 155/295/266 158/302/273
f 372/296/267 449/323/294 293/328/298
f 292/329/298 290/304/275 371/303/274
f 51/326/296 1/330/299 5/300/271
f 5/300/271 50/294/265 51/326/296
f 269/289/261 267/331/300 271/332/301
f 271/332/301 272/290/262 269/289/261
f 268/291/263 264/333/302 267/331/300
f 267/331/300 269/289/261 268/291/263
f 272/290/262 271/332/301 285/334/303
f 285/334/303 282/297/268 272/290/262
f 282/297/268 285/334/303 307/335/304
f 307/335/304 306/298/269 282/297/268
f 306/298/269 307/335/304 327/336/305
f 327/336/305 331/299/270 306/298/269
f 230/305/276 226/337/306 157/327/297
f 157/327/297 158/302/273 230/305/276
f 327/336/305 334/338/307 335/301/272
f 335/301/272 331/299/270 327/336/305
f 5/300/271 1/330/299 4/339/308
f 4/339/308 6/270/243 5/300/271
f 290/304/275 292/329/298 264/333/302
f 264/333/302 268/291/263 290/304/275
f 335/301/272 334/338/307 225/340/306
f 225/340/306 229/307/278 335/301/272
f 6/270/243 4/339/308 12/341/309
f 12/341/309 13/306/277 6/270/243
f 13/306/277 12/341/309 19/324/295
f 19/324/295 18/292/264 13/306/277
f 186/342/310 196/343/311 195/308/279
f 195/308/279 183/310/281 186/342/310
f 196/343/311 124/344/312 126/309/280
f 126/309/280 195/308/279 196/343/311
f 400/311/282 396/345/313 395/346/314
f 395/346/314 401/312/283 400/311/282
f 401/312/283 395/346/314 415/347/315
f 415/347/315 416/316/287 401/312/283
f 404/313/284 405/348/316 396/345/313
f 396/345/313 400/311/282 404/313/284
f 170/349/317 186/342/310 183/310/281
f 183/310/281 166/317/288 170/349/317
f 123/350/312 89/351/318 90/315/286
f 90/315/286 125/314/285 123/350/312
f 416/316/287 415/347/315 438/352/319
f 438/352/319 439/319/290 416/316/287
f 32/318/289 36/353/320 405/348/316
f 405/348/316 404/313/284 32/318/289
f 152/321/292 151/354/321 170/349/317
f 170/349/317 166/317/288 152/321/292
f 89/351/318 73/355/322 72/320/291
f 72/320/291 90/315/286 89/351/318
f 439/319/290 438/352/319 447/356/323
f 447/356/323 449/323/294 439/319/290
f 149/322/293 150/357/324 151/354/321
f 151/354/321 152/321/292 149/322/293
f 19/324/295 22/358/325 35/359/320
f 35/359/320 31/325/289 19/324/295
f 73/355/322 52/360/326 51/326/296
f 51/326/296 72/320/291 73/355/322
f 157/327/297 159/361/327 150/357/324
f 150/357/324 149/322/293 157/327/297
f 449/323/294 447/356/323 297/362/328
f 297/362/328 293/328/298 449/323/294
f 226/337/306 228/363/329 159/361/327
f 159/361/327 157/327/297 226/337/306
f 52/360/326 2/364/330 1/330/299
f 1/330/299 51/326/296 52/360/326
f 292/329/298 296/365/328 265/366/331
f 265/366/331 264/333/302 292/329/298
f 264/333/302 265/366/331 266/367/332
f 266/367/332 267/331/300 264/333/302
f 267/331/300 266/367/332 270/368/333
f 270/368/333 271/332/301 267/331/300
f 334/338/307 338/369/334 227/370/329
f 227/370/329 225/340/306 334/338/307
f 271/332/301 270/368/333 286/371/335
f 286/371/335 285/334/303 271/332/301
f 285/334/303 286/371/335 308/372/336
f 308/372/336 307/335/304 285/334/303
f 307/335/304 308/372/336 326/373/337
f 326/373/337 327/336/305 307/335/304
f 326/373/337 338/369/334 334/338/307
f 334/338/307 327/336/305 326/373/337
f 1/330/299 2/364/330 3/374/338
f 3/374/338 4/339/308 1/330/299
f 12/341/309 14/375/339 22/358/325
f 22/358/325 19/324/295 12/341/309
f 4/339/308 3/374/338 14/375/339
f 14/375/339 12/341/309 4/339/308
f 186/342/310 187/376/340 197/377/341
f 197/377/341 196/343/311 186/342/310
f 196/343/311 197/377/341 134/378/342
f 134/378/342 124/344/312 196/343/311
f 396/345/313 397/379/343 394/380/344
f 394/380/344 395/346/314 396/345/313
f 395/346/314 394/380/344 419/381/345
f 419/381/345 415/347/315 395/346/314
f 405/348/316 406/382/346 397/379/343
f 397/379/343 396/345/313 405/348/316
f 170/349/317 171/383/347 187/376/340
f 187/376/340 186/342/310 170/349/317
f 123/350/312 133/384/348 92/385/349
f 92/385/349 89/351/318 123/350/312
f 415/347/315 419/381/345 443/386/350
f 443/386/350 438/352/319 415/347/315
f 151/354/321 153/387/351 171/383/347
f 171/383/347 170/349/317 151/354/321
f 36/353/320 42/388/352 406/382/346
f 406/382/346 405/348/316 36/353/320
f 89/351/318 92/385/349 74/389/353
f 74/389/353 73/355/322 89/351/318
f 150/357/324 154/390/354 153/387/351
f 153/387/351 151/354/321 150/357/324
f 438/352/319 443/386/350 448/391/355
f 448/391/355 447/356/323 438/352/319
f 159/361/327 174/392/356 154/390/354
f 154/390/354 150/357/324 159/361/327
f 22/358/325 33/393/357 41/394/352
f 41/394/352 35/359/320 22/358/325
f 447/356/323 448/391/355 319/395/358
f 319/395/358 297/362/328 447/356/323
f 73/355/322 74/389/353 53/396/359
f 53/396/359 52/360/326 73/355/322
f 228/363/329 232/397/360 174/392/356
f 174/392/356 159/361/327 228/363/329
f 265/366/331 289/398/361 288/399/362
f 288/399/362 266/367/332 265/366/331
f 296/365/328 318/400/358 289/398/361
f 289/398/361 265/366/331 296/365/328
f 266/367/332 288/399/362 287/401/363
f 287/401/363 270/368/333 266/367/332
f 338/369/334 339/402/364 231/403/365
f 231/403/365 227/370/329 338/369/334
f 328/404/366 339/402/364 338/369/334
f 338/369/334 326/373/337 328/404/366
f 270/368/333 287/401/363 291/405/367
f 291/405/367 286/371/335 270/368/333
f 286/371/335 291/405/367 311/406/368
f 311/406/368 308/372/336 286/371/335
f 308/372/336 311/406/368 328/404/366
f 328/404/366 326/373/337 308/372/336
f 52/360/326 53/396/359 40/407/369
f 40/407/369 2/364/330 52/360/326
f 2/364/330 40/407/369 21/408/370
f 21/408/370 3/374/338 2/364/330
f 14/375/339 20/409/371 33/393/357
f 33/393/357 22/358/325 14/375/339
f 3/374/338 21/408/370 20/409/371
f 20/409/371 14/375/339 3/374/338
f 187/376/340 188/410/372 198/411/373
f 198/411/373 197/377/341 187/376/340
f 197/377/341 198/411/373 136/412/374
f 136/412/374 134/378/342 197/377/341
f 171/383/347 176/413/375 188/410/372
f 188/410/372 187/376/340 171/383/347
f 397/379/343 399/414/376 398/415/377
f 398/415/377 394/380/344 397/379/343
f 394/380/344 398/415/377 421/416/378
f 421/416/378 419/381/345 394/380/344
f 406/382/346 407/417/379 399/414/376
f 399/414/376 397/379/343 406/382/346
f 133/384/348 135/418/380 94/419/381
f 94/419/381 92/385/349 133/384/348
f 153/387/351 172/420/382 176/413/375
f 176/413/375 171/383/347 153/387/351
f 419/381/345 421/416/378 444/421/383
f 444/421/383 443/386/350 419/381/345
f 42/388/352 62/422/384 407/417/379
f 407/417/379 406/382/346 42/388/352
f 92/385/349 94/419/381 76/423/385
f 76/423/385 74/389/353 92/385/349
f 154/390/354 173/424/386 172/420/382
f 172/420/382 153/387/351 154/390/354
f 443/386/350 444/421/383 452/425/387
f 452/425/387 448/391/355 443/386/350
f 174/392/356 175/426/388 173/424/386
f 173/424/386 154/390/354 174/392/356
f 448/391/355 452/425/387 322/427/389
f 322/427/389 319/395/358 448/391/355
f 33/393/357 39/428/390 61/429/384
f 61/429/384 41/394/352 33/393/357
f 74/389/353 76/423/385 56/430/391
f 56/430/391 53/396/359 74/389/353
f 232/397/360 236/431/392 175/426/388
f 175/426/388 174/392/356 232/397/360
f 318/400/358 321/432/389 299/433/393
f 299/433/393 289/398/361 318/400/358
f 289/398/361 299/433/393 295/434/394
f 295/434/394 288/399/362 289/398/361
f 339/402/364 342/435/395 235/436/392
f 235/436/392 231/403/365 339/402/364
f 288/399/362 295/434/394 294/437/396
f 294/437/396 287/401/363 288/399/362
f 330/438/397 342/435/395 339/402/364
f 339/402/364 328/404/366 330/438/397
f 311/406/368 314/439/398 330/438/397
f 330/438/397 328/404/366 311/406/368
f 287/401/363 294/437/396 298/440/399
f 298/440/399 291/405/367 287/401/363
f 291/405/367 298/440/399 314/439/398
f 314/439/398 311/406/368 291/405/367
f 53/396/359 56/430/391 46/441/400
f 46/441/400 40/407/369 53/396/359
f 40/407/369 46/441/400 38/442/401
f 38/442/401 21/408/370 40/407/369
f 20/409/371 37/443/402 39/428/390
f 39/428/390 33/393/357 20/409/371
f 21/408/370 38/442/401 37/443/402
f 37/443/402 20/409/371 21/408/370
f 188/410/372 192/444/403 205/445/404
f 205/445/404 198/411/373 188/410/372
f 198/411/373 205/445/404 138/446/405
f 138/446/405 136/412/374 198/411/373
f 399/414/376 423/447/406 422/448/407
f 422/448/407 398/415/377 399/414/376
f 398/415/377 422/448/407 424/449/408
f 424/449/408 421/416/378 398/415/377
f 176/413/375 189/450/409 192/444/403
f 192/444/403 188/410/372 176/413/375
f 407/417/379 425/451/410 423/447/406
f 423/447/406 399/414/376 407/417/379
f 135/418/380 137/452/405 97/453/411
f 97/453/411 94/419/381 135/418/380
f 421/416/378 424/449/408 445/454/412
f 445/454/412 444/421/383 421/416/378
f 172/420/382 190/455/413 189/450/409
f 189/450/409 176/413/375 172/420/382
f 62/422/384 64/456/414 425/451/410
f 425/451/410 407/417/379 62/422/384
f 94/419/381 97/453/411 81/457/415
f 81/457/415 76/423/385 94/419/381
f 173/424/386 191/458/416 190/455/413
f 190/455/413 172/420/382 173/424/386
f 444/421/383 445/454/412 453/459/417
f 453/459/417 452/425/387 444/421/383
f 175/426/388 206/460/418 191/458/416
f 191/458/416 173/424/386 175/426/388
f 452/425/387 453/459/417 362/461/419
f 362/461/419 322/427/389 452/425/387
f 39/428/390 48/462/420 63/463/414
f 63/463/414 61/429/384 39/428/390
f 76/423/385 81/457/415 66/464/421
f 66/464/421 56/430/391 76/423/385
f 236/431/392 238/465/422 206/460/418
f 206/460/418 175/426/388 236/431/392
f 321/432/389 361/466/419 320/467/423
f 320/467/423 299/433/393 321/432/389
f 299/433/393 320/467/423 313/468/424
f 313/468/424 295/434/394 299/433/393
f 342/435/395 345/469/425 237/470/422
f 237/470/422 235/436/392 342/435/395
f 341/471/426 345/469/425 342/435/395
f 342/435/395 330/438/397 341/471/426
f 295/434/394 313/468/424 300/472/427
f 300/472/427 294/437/396 295/434/394
f 314/439/398 315/473/428 341/471/426
f 341/471/426 330/438/397 314/439/398
f 294/437/396 300/472/427 312/474/429
f 312/474/429 298/440/399 294/437/396
f 298/440/399 312/474/429 315/473/428
f 315/473/428 314/439/398 298/440/399
f 56/430/391 66/464/421 55/475/430
f 55/475/430 46/441/400 56/430/391
f 46/441/400 55/475/430 49/476/431
f 49/476/431 38/442/401 46/441/400
f 37/443/402 47/477/432 48/462/420
f 48/462/420 39/428/390 37/443/402
f 38/442/401 49/476/431 47/477/432
f 47/477/432 37/443/402 38/442/401
f 192/444/403 204/478/433 209/479/434
f 209/479/434 205/445/404 192/444/403
f 205/445/404 209/479/434 140/480/435
f 140/480/435 138/446/405 205/445/404
f 189/450/409 202/481/436 204/478/433
f 204/478/433 192/444/403 189/450/409
f 423/447/406 435/482/437 434/483/438
f 434/483/438 422/448/407 423/447/406
f 422/448/407 434/483/438 436/484/439
f 436/484/439 424/449/408 422/448/407
f 425/451/410 437/485/440 435/482/437
f 435/482/437 423/447/406 425/451/410
f 137/452/405 139/486/435 98/487/441
f 98/487/441 97/453/411 137/452/405
f 424/449/408 436/484/439 446/488/442
f 446/488/442 445/454/412 424/449/408
f 190/455/413 203/489/443 202/481/436
f 202/481/436 189/450/409 190/455/413
f 64/456/414 118/490/444 437/485/440
f 437/485/440 425/451/410 64/456/414
f 97/453/411 98/487/441 95/491/445
f 95/491/445 81/457/415 97/453/411
f 191/458/416 207/492/446 203/489/443
f 203/489/443 190/455/413 191/458/416
f 445/454/412 446/488/442 459/493/447
f 459/493/447 453/459/417 445/454/412
f 206/460/418 208/494/448 207/492/446
f 207/492/446 191/458/416 206/460/418
f 453/459/417 459/493/447 374/495/449
f 374/495/449 362/461/419 453/459/417
f 81/457/415 95/491/445 75/496/450
f 75/496/450 66/464/421 81/457/415
f 238/465/422 241/497/451 208/494/448
f 208/494/448 206/460/418 238/465/422
f 48/462/420 59/498/452 117/499/444
f 117/499/444 63/463/414 48/462/420
f 345/469/425 352/500/453 240/501/451
f 240/501/451 237/470/422 345/469/425
f 361/466/419 373/502/449 353/503/454
f 353/503/454 320/467/423 361/466/419
f 320/467/423 353/503/454 324/504/455
f 324/504/455 313/468/424 320/467/423
f 346/505/456 352/500/453 345/469/425
f 345/469/425 341/471/426 346/505/456
f 313/468/424 324/504/455 323/506/457
f 323/506/457 300/472/427 313/468/424
f 66/464/421 75/496/450 65/507/458
f 65/507/458 55/475/430 66/464/421
f 315/473/428 329/508/459 346/505/456
f 346/505/456 341/471/426 315/473/428
f 300/472/427 323/506/457 325/509/460
f 325/509/460 312/474/429 300/472/427
f 312/474/429 325/509/460 329/508/459
f 329/508/459 315/473/428 312/474/429
f 55/475/430 65/507/458 58/510/461
f 58/510/461 49/476/431 55/475/430
f 47/477/432 57/511/462 59/498/452
f 59/498/452 48/462/420 47/477/432
f 49/476/431 58/510/461 57/511/462
f 57/511/462 47/477/432 49/476/431
f 209/479/434 215/512/463 145/513/464
f 145/513/464 140/480/435 209/479/434
f 204/478/433 212/514/465 215/512/463
f 215/512/463 209/479/434 204/478/433
f 435/482/437 455/515/466 454/516/467
f 454/516/467 434/483/438 435/482/437
f 434/483/438 454/516/467 456/517/468
f 456/517/468 436/484/439 434/483/438
f 437/485/440 457/518/469 455/515/466
f 455/515/466 435/482/437 437/485/440
f 139/486/435 144/519/464 106/520/470
f 106/520/470 98/487/441 139/486/435
f 202/481/436 213/521/471 212/514/465
f 212/514/465 204/478/433 202/481/436
f 436/484/439 456/517/468 458/522/472
f 458/522/472 446/488/442 436/484/439
f 98/487/441 106/520/470 103/523/473
f 103/523/473 95/491/445 98/487/441
f 203/489/443 214/524/474 213/521/471
f 213/521/471 202/481/436 203/489/443
f 118/490/444 460/525/475 457/518/469
f 457/518/469 437/485/440 118/490/444
f 446/488/442 458/522/472 461/526/476
f 461/526/476 459/493/447 446/488/442
f 207/492/446 216/527/477 214/524/474
f 214/524/474 203/489/443 207/492/446
f 208/494/448 239/528/478 216/527/477
f 216/527/477 207/492/446 208/494/448
f 95/491/445 103/523/473 88/529/479
f 88/529/479 75/496/450 95/491/445
f 459/493/447 461/526/476 376/530/480
f 376/530/480 374/495/449 459/493/447
f 60/531/452 86/532/481 460/525/475
f 460/525/475 118/490/444 60/531/452
f 241/497/451 260/533/482 239/528/478
f 239/528/478 208/494/448 241/497/451
f 373/502/449 375/534/480 370/535/483
f 370/535/483 353/503/454 373/502/449
f 352/500/453 354/536/484 259/537/482
f 259/537/482 240/501/451 352/500/453
f 353/503/454 370/535/483 350/538/485
f 350/538/485 324/504/455 353/503/454
f 75/496/450 88/529/479 87/539/486
f 87/539/486 65/507/458 75/496/450
f 351/540/487 354/536/484 352/500/453
f 352/500/453 346/505/456 351/540/487
f 324/504/455 350/538/485 348/541/488
f 348/541/488 323/506/457 324/504/455
f 329/508/459 349/542/489 351/540/487
f 351/540/487 346/505/456 329/508/459
f 323/506/457 348/541/488 347/543/490
f 347/543/490 325/509/460 323/506/457
f 325/509/460 347/543/490 349/542/489
f 349/542/489 329/508/459 325/509/460
f 57/511/462 82/544/491 84/545/481
f 84/545/481 59/498/452 57/511/462
f 65/507/458 87/539/486 83/546/492
f 83/546/492 58/510/461 65/507/458
f 704/547/493 847/548/494 658/549/495
f 658/549/495 674/550/496 704/547/493
f 639/551/497 642/552/498 673/553/496
f 673/553/496 657/554/495 639/551/497
f 847/548/494 860/555/499 660/556/500
f 660/556/500 658/549/495 847/548/494
f 640/557/501 639/551/497 657/554/495
f 657/554/495 659/558/500 640/557/501
f 701/559/502 703/560/493 673/553/496
f 673/553/496 656/561/503 701/559/502
f 642/552/498 636/562/504 656/561/503
f 656/561/503 673/553/496 642/552/498
f 700/563/505 701/559/502 656/561/503
f 656/561/503 655/564/506 700/563/505
f 636/562/504 637/565/507 655/564/506
f 655/564/506 656/561/503 636/562/504
f 58/510/461 83/546/492 82/544/491
f 82/544/491 57/511/462 58/510/461
f 857/566/508 859/567/509 688/568/510
f 688/568/510 685/569/511 857/566/508
f 646/570/512 645/571/513 684/572/511
f 684/572/511 686/573/514 646/570/512
f 858/574/509 916/575/515 670/576/516
f 670/576/516 687/577/517 858/574/509
f 647/578/518 646/570/512 686/573/514
f 686/573/514 669/579/519 647/578/518
f 861/580/520 857/566/508 685/569/511
f 685/569/511 676/581/521 861/580/520
f 645/571/513 641/582/522 675/583/523
f 675/583/523 684/572/511 645/571/513
f 860/555/499 861/580/520 676/581/521
f 676/581/521 660/556/500 860/555/499
f 641/582/522 640/557/501 659/558/500
f 659/558/500 675/583/523 641/582/522
f 908/584/524 699/585/505 654/586/525
f 654/586/525 661/587/526 908/584/524
f 637/565/507 638/588/527 662/589/528
f 662/589/528 655/564/506 637/565/507
f 907/590/529 908/584/524 661/587/526
f 661/587/526 671/591/530 907/590/529
f 638/588/527 643/592/531 672/593/530
f 672/593/530 662/589/528 638/588/527
f 906/594/532 907/590/529 671/591/530
f 671/591/530 689/595/533 906/594/532
f 643/592/531 644/596/534 690/597/533
f 690/597/533 672/593/530 643/592/531
f 902/598/535 906/594/532 689/595/533
f 689/595/533 691/599/536 902/598/535
f 644/596/534 632/600/537 692/601/538
f 692/601/538 690/597/533 644/596/534
f 916/575/515 915/602/539 668/603/540
f 668/603/540 670/576/516 916/575/515
f 650/604/541 647/578/518 669/579/519
f 669/579/519 667/605/542 650/604/541
f 915/602/539 917/606/543 681/607/544
f 681/607/544 668/603/540 915/602/539
f 648/608/545 650/604/541 667/605/542
f 667/605/542 680/609/546 648/608/545
f 917/606/543 913/610/547 694/611/548
f 694/611/548 681/607/544 917/606/543
f 649/612/549 648/608/545 680/609/546
f 680/609/546 693/613/550 649/612/549
f 913/610/547 911/614/551 698/615/552
f 698/615/552 694/611/548 913/610/547
f 653/616/553 649/612/549 693/613/550
f 693/613/550 697/617/552 653/616/553
f 911/614/551 909/618/554 696/619/555
f 696/619/555 698/615/552 911/614/551
f 652/620/556 653/616/553 697/617/552
f 697/617/552 695/621/557 652/620/556
f 909/618/554 910/622/558 683/623/559
f 683/623/559 696/619/555 909/618/554
f 651/624/560 652/620/556 695/621/557
f 695/621/557 682/625/561 651/624/560
f 910/622/558 905/626/562 679/627/563
f 679/627/563 683/623/559 910/622/558
f 635/628/564 651/624/560 682/625/561
f 682/625/561 678/629/565 635/628/564
f 904/630/562 903/631/566 665/632/567
f 665/632/567 677/633/568 904/630/562
f 634/634/569 635/628/564 678/629/565
f 678/629/565 666/635/570 634/634/569
f 903/631/566 901/636/571 663/637/572
f 663/637/572 665/632/567 903/631/566
f 633/638/573 634/634/569 666/635/570
f 666/635/570 664/639/572 633/638/573
f 901/636/571 902/598/535 691/599/536
f 691/599/536 663/637/572 901/636/571
f 632/600/537 633/638/573 664/639/572
f 664/639/572 692/601/538 632/600/537
f 859/567/509 857/566/508 851/640/574
f 850/641/575 916/575/515 858/574/509
f 850/641/575 912/642/576 915/602/539
f 915/602/539 916/575/515 850/641/575
f 843/643/577 851/640/574 857/566/508
f 857/566/508 861/580/520 843/643/577
f 915/602/539 912/642/576 917/606/543
f 860/555/499 847/548/494 843/643/577
f 843/643/577 861/580/520 860/555/499
f 912/642/576 911/614/551 913/610/547
f 913/610/547 917/606/543 912/642/576
f 912/642/576 885/644/578 909/618/554
f 909/618/554 911/614/551 912/642/576
f 707/645/579 843/643/577 847/548/494
f 847/548/494 704/547/493 707/645/579
f 885/644/578 905/626/562 910/622/558
f 910/622/558 909/618/554 885/644/578
f 701/559/502 700/563/505 706/646/579
f 707/645/579 704/547/493 702/647/502
f 883/648/578 876/649/580 903/631/566
f 903/631/566 904/630/562 883/648/578
f 874/650/581 705/651/579 699/585/505
f 699/585/505 908/584/524 874/650/581
f 903/631/566 876/649/580 901/636/571
f 908/584/524 907/590/529 874/650/581
f 876/649/580 869/652/582 902/598/535
f 902/598/535 901/636/571 876/649/580
f 906/594/532 869/652/582 874/650/581
f 874/650/581 907/590/529 906/594/532
f 902/598/535 869/652/582 906/594/532
f 455/515/466 469/653/583 467/654/584
f 467/654/584 454/516/467 455/515/466
f 454/516/467 467/654/584 463/655/585
f 463/655/585 456/517/468 454/516/467
f 457/518/469 471/656/586 469/653/583
f 469/653/583 455/515/466 457/518/469
f 215/512/463 254/657/587 148/658/588
f 148/658/588 145/513/464 215/512/463
f 212/514/465 252/659/589 254/657/587
f 254/657/587 215/512/463 212/514/465
f 456/517/468 463/655/585 465/660/590
f 465/660/590 458/522/472 456/517/468
f 144/519/464 147/661/588 122/662/591
f 122/662/591 106/520/470 144/519/464
f 213/521/471 248/663/592 252/659/589
f 252/659/589 212/514/465 213/521/471
f 460/525/475 473/664/593 471/656/586
f 471/656/586 457/518/469 460/525/475
f 106/520/470 122/662/591 120/665/594
f 120/665/594 103/523/473 106/520/470
f 214/524/474 250/666/595 248/663/592
f 248/663/592 213/521/471 214/524/474
f 458/522/472 465/660/590 475/667/596
f 475/667/596 461/526/476 458/522/472
f 216/527/477 256/668/597 250/666/595
f 250/666/595 214/524/474 216/527/477
f 461/526/476 475/667/596 393/669/598
f 393/669/598 376/530/480 461/526/476
f 103/523/473 120/665/594 112/670/599
f 112/670/599 88/529/479 103/523/473
f 239/528/478 258/671/600 256/668/597
f 256/668/597 216/527/477 239/528/478
f 85/672/481 116/673/601 472/674/593
f 473/664/593 460/525/475 86/532/481
f 260/533/482 263/675/602 258/671/600
f 258/671/600 239/528/478 260/533/482
f 375/534/480 392/676/598 388/677/603
f 388/677/603 370/535/483 375/534/480
f 354/536/484 390/678/604 262/679/602
f 262/679/602 259/537/482 354/536/484
f 370/535/483 388/677/603 384/680/605
f 384/680/605 350/538/485 370/535/483
f 88/529/479 112/670/599 109/681/606
f 109/681/606 87/539/486 88/529/479
f 386/682/607 390/678/604 354/536/484
f 354/536/484 351/540/487 386/682/607
f 82/544/491 113/683/608 115/684/601
f 115/684/601 84/545/481 82/544/491
f 350/538/485 384/680/605 380/685/609
f 380/685/609 348/541/488 350/538/485
f 349/542/489 382/686/610 386/682/607
f 386/682/607 351/540/487 349/542/489
f 87/539/486 109/681/606 107/687/611
f 107/687/611 83/546/492 87/539/486
f 348/541/488 380/685/609 378/688/612
f 378/688/612 347/543/490 348/541/488
f 347/543/490 378/688/612 382/686/610
f 382/686/610 349/542/489 347/543/490
f 83/546/492 107/687/611 113/683/608
f 113/683/608 82/544/491 83/546/492
f 609/689/613 610/690/614 641/582/522
f 641/582/522 645/571/513 609/689/613
f 601/691/615 609/689/613 645/571/513
f 645/571/513 646/570/512 601/691/615
f 610/690/614 611/692/616 640/557/501
f 640/557/501 641/582/522 610/690/614
f 611/692/616 616/693/617 639/551/497
f 639/551/497 640/557/501 611/692/616
f 616/693/617 607/694/618 642/552/498
f 642/552/498 639/551/497 616/693/617
f 607/694/618 608/695/619 636/562/504
f 636/562/504 642/552/498 607/694/618
f 608/695/619 624/696/620 637/565/507
f 637/565/507 636/562/504 608/695/619
f 624/696/620 620/697/621 638/588/527
f 638/588/527 637/565/507 624/696/620
f 620/697/621 621/698/622 643/592/531
f 643/592/531 638/588/527 620/697/621
f 621/698/622 626/699/623 644/596/534
f 644/596/534 643/592/531 621/698/622
f 600/700/624 601/691/615 646/570/512
f 646/570/512 647/578/518 600/700/624
f 626/699/623 625/701/625 632/600/537
f 632/600/537 644/596/534 626/699/623
f 599/702/626 600/700/624 647/578/518
f 647/578/518 650/604/541 599/702/626
f 612/703/627 599/702/626 650/604/541
f 650/604/541 648/608/545 612/703/627
f 625/701/625 613/704/628 633/638/573
f 633/638/573 632/600/537 625/701/625
f 613/704/628 614/705/629 634/634/569
f 634/634/569 633/638/573 613/704/628
f 622/706/630 612/703/627 648/608/545
f 648/608/545 649/612/549 622/706/630
f 623/707/631 622/706/630 649/612/549
f 649/612/549 653/616/553 623/707/631
f 627/708/632 623/707/631 653/616/553
f 653/616/553 652/620/556 627/708/632
f 619/709/633 627/708/632 652/620/556
f 652/620/556 651/624/560 619/709/633
f 618/710/634 619/709/633 651/624/560
f 651/624/560 635/628/564 618/710/634
f 614/705/629 618/710/634 635/628/564
f 635/628/564 634/634/569 614/705/629
f 468/711/583 631/712/635 630/713/636
f 630/713/636 466/714/637 468/711/583
f 466/714/637 630/713/636 629/715/638
f 629/715/638 462/716/585 466/714/637
f 470/717/639 617/718/640 631/712/635
f 631/712/635 468/711/583 470/717/639
f 462/716/585 629/715/638 628/719/641
f 628/719/641 464/720/590 462/716/585
f 253/721/587 605/722/642 598/723/643
f 598/723/643 146/724/588 253/721/587
f 146/724/588 598/723/643 595/725/644
f 595/725/644 121/726/591 146/724/588
f 251/727/589 603/728/645 605/722/642
f 605/722/642 253/721/587 251/727/589
f 472/674/593 596/729/646 617/718/640
f 617/718/640 470/717/639 472/674/593
f 121/726/591 595/725/644 592/730/647
f 592/730/647 119/731/594 121/726/591
f 247/732/592 602/733/648 603/728/645
f 603/728/645 251/727/589 247/732/592
f 464/720/590 628/719/641 615/734/649
f 615/734/649 474/735/596 464/720/590
f 249/736/650 604/737/651 602/733/648
f 602/733/648 247/732/592 249/736/650
f 119/731/594 592/730/647 583/738/652
f 583/738/652 111/739/599 119/731/594
f 255/740/597 606/741/653 604/737/651
f 604/737/651 249/736/650 255/740/597
f 474/735/596 615/734/649 597/742/654
f 597/742/654 391/743/598 474/735/596
f 116/673/601 593/744/655 596/729/646
f 596/729/646 472/674/593 116/673/601
f 257/745/600 594/746/656 606/741/653
f 606/741/653 255/740/597 257/745/600
f 391/743/598 597/742/654 590/747/657
f 590/747/657 387/748/603 391/743/598
f 261/749/602 591/750/658 594/746/656
f 594/746/656 257/745/600 261/749/602
f 111/739/599 583/738/652 582/751/659
f 582/751/659 110/752/606 111/739/599
f 114/753/608 580/754/660 593/744/655
f 593/744/655 116/673/601 114/753/608
f 387/748/603 590/747/657 589/755/661
f 589/755/661 383/756/605 387/748/603
f 848/757/662 914/758/663 912/642/576
f 912/642/576 850/641/575 848/757/662
f 843/643/577 844/759/664 849/760/662
f 849/760/662 851/640/574 843/643/577
f 914/758/663 882/761/665 885/644/578
f 885/644/578 912/642/576 914/758/663
f 843/643/577 707/645/579 844/759/664
f 884/762/578 881/763/665 877/764/580
f 846/765/666 844/759/664 707/645/579
f 845/766/666 705/651/579 874/650/581
f 877/764/580 881/763/665 871/767/667
f 871/767/667 870/768/582 877/764/580
f 870/768/582 871/767/667 873/769/668
f 873/769/668 875/770/581 870/768/582
f 874/650/581 872/771/669 845/766/666
f 389/772/604 588/773/670 591/750/658
f 591/750/658 261/749/602 389/772/604
f 587/774/671 588/773/670 389/772/604
f 389/772/604 385/775/607 587/774/671
f 383/756/605 589/755/661 586/776/672
f 586/776/672 379/777/609 383/756/605
f 110/752/606 582/751/659 581/778/673
f 581/778/673 108/779/611 110/752/606
f 381/780/610 585/781/674 587/774/671
f 587/774/671 385/775/607 381/780/610
f 108/779/611 581/778/673 580/754/660
f 580/754/660 114/753/608 108/779/611
f 379/777/609 586/776/672 584/782/675
f 584/782/675 377/783/676 379/777/609
f 377/783/676 584/782/675 585/781/674
f 585/781/674 381/780/610 377/783/676
f 574/784/677 564/785/678 610/690/614
f 610/690/614 609/689/613 574/784/677
f 573/786/679 574/784/677 609/689/613
f 609/689/613 601/691/615 573/786/679
f 564/785/678 552/787/680 611/692/616
f 611/692/616 610/690/614 564/785/678
f 552/787/680 553/788/681 616/693/617
f 616/693/617 611/692/616 552/787/680
f 553/788/681 554/789/682 607/694/618
f 607/694/618 616/693/617 553/788/681
f 554/789/682 555/790/683 608/695/619
f 608/695/619 607/694/618 554/789/682
f 555/790/683 550/791/684 624/696/620
f 624/696/620 608/695/619 555/790/683
f 550/791/684 551/792/685 620/697/621
f 620/697/621 624/696/620 550/791/684
f 551/792/685 565/793/686 621/698/622
f 621/698/622 620/697/621 551/792/685
f 565/793/686 575/794/687 626/699/623
f 626/699/623 621/698/622 565/793/686
f 570/795/688 573/786/679 601/691/615
f 601/691/615 600/700/624 570/795/688
f 569/796/689 570/795/688 600/700/624
f 600/700/624 599/702/626 569/796/689
f 575/794/687 576/797/690 625/701/625
f 625/701/625 626/699/623 575/794/687
f 576/797/690 577/798/691 613/704/628
f 613/704/628 625/701/625 576/797/690
f 563/799/692 569/796/689 599/702/626
f 599/702/626 612/703/627 563/799/692
f 562/800/693 563/799/692 612/703/627
f 612/703/627 622/706/630 562/800/693
f 561/801/694 562/800/693 622/706/630
f 622/706/630 623/707/631 561/801/694
f 571/802/695 572/803/696 618/710/634
f 618/710/634 614/705/629 571/802/695
f 572/803/696 560/804/697 619/709/633
f 619/709/633 618/710/634 572/803/696
f 577/798/691 571/802/695 614/705/629
f 614/705/629 613/704/628 577/798/691
f 559/805/698 561/801/694 623/707/631
f 623/707/631 627/708/632 559/805/698
f 560/804/697 559/805/698 627/708/632
f 627/708/632 619/709/633 560/804/697
f 631/712/635 579/806/699 578/807/700
f 578/807/700 630/713/636 631/712/635
f 630/713/636 578/807/700 567/808/701
f 567/808/701 629/715/638 630/713/636
f 617/718/640 566/809/702 579/806/699
f 579/806/699 631/712/635 617/718/640
f 629/715/638 567/808/701 549/810/703
f 549/810/703 628/719/641 629/715/638
f 605/722/642 556/811/704 547/812/705
f 547/812/705 598/723/643 605/722/642
f 598/723/643 547/812/705 541/813/706
f 541/813/706 595/725/644 598/723/643
f 603/728/645 568/814/707 556/811/704
f 556/811/704 605/722/642 603/728/645
f 596/729/646 542/815/708 566/809/702
f 566/809/702 617/718/640 596/729/646
f 595/725/644 541/813/706 538/816/709
f 538/816/709 592/730/647 595/725/644
f 602/733/648 558/817/710 568/814/707
f 568/814/707 603/728/645 602/733/648
f 628/719/641 549/810/703 546/818/711
f 546/818/711 615/734/649 628/719/641
f 604/737/651 557/819/712 558/817/710
f 558/817/710 602/733/648 604/737/651
f 592/730/647 538/816/709 531/820/713
f 531/820/713 583/738/652 592/730/647
f 606/741/653 548/821/714 557/819/712
f 557/819/712 604/737/651 606/741/653
f 615/734/649 546/818/711 544/822/715
f 544/822/715 597/742/654 615/734/649
f 593/744/655 532/823/716 542/815/708
f 542/815/708 596/729/646 593/744/655
f 594/746/656 545/824/717 548/821/714
f 548/821/714 606/741/653 594/746/656
f 597/742/654 544/822/715 543/825/718
f 543/825/718 590/747/657 597/742/654
f 583/738/652 531/820/713 530/826/719
f 530/826/719 582/751/659 583/738/652
f 591/750/658 540/827/720 545/824/717
f 545/824/717 594/746/656 591/750/658
f 580/754/660 529/828/721 532/823/716
f 532/823/716 593/744/655 580/754/660
f 590/747/657 543/825/718 536/829/722
f 536/829/722 589/755/661 590/747/657
f 588/773/670 537/830/723 540/827/720
f 540/827/720 591/750/658 588/773/670
f 539/831/724 537/830/723 588/773/670
f 588/773/670 587/774/671 539/831/724
f 589/755/661 536/829/722 533/832/725
f 533/832/725 586/776/672 589/755/661
f 582/751/659 530/826/719 528/833/726
f 528/833/726 581/778/673 582/751/659
f 581/778/673 528/833/726 529/828/721
f 529/828/721 580/754/660 581/778/673
f 585/781/674 535/834/727 539/831/724
f 539/831/724 587/774/671 585/781/674
f 586/776/672 533/832/725 534/835/728
f 534/835/728 584/782/675 586/776/672
f 584/782/675 534/835/728 535/834/727
f 535/834/727 585/781/674 584/782/675
f 524/836/729 527/837/730 554/789/682
f 554/789/682 553/788/681 524/836/729
f 522/838/731 524/836/729 553/788/681
f 553/788/681 552/787/680 522/838/731
f 527/837/730 501/839/732 555/790/683
f 555/790/683 554/789/682 527/837/730
f 501/839/732 494/840/733 550/791/684
f 550/791/684 555/790/683 501/839/732
f 518/841/734 519/842/735 564/785/678
f 564/785/678 574/784/677 518/841/734
f 515/843/736 518/841/734 574/784/677
f 574/784/677 573/786/679 515/843/736
f 519/842/735 522/838/731 552/787/680
f 552/787/680 564/785/678 519/842/735
f 494/840/733 480/844/737 551/792/685
f 551/792/685 550/791/684 494/840/733
f 480/844/737 477/845/738 565/793/686
f 565/793/686 551/792/685 480/844/737
f 477/845/738 476/846/739 575/794/687
f 575/794/687 565/793/686 477/845/738
f 579/806/699 516/847/740 514/848/741
f 514/848/741 578/807/700 579/806/699
f 578/807/700 514/848/741 513/849/742
f 513/849/742 567/808/701 578/807/700
f 566/809/702 517/850/743 516/847/740
f 516/847/740 579/806/699 566/809/702
f 512/851/744 515/843/736 573/786/679
f 573/786/679 570/795/688 512/851/744
f 510/852/745 512/851/744 570/795/688
f 570/795/688 569/796/689 510/852/745
f 507/853/746 510/852/745 569/796/689
f 569/796/689 563/799/692 507/853/746
f 483/854/747 486/855/748 577/798/691
f 577/798/691 576/797/690 483/854/747
f 486/855/748 489/856/749 571/802/695
f 571/802/695 577/798/691 486/855/748
f 476/846/739 483/854/747 576/797/690
f 576/797/690 575/794/687 476/846/739
f 547/812/705 479/857/750 481/858/751
f 481/858/751 541/813/706 547/812/705
f 541/813/706 481/858/751 493/859/752
f 493/859/752 538/816/709 541/813/706
f 556/811/704 478/860/753 479/857/750
f 479/857/750 547/812/705 556/811/704
f 568/814/707 482/861/754 478/860/753
f 478/860/753 556/811/704 568/814/707
f 567/808/701 513/849/742 511/862/755
f 511/862/755 549/810/703 567/808/701
f 542/815/708 520/863/756 517/850/743
f 517/850/743 566/809/702 542/815/708
f 504/864/757 507/853/746 563/799/692
f 563/799/692 562/800/693 504/864/757
f 502/865/758 504/864/757 562/800/693
f 562/800/693 561/801/694 502/865/758
f 489/856/749 491/866/759 572/803/696
f 572/803/696 571/802/695 489/856/749
f 491/866/759 496/867/760 560/804/697
f 560/804/697 572/803/696 491/866/759
f 538/816/709 493/859/752 497/868/761
f 497/868/761 531/820/713 538/816/709
f 558/817/710 484/869/762 482/861/754
f 482/861/754 568/814/707 558/817/710
f 549/810/703 511/862/755 509/870/763
f 509/870/763 546/818/711 549/810/703
f 499/871/764 502/865/758 561/801/694
f 561/801/694 559/805/698 499/871/764
f 496/867/760 499/871/764 559/805/698
f 559/805/698 560/804/697 496/867/760
f 557/819/712 485/872/765 484/869/762
f 484/869/762 558/817/710 557/819/712
f 532/823/716 521/873/766 520/863/756
f 520/863/756 542/815/708 532/823/716
f 531/820/713 497/868/761 525/874/767
f 525/874/767 530/826/719 531/820/713
f 548/821/714 487/875/768 485/872/765
f 485/872/765 557/819/712 548/821/714
f 546/818/711 509/870/763 508/876/769
f 508/876/769 544/822/715 546/818/711
f 545/824/717 488/877/770 487/875/768
f 487/875/768 548/821/714 545/824/717
f 544/822/715 508/876/769 506/878/771
f 506/878/771 543/825/718 544/822/715
f 529/828/721 523/879/772 521/873/766
f 521/873/766 532/823/716 529/828/721
f 540/827/720 490/880/773 488/877/770
f 488/877/770 545/824/717 540/827/720
f 543/825/718 506/878/771 505/881/774
f 505/881/774 536/829/722 543/825/718
f 530/826/719 525/874/767 526/882/775
f 526/882/775 528/833/726 530/826/719
f 537/830/723 492/883/776 490/880/773
f 490/880/773 540/827/720 537/830/723
f 536/829/722 505/881/774 503/884/777
f 503/884/777 533/832/725 536/829/722
f 528/833/726 526/882/775 523/879/772
f 523/879/772 529/828/721 528/833/726
f 495/885/778 492/883/776 537/830/723
f 537/830/723 539/831/724 495/885/778
f 535/834/727 498/886/779 495/885/778
f 495/885/778 539/831/724 535/834/727
f 533/832/725 503/884/777 500/887/780
f 500/887/780 534/835/728 533/832/725
f 534/835/728 500/887/780 498/886/779
f 498/886/779 535/834/727 534/835/728
f 523/879/772 526/882/775 524/836/729
f 524/836/729 522/838/731 523/879/772
f 519/842/735 520/863/756 521/873/766
f 521/873/766 522/838/731 519/842/735
f 522/838/731 521/873/766 523/879/772
f 526/882/775 525/874/767 527/837/730
f 527/837/730 524/836/729 526/882/775
f 525/874/767 497/868/761 501/839/732
f 501/839/732 527/837/730 525/874/767
f 497/868/761 493/859/752 494/840/733
f 494/840/733 501/839/732 497/868/761
f 493/859/752 481/858/751 480/844/737
f 480/844/737 494/840/733 493/859/752
f 519/842/735 518/841/734 517/850/743
f 517/850/743 520/863/756 519/842/735
f 480/844/737 481/858/751 479/857/750
f 479/857/750 478/860/753 477/845/738
f 477/845/738 480/844/737 479/857/750
f 514/848/741 516/847/740 515/843/736
f 512/851/744 513/849/742 514/848/741
f 514/848/741 515/843/736 512/851/744
f 518/841/734 515/843/736 516/847/740
f 516/847/740 517/850/743 518/841/734
f 478/860/753 482/861/754 476/846/739
f 476/846/739 477/845/738 478/860/753
f 482/861/754 484/869/762 483/854/747
f 483/854/747 476/846/739 482/861/754
f 512/851/744 510/852/745 511/862/755
f 511/862/755 513/849/742 512/851/744
f 511/862/755 510/852/745 509/870/763
f 507/853/746 508/876/769 509/870/763
f 509/870/763 510/852/745 507/853/746
f 506/878/771 508/876/769 507/853/746
f 507/853/746 504/864/757 506/878/771
f 503/884/777 505/881/774 504/864/757
f 504/864/757 502/865/758 503/884/777
f 504/864/757 505/881/774 506/878/771
f 500/887/780 503/884/777 502/865/758
f 502/865/758 499/871/764 500/887/780
f 498/886/779 500/887/780 499/871/764
f 499/871/764 496/867/760 498/886/779
f 495/885/778 498/886/779 496/867/760
f 496/867/760 491/866/759 495/885/778
f 490/880/773 492/883/776 491/866/759
f 491/866/759 489/856/749 490/880/773
f 491/866/759 492/883/776 495/885/778
f 486/855/748 487/875/768 488/877/770
f 488/877/770 489/856/749 486/855/748
f 489/856/749 488/877/770 490/880/773
f 485/872/765 487/875/768 486/855/748
f 486/855/748 483/854/747 485/872/765
f 483/854/747 484/869/762 485/872/765
f 871/767/667 891/888/781 879/889/782
f 879/889/782 873/769/668 871/767/667
f 878/890/783 897/891/784 845/766/666
f 845/766/666 872/771/669 878/890/783
f 881/763/665 888/892/785 886/893/786
f 886/893/786 871/767/667 881/763/665
f 887/894/787 898/895/784 892/896/788
f 886/893/786 891/888/781 871/767/667
f 865/897/789 863/898/790 844/759/664
f 844/759/664 846/765/666 865/897/789
f 868/899/791 865/897/789 846/765/666
f 866/900/792 845/766/666 897/891/784
f 853/901/793 856/902/794 849/760/662
f 849/760/662 844/759/664 853/901/793
f 862/903/795 896/904/796 852/905/797
f 863/898/790 853/901/793 844/759/664
f 914/758/663 895/906/798 893/907/799
f 893/907/799 882/761/665 914/758/663
f 882/761/665 893/907/799 889/908/785
f 899/909/800 895/906/798 914/758/663
f 914/758/663 848/757/662 899/909/800
f 855/910/801 852/905/797 900/911/802
f 854/912/803 899/909/800 848/757/662
f 880/913/783 892/896/788 898/895/784
f 887/894/787 890/914/785 867/915/791
f 867/915/791 898/895/784 887/894/787
f 890/914/785 894/916/804 864/917/789
f 864/917/789 867/915/791 890/914/785
f 894/916/804 896/904/796 862/903/795
f 862/903/795 864/917/789 894/916/804
f 852/905/797 896/904/796 900/911/802
